S. No.,Crash Date,Crash Day,Location,State,LatLong,latitude,longitude,Road Type,Crash Type,Killed,Injured,Vehicle 1,Vehicle/Object 2,Million Plus City
1,2021-12-31,Friday,Alni,Maharashtra,"18.278457450374876, 76.00957388786227",18.278457450374876,76.00957388786227,NH,Head On Collision ,4,0,Car,Tractor,Nil
2,2021-12-31,Friday,Hariharganj,Jharkhand,"24.543681356839087, 84.28057070288547",24.543681356839087,84.28057070288547,NH,Head On Collision ,6,18,Pick Up,Truck,Nil
3,2021-12-30,Thursday,Dabolim,Goa,"15.390068035586195, 73.85497360324335",15.390068035586195,73.85497360324335,NH,Fixed Object Collision,3,2,Car,Divider,Nil
4,2021-12-30,Thursday,Triplicane,Tamil Nadu,"13.067050304037062, 80.27014333317551",13.067050304037062,80.27014333317551,OR,Hit and Run,1,0,Pedestrian,Bus,Chennai
5,2021-12-30,Thursday,PS Salai Junction,Tamil Nadu,"13.039775780916695, 80.26465794801",13.039775780916695,80.26465794801,OR,Head On Collision ,1,1,Two Wheeler,Two Wheeler,Chennai
6,2021-12-30,Thursday,Lampolai,Rajasthan,"26.64362250050694, 74.19299113226057",26.64362250050694,74.19299113226057,NH,Head On Collision ,4,2,Two Wheeler,Car,Nil
7,2021-12-30,Thursday,Tanot ,Rajasthan,"27.793665237757928, 70.35519318244828",27.793665237757928,70.35519318244828,NH,Head On Collision ,2,9,Car,Car,Nil
8,2021-12-30,Thursday,Mettupalayam,Tamil Nadu,"11.299962063279324, 76.94191717015218",11.299962063279324,76.94191717015218,SH,Hit From Side,1,1,Two Wheeler,Two Wheeler,Coimbatore
9,2022-01-01,Saturday,Military Jalipa Cantt,Rajasthan,"25.808661598311467, 71.40488769828872",25.808661598311467,71.40488769828872,NH,Others,1,0,Two Wheeler,Truck,Nil
10,2021-12-31,Friday,Zaheerabad,Telangana,"17.692782870071433, 77.62231729628967",17.692782870071433,77.62231729628967,NH,Head On Collision ,4,0,Two Wheeler,Car,Nil
11,2022-01-01,Saturday,Nagarkurnool,Telangana,"16.48884543363603, 78.3091303972808",16.48884543363603,78.3091303972808,SH,Head On Collision ,2,0,Two Wheeler,Car,Nil
12,2022-01-01,Saturday,Chintapalli,Telangana,"16.526195268882535, 78.59603307218524",16.526195268882535,78.59603307218524,OR,Head On Collision ,2,0,Auto Rickshaw,Bus,Nil
13,2022-01-01,Saturday,Sikar Road,Rajasthan,"27.011963538352493, 75.76932901260889",27.011963538352493,75.76932901260889,NH,Hit and Run,1,0,Pedestrian,Car,Jaipur
14,2022-01-01,Saturday,Pista Chowk,Bihar,"25.188347677151736, 86.97434233075197",25.188347677151736,86.97434233075197,SH,Others,3,0,Two Wheeler,Truck,Nil
15,2022-01-01,Saturday,Sikandarpur,Bihar,"25.242396484247, 86.98888681844828",25.242396484247,86.98888681844828,OR,Head On Collision ,2,4,Two Wheeler,Two Wheeler,Nil
16,2022-01-01,Saturday,Muzaffarnagar,Uttar Pradesh,"29.47257166225623, 77.71737212387585",29.47257166225623,77.71737212387585,SH,Others,2,2,Bus,Truck,Nil
17,2022-01-01,Saturday,Arilova,Andhra Pradesh,"17.76444710552003, 83.31365612724099",17.76444710552003,83.31365612724099,OR,Head On Collision ,3,1,Two Wheeler,Two Wheeler,Vizag
18,2021-12-31,Friday,Injambakkam,Tamil Nadu,"12.917305822072388, 80.25066287055597",12.917305822072388,80.25066287055597,SH,Fixed Object Collision,1,0,Two Wheeler,Divider,Chennai
19,2022-01-01,Saturday,Sitra Junction,Tamil Nadu,"11.038158152772837, 77.03756589670454",11.038158152772837,77.03756589670454,NH,Hit From Side,1,0,Two Wheeler,Bus,Coimbatore
20,2022-01-01,Saturday,Targhar ,Maharashtra,"18.991748018503824, 73.03711475232855",18.991748018503824,73.03711475232855,NH,Hit and Run,1,1,Two Wheeler,Unidentified,Mumbai
21,2022-01-01,Saturday,Ulwe Bridge,Maharashtra,"18.976004872607675, 73.03152779361652",18.976004872607675,73.03152779361652,OR,Hit and Run,1,0,Two Wheeler,Unidentified,Mumbai
22,2022-01-02,Sunday,Hokrani Cross,Karnataka,"16.572508890221638, 75.9754540804605",16.572508890221638,75.9754540804605,SH,Others,1,4,Car,Two Wheeler,Nil
23,2022-01-02,Sunday,Bevur Cross,Karnataka,"14.89006685560942, 76.22398648067914",14.89006685560942,76.22398648067914,SH,Vehicle Overturn,1,7,Car,Nil,Nil
24,2022-01-02,Sunday,Sidedahalli,Karnataka,"13.066746957230484, 77.50327116691861",13.066746957230484,77.50327116691861,SH,With Parked Vehicle,1,0,Two Wheeler,Truck,Bengaluru
25,2022-01-02,Sunday,Nagavara,Karnataka,"13.040914155489357, 77.61704511801918",13.040914155489357,77.61704511801918,NH,Fixed Object Collision,1,1,Two Wheeler,Pole,Bengaluru
26,2022-01-04,Tuesday,Peroorkada,Kerala,"8.541149770701736, 76.97003582907308",8.541149770701736,76.97003582907308,SH,Fixed Object Collision,3,0,Two Wheeler,Tree,Thiruvananthapuram
27,2022-01-02,Sunday,Vhanali,Maharashtra,"16.5081867897076, 74.22019958556264",16.5081867897076,74.22019958556264,OR,Hit From Side,2,6,Truck,Tractor,Nil
28,2022-01-04,Tuesday,Bala,Gujarat,"22.776769204616333, 71.72962248310266",22.776769204616333,71.72962248310266,SH,Run Off Road,2,0,Car,Nil,Nil
29,2022-01-03,Monday,Gondal,Gujarat,"21.972787525777935, 70.78862073790624",21.972787525777935,70.78862073790624,NH,Head On Collision ,2,0,Car,Truck,Nil
30,2022-01-03,Monday,Dhrol,Gujarat,"22.560348618536842, 70.4258539831936",22.560348618536842,70.4258539831936,SH,Others,2,0,Two Wheeler,Bus,Nil
31,2022-01-03,Monday,Undri,Maharashtra,"18.45072219760597, 73.91614459634192",18.45072219760597,73.91614459634192,NH,Hit From Back,1,0,Car,Truck,Pune
32,2022-01-02,Sunday,Katraj-Dehu Bypass,Maharashtra,"18.486331175038483, 73.79708554934217",18.486331175038483,73.79708554934217,NH,Hit and Run,1,0,Two Wheeler,Unidentified,Pune
33,2022-01-04,Tuesday,Gadar Juddda,Uttarakhand,"29.794701671789223, 77.83802738617437",29.794701671789223,77.83802738617437,OR,Others,2,1,Two Wheeler,Truck,Nil
34,2022-01-02,Sunday,Gomtinagar,Uttar Pradesh,"26.847744161614127, 81.00770583339522",26.847744161614127,81.00770583339522,NH,Hit and Run,1,0,Pedestrian,Unidentified,Lucknow
35,2022-01-06,Thursday,Purvanchal Expressway Sultanpur,Uttar Pradesh,"26.23244327782419, 82.075673988543",26.23244327782419,82.075673988543,NH,Fixed Object Collision,4,2,SUV,Divider,Nil
36,2022-01-04,Tuesday,Shantinagar,Madhya Pradesh,"22.69729187357254, 75.90860390970307",22.69729187357254,75.90860390970307,OR,Others,1,2,Two Wheeler,Two Wheeler,Indore
37,2022-01-04,Tuesday,Manpur,Madhya Pradesh,"22.43115195743422, 75.61763951190622",22.43115195743422,75.61763951190622,NH,Run Off Road,1,0,Two Wheeler,Nil,Nil
38,2022-01-05,Wednesday,Santhipuram,Kerala,"9.478253797120738, 76.63121917622244",9.478253797120738,76.63121917622244,OR,Run Off Road,1,0,Auto Rickshaw,Nil,Nil
39,2022-01-06,Thursday,Hatherua Turn,Uttar Pradesh,"26.172269871051377, 79.96053447979006",26.172269871051377,79.96053447979006,SH,Fixed Object Collision,3,0,Car,Tree,Nil
40,2022-01-06,Thursday,Lambasingi,Andhra Pradesh,"17.819637365225628, 82.4917244273879",17.819637365225628,82.4917244273879,NH,Others,1,1,Two Wheeler,Lorry,Nil
41,2022-01-05,Wednesday,Patancheru,Telangana,"17.52559528053733, 78.27114402473659",17.52559528053733,78.27114402473659,NH,Fixed Object Collision,3,2,Auto Rickshaw,Divider,Nil
42,2022-01-06,Thursday,ORR PES College,Karnataka,"12.93497388725656, 77.53145535271094",12.93497388725656,77.53145535271094,SH,Fixed Object Collision,2,0,Two Wheeler,Divider,Bengaluru
43,2022-01-06,Thursday,Nagarbhavi Junction,Karnataka,"12.967955279692166, 77.52407059158364",12.967955279692166,77.52407059158364,OR,Fixed Object Collision,1,0,Two Wheeler,Divider,Bengaluru
44,2022-01-06,Thursday,Chinyalisour,Uttarakhand,"30.56554678240335, 78.32522300136368",30.56554678240335,78.32522300136368,NH,Vehicle Overturn,1,4,Car,Gorge,Nil
45,2022-01-07,Friday,Sahaspur Bridge,Uttarakhand,"30.38157293024726, 77.79771572590872",30.38157293024726,77.79771572590872,OR,Run Off Road,1,1,Car,Nil,Nil
46,2022-01-07,Friday,NICE Road,Karnataka,"12.858376301854657, 77.52802094205354",12.858376301854657,77.52802094205354,OR,Hit From Back,4,0,SUV,Truck,Bengaluru
47,2022-01-07,Friday,Sola Overbridge,Gujarat,"23.059882776138668, 72.52057320671621",23.059882776138668,72.52057320671621,NH,Hit From Back,1,0,SUV,Truck,Ahmedabad
48,2022-01-08,Saturday,Gopalapuram,Andhra Pradesh,"17.10266311413749, 81.54442477542945",17.10266311413749,81.54442477542945,NH,Others,1,0,Two Wheeler,Tractor,Nil
49,2022-01-08,Saturday,Jeelkunta,Andhra Pradesh,"17.033617916586227, 80.64713177640807",17.033617916586227,80.64713177640807,NH,Head On Collision ,1,0,Two Wheeler,Car,Nil
50,2022-01-09,Sunday,Nandgaon,Maharashtra,"20.313796870359038, 74.66384510003404",20.313796870359038,74.66384510003404,SH,Head On Collision ,4,14,Bus,Truck,Nil
51,2022-01-09,Sunday,Botad,Gujarat,"22.17985011402323, 71.65078918083432",22.17985011402323,71.65078918083432,SH,Hit and Run,5,10,Van,Unidentified,Nil
52,2022-01-09,Sunday,Sheekanagar,Andhra Pradesh,"17.716464062931237, 83.20411089794794",17.716464062931237,83.20411089794794,SH,Others,1,0,Two Wheeler,Two Wheeler,Vizag
53,2022-01-09,Sunday,Botad,Gujarat,"22.15122333271011, 71.65877930084991",22.15122333271011,71.65877930084991,NH,Others,5,10,Van,Unidentified,Nil
54,2022-01-09,Sunday,Lawan,Chhattisgarh,"21.644400876907138, 82.34278934682449",21.644400876907138,82.34278934682449,NH,Run Off Road,1,5,SUV,Nil,Nil
55,2022-01-09,Sunday,Mumbai Naka,Maharashtra,"19.9864533330699, 73.78419165143977",19.9864533330699,73.78419165143977,NH,Others,1,0,Bicycle,Unidentified,Mumbai
56,2022-01-10,Monday,Kumbalagodu,Karnataka,"12.879137929078608, 77.4456388022993",12.879137929078608,77.4456388022993,NH,Others,6,0,Two Wheeler,Truck,Nil
57,2022-01-10,Monday,Navale Bridge,Maharashtra,"18.46087329898162, 73.82215405131329",18.46087329898162,73.82215405131329,NH,Hit From Back,1,1,Two Wheeler,Truck,Pune
58,2022-01-09,Sunday,Arjunahalli Gate,Karnataka,"12.52753677679566, 76.3833438370817",12.52753677679566,76.3833438370817,OR,Hit and Run,2,1,Two Wheeler,Truck,Nil
59,2022-01-09,Sunday,Kishangarh,Rajasthan,"26.589105945186247, 74.85948627660595",26.589105945186247,74.85948627660595,NH,Others,1,1,Two Wheeler,Truck,Nil
60,2022-01-09,Sunday,Mirchi Hotel,Maharashtra,"20.006780537290215, 73.8291134262243",20.006780537290215,73.8291134262243,OR,Others,1,0,Two Wheeler,Truck,Nashik
61,2022-01-09,Sunday,RTO Office ,Maharashtra,"20.033277226299347, 73.79524144570404",20.033277226299347,73.79524144570404,NH,Fixed Object Collision,1,0,Two Wheeler,Pole,Nashik
62,2022-01-09,Sunday,Nashik Road,Maharashtra,"19.969737942887757, 73.81769001774795",19.969737942887757,73.81769001774795,SH,Head On Collision ,2,0,Two Wheeler,Two Wheeler,Nashik
63,2022-01-11,Tuesday,Adigoppula,Andhra Pradesh,"16.436925517988787, 79.61217474801305",16.436925517988787,79.61217474801305,SH,Run Off Road,3,0,Car,Canal,Nil
64,2022-01-09,Sunday,Konankunte Cross,Karnataka,"12.889577748612352, 77.56353894092923",12.889577748612352,77.56353894092923,OR,Hit and Run,1,1,Pedestrian,Unidentified,Bengaluru
65,2022-01-12,Wednesday,Atlas Chowk,Haryana,"28.490430130784237, 77.08153241633956",28.490430130784237,77.08153241633956,NH,With Parked Vehicle,1,0,Car,Truck,Nil
66,2022-01-12,Wednesday,Budihal Cross,Karnataka,"13.130457182123903, 77.35974095043811",13.130457182123903,77.35974095043811,NH,Others,1,0,Two Wheeler,Pick Up,Nil
67,2022-01-14,Friday,Kananakatte,Karnataka,"14.553328636829782, 76.43302899167439",14.553328636829782,76.43302899167439,NH,Fixed Object Collision,7,0,Car,Divider,Nil
68,2022-01-13,Thursday,Vajarahalli Cross,Karnataka,"12.874086694098173, 77.54072195604662",12.874086694098173,77.54072195604662,OR,Others,1,1,Two Wheeler,Truck,Bengaluru
69,2022-01-13,Thursday,Bicholi Mardana,Madhya Pradesh,"22.708244322203562, 75.92920211827541",22.708244322203562,75.92920211827541,NH,Others,3,3,Two Wheeler,Pick Up,Indore
70,2022-01-14,Friday,Ratnamala Square ,Maharashtra,"20.23465588078181, 79.01543924056895",20.23465588078181,79.01543924056895,NH,Head On Collision ,2,12,Bus,Truck,Nil
71,2022-01-14,Friday,Pozhiyoor,Kerala,"8.30188369743812, 77.09326536242052",8.30188369743812,77.09326536242052,OR,Hit and Run,1,0,Pedestrian,Unidentified,Nil
72,2022-01-14,Friday,Kolkata Airport,West Bengal,"22.64953470429659, 88.43818561245637",22.64953470429659,88.43818561245637,OR,Vehicle Overturn,1,0,Tractor,Nil,Kolkata
73,2022-01-14,Friday,Kakkanad,Kerala,"10.011092687874317, 76.3421924153654",10.011092687874317,76.3421924153654,SH,Fixed Object Collision,1,1,Two Wheeler,Divider,Nil
74,2022-01-15,Saturday,Colva ,Goa,"15.281550861387068, 73.94696758933536",15.281550861387068,73.94696758933536,OR,Others,2,0,Two Wheeler,Car,Nil
75,2022-01-15,Saturday,Chimrani,Rajasthan,"27.118968964289532, 73.67248311917048",27.118968964289532,73.67248311917048,NH,Others,5,2,Car,Bus,Nil
76,2022-01-15,Saturday,Vatva,Gujarat,"22.961108702798008, 72.61966017499154",22.961108702798008,72.61966017499154,OR,Hit and Run,2,0,Two Wheeler,Unidentified,Ahmedabad
77,2022-01-16,Sunday,Laklaka,Madhya Pradesh,"23.523684332362315, 79.37929010088607",23.523684332362315,79.37929010088607,OR,Head On Collision ,3,2,Two Wheeler,Two Wheeler,Nil
78,2022-01-16,Sunday,Mandla,Madhya Pradesh,"22.601570130287165, 80.38020370045963",22.601570130287165,80.38020370045963,SH,Run Off Road,3,0,Tractor,Nil,Nil
79,2022-01-16,Sunday,Sailana,Madhya Pradesh,"23.459623017585365, 74.92905852422956",23.459623017585365,74.92905852422956,OR,Hit and Run,1,0,Pedestrian,Car,Nil
80,2022-01-15,Saturday,Jandiali,Punjab,"31.21441147347508, 75.62514255479414",31.21441147347508,75.62514255479414,OR,Hit From Back,2,1,Two Wheeler,Car,Nil
81,2022-01-17,Monday,Sahson Crossing,Uttar Pradesh,"25.484100715535924, 81.97930524084148",25.484100715535924,81.97930524084148,SH,Hit and Run,1,0,Pedestrian,Van,Nil
82,2022-01-17,Monday,Gurukul Vidhyala Road,Uttar Pradesh,"25.513167610968466, 81.8661763224527",25.513167610968466,81.8661763224527,NH,Vehicle Overturn,1,1,Truck,Canal,Prayagraj
83,2022-01-16,Sunday,Powai,Maharashtra,"19.121440192296998, 72.90781946380115",19.121440192296998,72.90781946380115,OR,Others,1,2,Two Wheeler,Truck,Mumbai
84,2022-01-18,Tuesday,Khanpur,Rajasthan,"24.767306763386095, 76.39400027518448",24.767306763386095,76.39400027518448,NH,Others,1,2,Nil,Nil,Nil
85,2022-01-18,Tuesday,Katesar,Uttar Pradesh,"27.76748297692978, 80.84767138661462",27.76748297692978,80.84767138661462,SH,Hit From Side,1,1,Two Wheeler,Truck,Nil
86,2022-01-16,Sunday,Hotel Shetkari Mala ,Maharashtra,"18.553896418910426, 73.7243675904804",18.553896418910426,73.7243675904804,OR,Run Off Road,1,0,Two Wheeler,Nil,Pune
87,2022-01-15,Saturday,Oberoi Mall,Maharashtra,"19.17442005976027, 72.85976934887162",19.17442005976027,72.85976934887162,OR,Head On Collision ,2,1,Two Wheeler,Truck,Mumbai
88,2022-01-20,Thursday,Pali Wala,Rajasthan,"29.449454153821858, 73.87581502395967",29.449454153821858,73.87581502395967,NH,Head On Collision ,3,0,Truck,Truck,Nil
89,2022-01-18,Tuesday,Tardoli,Maharashtra,"18.261509125346837, 74.3476151574748",18.261509125346837,74.3476151574748,OR,Hit From Back,3,1,Car,Tractor,Nil
90,2022-01-19,Wednesday,Road 17 VKI,Rajasthan,"26.921072245843384, 75.80705975340842",26.921072245843384,75.80705975340842,OR,Head On Collision ,2,5,Bus,Truck,Jaipur
91,2022-01-19,Wednesday,Veeraghattam,Andhra Pradesh,"18.687104227193668, 83.61095538153519",18.687104227193668,83.61095538153519,SH,Fixed Object Collision,1,0,Two Wheeler,Culvert,Nil
92,2022-01-19,Wednesday,Meliaputti,Andhra Pradesh,"18.77406040183497, 84.17383431188013",18.77406040183497,84.17383431188013,SH,Hit From Side,1,0,Pedestrian,Van,Nil
93,2022-01-19,Wednesday,Hotel Sheraton,Madhya Pradesh,"22.7741266742808, 75.93616228783264",22.7741266742808,75.93616228783264,NH,Hit and Run,1,0,Pedestrian,Truck,Indore
94,2022-01-21,Friday,Naranpura,Gujarat,"23.056229102084114, 72.54839248535511",23.056229102084114,72.54839248535511,NH,Hit From Back,1,1,Two Wheeler,Truck,Ahmedabad
95,2022-01-21,Friday,KR Puram,Karnataka,"13.013395634204327, 77.69952194675402",13.013395634204327,77.69952194675402,NH,Hit and Run,1,0,Pedestrian,Truck,Bengaluru
96,2022-01-20,Thursday,Shewalwadi,Maharashtra,"18.496302418026232, 73.97119797630161",18.496302418026232,73.97119797630161,NH,Hit and Run,1,2,Two Wheeler,Unidentified,Pune
97,2022-01-22,Saturday,Bidu,Odisha,"21.281443452879415, 86.69191416872226",21.281443452879415,86.69191416872226,OR,Hit From Back,6,20,Bus,Truck,Nil
98,2022-01-21,Friday,Hatkeshwar Circle,Gujarat,"22.998945315199972, 72.62465978696193",22.998945315199972,72.62465978696193,OR,Others,1,1,Two Wheeler,Truck,Ahmedabad
99,2022-01-22,Saturday,O'Coqueiro Junction,Goa,"15.531446645685621, 73.82481100458244",15.531446645685621,73.82481100458244,NH,Others,2,0,Two Wheeler,Truck,Nil
100,2022-01-23,Sunday,Shikrapur,Maharashtra,"18.684734908209716, 74.11586934949585",18.684734908209716,74.11586934949585,SH,Others,5,5,Two Wheeler,Truck,Nil
101,2022-01-23,Sunday,Bahadurpur,Bihar,"25.192410594168933, 82.8270546312142",25.192410594168933,82.8270546312142,OR,Hit From Side,2,1,Pedestrian,Car,Nil
102,2022-01-22,Saturday,Chunar,Uttar Pradesh,"25.10276774054831, 82.8672602963507",25.10276774054831,82.8672602963507,NH,Fixed Object Collision,1,0,Two Wheeler,Tree,Nil
103,2022-01-22,Saturday,Morod ,Madhya Pradesh,"22.637960655646225, 75.86771888717327",22.637960655646225,75.86771888717327,NH,Others,1,2,Two Wheeler,Truck,Indore
104,2022-01-22,Saturday,Usmanpur,Gujarat,"23.04697914071979, 72.56910733421006",23.04697914071979,72.56910733421006,OR,Hit From Back,1,1,Two Wheeler,Bus,Ahmedabad
105,2022-01-22,Saturday,Bhumkar Chowk,Maharashtra,"18.605266069304246, 73.75217758015306",18.605266069304246,73.75217758015306,NH,With Parked Vehicle,1,0,Two Wheeler,Truck,Nil
106,2022-01-25,Tuesday,Selsura ,Maharashtra,"20.637156359208134, 78.47350022936271",20.637156359208134,78.47350022936271,NH,Vehicle Overturn,7,0,Car,River,Nil
107,2022-01-23,Sunday,Pappanchatram,Tamil Nadu,"13.032318332628448, 80.03671137585036",13.032318332628448,80.03671137585036,NH,Others,1,1,Car,Truck,Nil
108,2022-01-23,Sunday,Metro colony,West Bengal,"22.61203487217105, 88.39303596485522",22.61203487217105,88.39303596485522,OR,Others,1,0,Bicycle,Truck,Kolkata
109,2022-01-23,Sunday,Papanchataram,Tamil Nadu,"13.032541681756019, 80.0371376290023",13.032541681756019,80.0371376290023,NH,Head On Collision ,1,0,Car,Car,Nil
110,2022-01-23,Sunday,Pithampur,Madhya Pradesh,"22.594745827533117, 75.7003748573627",22.594745827533117,75.7003748573627,NH,Hit From Back,1,0,Two Wheeler,Truck,Indore
111,2022-01-24,Monday,Ramgarh Bhullar,Punjab,"30.858836810837854, 75.48669577236953",30.858836810837854,75.48669577236953,OR,With Parked Vehicle,1,2,Auto Rickshaw,Truck,Nil
112,2022-01-25,Tuesday,Nishatpura,Madhya Pradesh,"23.293852728757138, 77.43635540033472",23.293852728757138,77.43635540033472,OR,Hit and Run,1,0,Pedestrian,Truck,Bhopal
113,2022-01-27,Thursday,Chilakaluripet,Andhra Pradesh,"16.080937609341778, 80.15831819833785",16.080937609341778,80.15831819833785,NH,Others,2,1,Car,Truck,Nil
114,2022-01-26,Wednesday,Chinchani,Maharashtra,"19.883564516772523, 72.68264417660346",19.883564516772523,72.68264417660346,OR,Head On Collision ,1,5,Pedestrian,Car,Nil
115,2022-01-27,Thursday,Ranmochan T Point,Maharashtra,"20.608413591260497, 79.85587713179397",20.608413591260497,79.85587713179397,NH,Hit From Side,2,2,Car,Tractor,Nil
116,2022-01-26,Wednesday,Banashankari,Karnataka,"12.953940017532453, 77.54359380855148",12.953940017532453,77.54359380855148,NH,Fixed Object Collision,1,0,Two Wheeler,Divider,Bengaluru
117,2022-01-27,Thursday,Darsi,Andhra Pradesh,"15.75873311270647, 79.67422646980734",15.75873311270647,79.67422646980734,NH,Hit From Back,2,1,Car,Tractor,Nil
118,2022-01-27,Thursday,Kolukhedi ,Madhya Pradesh,"23.53469623782937, 77.22595938027769",23.53469623782937,77.22595938027769,NH,Fixed Object Collision,1,3,SUV,Tree,Nil
119,2022-01-26,Wednesday,Ummalada,Andhra Pradesh,"17.647684108050818, 82.99488444844167",17.647684108050818,82.99488444844167,SH,Others,2,0,Two Wheeler,Lorry,Nil
120,2022-01-27,Thursday,Harsil,Uttarakhand,"31.037472816888762, 78.73627773458514",31.037472816888762,78.73627773458514,NH,Vehicle Overturn,2,2,Car,Gorge,Nil
121,2022-01-28,Friday,Sujatha Nagar,Telangana,"17.490912151289685, 80.57321678720476",17.490912151289685,80.57321678720476,SH,Others,4,8,Pick Up,Truck,Nil
122,2022-01-28,Friday,Siddheshwara Temple,Karnataka,"15.903511995945669, 74.55948072624453",15.903511995945669,74.55948072624453,OR,Hit From Back,1,1,Pedestrian,Car,Nil
123,2022-01-28,Friday,Badangi,Andhra Pradesh,"18.4954422867835, 83.36932057015237",18.4954422867835,83.36932057015237,SH,Hit and Run,1,0,Pedestrian,Unidentified,Nil
124,2022-01-30,Sunday,Kamam,Telangana,"18.428038071455486, 79.13507468317677",18.428038071455486,79.13507468317677,NH,Hit and Run,4,2,Pedestrian,SUV,Nil
125,2022-01-30,Sunday,Pallikaranai,Tamil Nadu,"12.941901560510074, 80.20647395762994",12.941901560510074,80.20647395762994,OR,Head On Collision ,1,5,Truck,Truck,Chennai
126,2022-01-30,Sunday,Taat Mill Junction,Uttar Pradesh,"26.448594325625667, 80.343810933111",26.448594325625667,80.343810933111,OR,Others,6,9,Pedestrian,Bus,Kanpur
127,2022-01-29,Saturday,Sholavaram,Tamil Nadu,"13.235809378630744, 80.16228431393661",13.235809378630744,80.16228431393661,OR,Hit From Back,2,0,Two Wheeler,Lorry,Nil
128,2022-01-30,Sunday,Rajaram Village,Telangana,"18.989326374344998, 79.08330736132393",18.989326374344998,79.08330736132393,OR,Head On Collision ,3,0,Two Wheeler,Auto Rickshaw,Nil
129,2022-01-31,Monday,Ranigaon,Rajasthan,"27.092451869286297, 74.42748015803826",27.092451869286297,74.42748015803826,SH,Run Off Road,1,3,Car,Nil,Nil
130,2022-01-31,Monday,Nakoda ,Rajasthan,"25.792933776374106, 72.1629058029464",25.792933776374106,72.1629058029464,OR,Head On Collision ,1,0,Two Wheeler,Truck,Nil
131,2022-02-01,Tuesday,Bandri,Madhya Pradesh,"24.044934899671098, 78.6394929061528",24.044934899671098,78.6394929061528,NH,Hit and Run,3,0,Car,Unidentified,Nil
132,2022-02-01,Tuesday,Balaghat ,Madhya Pradesh,"21.815346974057224, 80.17806276395049",21.815346974057224,80.17806276395049,SH,Others,1,3,Car,Truck,Nil
133,2022-01-31,Monday,Gondal road,Gujarat,"22.209325349494875, 70.8009083158295",22.209325349494875,70.8009083158295,NH,Hit From Back,1,1,Two Wheeler,Truck,Rajkot
134,2022-01-31,Monday,Bhawarkua,Madhya Pradesh,"22.68448170947923, 75.86399687841984",22.68448170947923,75.86399687841984,OR,Others,1,0,Pedestrian,Bus,Indore
135,2022-02-03,Thursday,Kishtawar,Jammu,"33.303370177922346, 75.77549202867355",33.303370177922346,75.77549202867355,OR,Vehicle Overturn,6,0,Car,Gorge,Nil
136,2022-02-02,Wednesday,AB Road Junction,Madhya Pradesh,"22.48983884444052, 75.66671181495484",22.48983884444052,75.66671181495484,NH,Hit and Run,1,2,Two Wheeler,Unidentified,Nil
137,2022-02-01,Tuesday,Ramenahalli,Karnataka,"12.293012045391656, 76.2663866231776",12.293012045391656,76.2663866231776,OR,Others,2,2,Car,Truck,Nil
138,2022-02-03,Thursday,Lankelapalem,Andhra Pradesh,"17.666465319754213, 83.09425625830963",17.666465319754213,83.09425625830963,SH,Hit and Run,1,0,Pedestrian,Unidentified,Vizag
139,2022-02-03,Thursday,Barmer Rd,Rajasthan,"26.910703910916826, 70.9337404020313",26.910703910916826,70.9337404020313,NH,Others,3,1,SUV,Truck,Nil
140,2022-02-03,Thursday,Sankli,Gujarat,"21.040615852412476, 73.4061732227355",21.040615852412476,73.4061732227355,OR,Others,3,2,Two Wheeler,Bus,Nil
141,2022-02-03,Thursday,Arayankavu,Kerala,"9.83194947142872, 76.4244288982524",9.83194947142872,76.4244288982524,OR,Head On Collision ,1,0,Two Wheeler,Car,Nil
142,2022-02-03,Thursday,Nettoor,Kerala,"9.929597110544417, 76.31779942841041",9.929597110544417,76.31779942841041,NH,Hit From Back,1,0,Two Wheeler,Truck,Kochi
143,2022-02-02,Wednesday,Nadiad,Gujarat,"22.682739814166254, 72.90717749509794",22.682739814166254,72.90717749509794,NH,Others,1,1,Truck,Truck,Nil
144,2022-02-03,Thursday,Nadbai Police Station ,Rajasthan,"27.21585406766396, 77.20152201303823",27.21585406766396,77.20152201303823,SH,Others,1,2,Two Wheeler,Tractor,Nil
145,2022-02-03,Thursday,Bhilwadi Ghati,Rajasthan,"27.41685838705793, 76.10444383342535",27.41685838705793,76.10444383342535,NH,Head On Collision ,3,0,Car,Truck,Nil
146,2022-02-03,Thursday,Tiruvallur,Tamil Nadu,"13.12297281283396, 79.91173226564752",13.12297281283396,79.91173226564752,SH,Hit From Back,1,1,Two Wheeler,Truck,Nil
147,2022-02-03,Thursday,Thiruvallur,Tamil Nadu,"13.126032102413575, 79.91089197828818",13.126032102413575,79.91089197828818,SH,Hit and Run,1,0,Pedestrian,Truck,Nil
148,2022-02-04,Friday,Safipur,Uttar Pradesh,"26.738629447023207, 80.35052740128569",26.738629447023207,80.35052740128569,SH,Hit From Side,3,1,Car,Truck,Nil
149,2022-02-05,Saturday,Krishnayapalem,Andhra Pradesh,"16.82089116931901, 81.59278745690153",16.82089116931901,81.59278745690153,SH,Fixed Object Collision,3,0,Two Wheeler,Pole,Nil
150,2022-02-06,Sunday,Budagavi,Andhra Pradesh,"14.962623936340337, 77.23330737491476",14.962623936340337,77.23330737491476,NH,Others,9,0,Car,Truck,Nil
151,2022-02-05,Saturday,Pirappancode,Kerala,"8.659199326714372, 76.91968191971127",8.659199326714372,76.91968191971127,SH,Fixed Object Collision,1,2,SUV,Tree,Nil
152,2022-02-05,Saturday,Sector 39-56 Road,Chandigarh,"30.740356213706715, 76.72431923906225",30.740356213706715,76.72431923906225,OR,Others,1,0,Two Wheeler,Car,Chandigarh
153,2022-02-05,Saturday,Gandhi Nagar Police Station,Madhya Pradesh,"22.746248516667844, 75.7982094212455",22.746248516667844,75.7982094212455,OR,Others,1,1,Two Wheeler,Tractor,Indore
154,2022-02-05,Saturday,Harniya,Madhya Pradesh,"23.052884435718276, 76.59684714485893",23.052884435718276,76.59684714485893,OR,Hit and Run,1,0,Two Wheeler,Unidentified,Nil
155,2022-02-05,Saturday,Combat Army Aviation Training ,Maharashtra,"19.97123485981148, 73.81562224560645",19.97123485981148,73.81562224560645,OR,Fixed Object Collision,1,0,Two Wheeler,Tree,Nashik
156,2022-02-04,Friday,Ghuni,Uttarakhand,"30.299963196613398, 79.5166363500949",30.299963196613398,79.5166363500949,OR,Vehicle Overturn,3,0,Pick Up,Gorge,Nil
157,2022-02-05,Saturday,Punawale,Maharashtra,"18.632492103607568, 73.74157079427587",18.632492103607568,73.74157079427587,NH,With Parked Vehicle,3,2,Car,Truck,Nil
158,2022-02-06,Sunday,ZOO Park,Andhra Pradesh,"17.760528885443883, 83.35495694453758",17.760528885443883,83.35495694453758,SH,Hit From Back,1,2,Two Wheeler,Car,Vizag
159,2022-02-07,Monday,Katgaon,Himachal Pradesh,"31.591633638231283, 78.03685723801158",31.591633638231283,78.03685723801158,OR,Vehicle Overturn,3,0,Car,Gorge,Nil
160,2022-02-07,Monday,Nagaur,Rajasthan,"27.2138302972568, 73.71605649545057",27.2138302972568,73.71605649545057,NH,Head On Collision ,2,3,Car,Car,Nil
161,2022-02-07,Monday,Keerwa,Rajasthan,"25.49987528377706, 73.25112435658373",25.49987528377706,73.25112435658373,NH,Fixed Object Collision,1,1,Car,Divider,Nil
162,2022-02-06,Sunday,JVLR ,Maharashtra,"19.12471261878596, 72.89574856667453",19.12471261878596,72.89574856667453,OR,Hit From Back,1,1,Bicycle,Truck,Mumbai
163,2022-02-09,Wednesday,Halvad,Gujarat,"23.004502500291746, 71.15380897504323",23.004502500291746,71.15380897504323,SH,Run Off Road,3,2,SUV,Nil,Nil
164,2022-02-08,Tuesday,Titra,Bihar,"26.22754594175393, 84.24243447792814",26.22754594175393,84.24243447792814,NH,Others,2,3,Two Wheeler,Bus,Nil
165,2022-02-08,Tuesday,Sothupakkam,Tamil Nadu,"12.440200277367603, 79.83599847114043",12.440200277367603,79.83599847114043,NH,With Parked Vehicle,3,10,Van,Truck,Nil
166,2022-02-09,Wednesday,Adoor ,Kerala,"9.156390493413305, 76.73231340739379",9.156390493413305,76.73231340739379,SH,Vehicle Overturn,3,4,Car,Canal,Nil
167,2022-02-08,Tuesday,Dhana,Madhya Pradesh,"23.320313870253262, 78.53019329464922",23.320313870253262,78.53019329464922,OR,Head On Collision ,2,0,Two Wheeler,Truck,Nil
168,2022-02-09,Wednesday,Mamoni,Rajasthan,"25.187145880104637, 77.11115122253314",25.187145880104637,77.11115122253314,NH,Run Off Road,3,9,SUV,Nil,Nil
169,2022-02-08,Tuesday,Thagarapuvalasa,Andhra Pradesh,"17.931285780564018, 83.42356678931198",17.931285780564018,83.42356678931198,NH,With Parked Vehicle,2,0,Two Wheeler,Lorry,Nil
170,2022-02-09,Wednesday,Varkala,Kerala,"8.74283202760778, 76.72160216889189",8.74283202760778,76.72160216889189,SH,Hit and Run,1,2,Pedestrian,Two Wheeler,Nil
171,2022-02-11,Friday,Naradih,Jharkhand,"23.967751166911828, 86.76956791098664",23.967751166911828,86.76956791098664,OR,With Parked Vehicle,4,2,Car,Truck,Nil
172,2022-02-09,Wednesday,Kappumukku,Kerala,"11.531926575865088, 75.81252164202",11.531926575865088,75.81252164202,OR,Hit and Run,1,2,Pedestrian,Two Wheeler,Nil
173,2022-02-10,Thursday,Ramol,Gujarat,"22.974129466237112, 72.6534256375576",22.974129466237112,72.6534256375576,NH,With Parked Vehicle,2,3,Car,Truck,Ahmedabad
174,2022-02-11,Friday,Kalidhar ,Jammu,"33.05115098808208, 74.64351066713232",33.05115098808208,74.64351066713232,OR,Run Off Road,1,6,Car,Nil,Nil
175,2022-02-11,Friday,Sihora,Gujarat,"23.488212910200673, 80.10769353179742",23.488212910200673,80.10769353179742,NH,With Parked Vehicle,2,3,Car,Truck,Nil
176,2022-02-11,Friday,Gunga,Madhya Pradesh,"23.448803225439857, 77.36161885815567",23.448803225439857,77.36161885815567,OR,Hit and Run,2,0,Car,Unidentified,Nil
177,2022-02-10,Thursday,Atmakur Mandal,Telangana,"17.23253687972608, 79.69398413248594",17.23253687972608,79.69398413248594,OR,Head On Collision ,4,0,Two Wheeler,Two Wheeler,Nil
178,2022-02-11,Friday,Satto,Rajasthan,"26.236938791933692, 70.47955938658713",26.236938791933692,70.47955938658713,OR,Vehicle Overturn,1,4,Bus,Nil,Nil
179,2022-02-12,Saturday,Devagiri,Karnataka,"14.838820326235737, 75.3533581920594",14.838820326235737,75.3533581920594,NH,Run Off Road,2,30,Bus,Nil,Nil
180,2022-02-12,Saturday,Kalpana Ginning,Maharashtra,"21.00119281715471, 79.39828299234789",21.00119281715471,79.39828299234789,SH,Run Off Road,3,1,Car,Nil,Nil
181,2022-02-12,Saturday,Aakiya,Rajasthan,"24.50744282460239, 74.54469995593209",24.50744282460239,74.54469995593209,OR,Fixed Object Collision,1,4,Car,Wall,Nil
182,2022-02-12,Saturday,Ottakkalmandapam,Tamil Nadu,"10.873262324653167, 77.00665745816913",10.873262324653167,77.00665745816913,NH,Head On Collision ,2,0,Two Wheeler,Bus,Nil
183,2022-02-14,Monday,Dhannipur,Uttar Pradesh,"26.519617279923917, 80.77002471393665",26.519617279923917,80.77002471393665,OR,Head On Collision ,4,0,Car,SUV,Nil
184,2022-02-13,Sunday,Thaikavu Junction,Kerala,"9.994845924111981, 76.32019279535668",9.994845924111981,76.32019279535668,OR,Hit and Run,1,0,Pedestrian,Car,Kochi
185,2022-02-14,Monday,Kolabira,Jharkhand,"22.788012125414575, 86.03337294127007",22.788012125414575,86.03337294127007,OR,Others,3,0,Two Wheeler,Truck,Nil
186,2022-02-15,Tuesday,RJ SH12,Rajasthan,"26.761340281072, 75.74696895289894",26.761340281072,75.74696895289894,SH,Fixed Object Collision,5,0,Car,Tree,Jaipur
187,2022-02-15,Tuesday,Khopoli,Maharashtra,"18.785150637116026, 73.34700081173162",18.785150637116026,73.34700081173162,NH,Hit From Back,4,0,Car,Truck,Nil
188,2022-02-14,Monday,Jalali,Uttar Pradesh,"26.540203411080476, 81.63236223814823",26.540203411080476,81.63236223814823,NH,With Parked Vehicle,2,5,SUV,Truck,Nil
189,2022-02-16,Wednesday,Kolar,Karnataka,"13.126527581387272, 78.11583179770683",13.126527581387272,78.11583179770683,NH,Fixed Object Collision,4,2,Car,Divider,Nil
190,2022-02-14,Monday,Kovaipudur,Tamil Nadu,"10.944913295408462, 76.93881475047148",10.944913295408462,76.93881475047148,OR,Hit and Run,1,0,Pedestrian,Auto Rickshaw,Nil
191,2022-02-16,Wednesday,Narayanpur,Uttar Pradesh,"25.19145275727694, 83.02887846513721",25.19145275727694,83.02887846513721,SH,With Parked Vehicle,6,0,Car,Truck,Nil
192,2022-02-14,Monday,Rafi Crossing,West Bengal,"22.56295765776425, 88.35872928795361",22.56295765776425,88.35872928795361,OR,Hit and Run,1,0,Pedestrian,Bus,Kolkata
193,2022-02-14,Monday,SSKM Hospital,West Bengal,"22.540902886677657, 88.34096360238837",22.540902886677657,88.34096360238837,OR,Hit and Run,1,0,Pedestrian,Truck,Kolkata
194,2022-02-15,Tuesday,Patel Chowk,Madhya Pradesh,"22.714544027178718, 75.87184933982203",22.714544027178718,75.87184933982203,OR,Others,4,5,Two Wheeler,Truck,Indore
195,2022-02-16,Wednesday,Kendri,Chhattisgarh,"21.108177205326385, 81.72271029614801",21.108177205326385,81.72271029614801,OR,Fixed Object Collision,6,5,SUV,Divider,Nil
196,2022-02-16,Wednesday,SIDCO IND. Estate,Tamil Nadu,"10.938080599081948, 76.98016337449293",10.938080599081948,76.98016337449293,NH,Head On Collision ,2,1,Car,Truck,Coimbatore
197,2022-02-15,Tuesday,Kishanganj,Madhya Pradesh,"22.578983326258918, 75.77721150442704",22.578983326258918,75.77721150442704,NH,Hit and Run,1,0,Two Wheeler,Unidentified,Nil
198,2022-02-18,Friday,Golden Temple,Tamil Nadu,"12.869718563956598, 79.087678239575",12.869718563956598,79.087678239575,SH,Hit From Back,4,1,Car,Truck,Nil
199,2022-02-17,Thursday,Nokh,Rajasthan,"27.568099266809714, 72.2475957764855",27.568099266809714,72.2475957764855,NH,Hit and Run,2,2,Car,Unidentified,Nil
200,2022-02-16,Wednesday,Khurrampur,Haryana,"28.90148755626485, 77.2051188885555",28.90148755626485,77.2051188885555,OR,Head On Collision ,1,0,Two Wheeler,Tractor,Nil
201,2022-02-19,Saturday,Gattamma Temple,Telangana,"18.188326947884857, 79.91491551269137",18.188326947884857,79.91491551269137,NH,Head On Collision ,4,4,Car,Bus,Nil
202,2022-02-19,Saturday,Nathdwara,Rajasthan,"24.9308253171582, 73.82617210519453",24.9308253171582,73.82617210519453,NH,Hit and Run,3,0,Two Wheeler,Unidentified,Nil
203,2022-02-19,Saturday,Palsana,Rajasthan,"27.482790115159805, 75.3815748302894",27.482790115159805,75.3815748302894,OR,Head On Collision ,2,6,Van,Bus,Nil
204,2022-02-17,Thursday,Dhank ,Chhattisgarh,"21.22049960531919, 82.40670193772387",21.22049960531919,82.40670193772387,NH,Hit and Run,4,0,Two Wheeler,Unidentified,Nil
205,2022-02-19,Saturday,Kisagar,Bihar,"25.589870746053073, 84.25004814353804",25.589870746053073,84.25004814353804,NH,Head On Collision ,5,10,SUV,Bus,Nil
206,2022-02-20,Sunday,Chambal Bridge Kota,Rajasthan,"25.195967165236652, 75.84516315344385",25.195967165236652,75.84516315344385,NH,Vehicle Overturn,9,0,SUV,River,Kota
207,2022-02-18,Friday,Dolu ,Assam,"24.92149865757436, 92.78156696643879",24.92149865757436,92.78156696643879,NH,Fixed Object Collision,1,3,Car,Bridge,Nil
208,2022-02-19,Saturday,Cantonment area,Delhi,"28.602052711144825, 77.1348181091842",28.602052711144825,77.1348181091842,OR,Others,2,3,Car,Truck,Delhi
209,2022-02-18,Friday,Jivrajpark,Gujarat,"23.00544441957308, 72.53338811590844",23.00544441957308,72.53338811590844,NH,With Parked Vehicle,1,1,Two Wheeler,Crane,Ahmedabad
210,2022-02-21,Monday,Chevella,Telangana,"17.313601040235092, 78.13928501548331",17.313601040235092,78.13928501548331,NH,Others,3,7,Car,SUV,Nil
211,2022-02-18,Friday,Darna Bridge,Maharashtra,"19.830648009380734, 73.82802256128227",19.830648009380734,73.82802256128227,OR,Hit and Run,1,0,Two Wheeler,Unidentified,Nil
212,2022-02-19,Saturday,Paprodi,Punjab,"30.81523877034962, 76.17096503780348",30.81523877034962,76.17096503780348,OR,Head On Collision ,1,1,Two Wheeler,SUV,Nil
213,2022-02-20,Sunday,Yanam-Yedurlanka Bridge,Andhra Pradesh,"16.726270377838905, 82.20194318234546",16.726270377838905,82.20194318234546,NH,Head On Collision ,4,3,Two Wheeler,Van,Nil
214,2022-02-20,Sunday,Pullagampalle,Andhra Pradesh,"14.08097302776957, 78.06890620844874",14.08097302776957,78.06890620844874,SH,Run Off Road,3,0,Bus,Nil,Nil
215,2022-02-19,Saturday,PiparCity,Rajasthan,"26.38744492359492, 73.53981947509264",26.38744492359492,73.53981947509264,SH,Head On Collision ,2,0,Two Wheeler,Car,Nil
216,2022-02-22,Tuesday,Tanakpur,Uttarakhand,"29.057010000030033, 80.1021978906326",29.057010000030033,80.1021978906326,NH,Vehicle Overturn,14,2,Pick Up,Gorge,Nil
217,2022-02-20,Sunday,Agar Road,Madhya Pradesh,"23.456187625116055, 75.88182763022814",23.456187625116055,75.88182763022814,SH,Head On Collision ,2,1,Car,Tractor,Nil
218,2022-02-21,Monday,Khemnichak Rd,Bihar,"25.57615794018205, 85.1604735245477",25.57615794018205,85.1604735245477,OR,Others,1,0,Two Wheeler,Truck,Patna
219,2022-02-21,Monday,RajendraNagar Overbridge,Bihar,"25.60311850146915, 85.15846727705956",25.60311850146915,85.15846727705956,OR,Head On Collision ,1,0,Two Wheeler,SUV,Patna
220,2022-02-21,Monday,Haveli Ghanpur,Telangana,"18.056694486628253, 78.2584638520406",18.056694486628253,78.2584638520406,OR,Run Off Road,2,11,Bus,Nil,Nil
221,2022-02-22,Tuesday,Fatehbad Road,Uttar Pradesh,"27.158435724776187, 78.06272867574049",27.158435724776187,78.06272867574049,SH,Others,2,7,Car,Bus,Agra
222,2022-02-21,Monday,Kotdwar,Uttarakhand,"29.75842648666641, 78.54244677611753",29.75842648666641,78.54244677611753,NH,Vehicle Overturn,3,2,Car,Gorge,Nil
223,2022-02-21,Monday,Mandala ,Rajasthan,"28.315880502085022, 75.42778059962849",28.315880502085022,75.42778059962849,SH,Head On Collision ,3,0,Car,Car,Nil
224,2022-02-22,Tuesday,Khetolai ,Rajasthan,"27.015212450599027, 71.70535690266628",27.015212450599027,71.70535690266628,NH,Vehicle Overturn,3,2,SUV,Nil,Nil
225,2022-02-19,Saturday,Haibowal,Punjab,"30.9199903667924, 75.88087428875404",30.9199903667924,75.88087428875404,OR,Vehicle Overturn,1,1,Two Wheeler,Nil,Ludhiana
226,2022-02-22,Tuesday,Moinabad,Telangana,"17.329662439312923, 78.27425994433521",17.329662439312923,78.27425994433521,NH,Hit From Back,2,0,Two Wheeler,Bus,Hyderabad
227,2022-02-21,Monday,NH 360 Vani,Maharashtra,"20.33283598716889, 73.88779870315513",20.33283598716889,73.88779870315513,NH,Head On Collision ,1,0,Two Wheeler,Bus,Nil
228,2022-02-20,Sunday,Dangsaundane,Maharashtra,"20.628825370716992, 74.03792201888484",20.628825370716992,74.03792201888484,SH,Others,1,0,Two Wheeler,Two Wheeler,Nil
229,2022-02-23,Wednesday,Kasturbagram,Madhya Pradesh,"22.64951001448067, 75.88658250405783",22.64951001448067,75.88658250405783,SH,Head On Collision ,1,0,Two Wheeler,Truck,Indore
230,2022-02-24,Thursday,Shindewadi Tunnel,Maharashtra,"18.391701123992394, 73.85593140292903",18.391701123992394,73.85593140292903,NH,Hit From Back,2,0,Two Wheeler,Truck,Nil
231,2022-02-24,Thursday,Dulapally,Telangana,"17.55375191054745, 78.46363355451433",17.55375191054745,78.46363355451433,OR,Others,1,0,Bicycle,Van,Hyderabad
232,2022-02-24,Thursday,Rawta More,Delhi,"28.59959351288085, 76.91196809389415",28.59959351288085,76.91196809389415,OR,Others,2,2,Two Wheeler,Bus,Delhi
233,2022-02-24,Thursday,Shamshabad,Telangana,"17.26200439015837, 78.38814180946548",17.26200439015837,78.38814180946548,NH,Vehicle Overturn,1,0,Two Wheeler,Nil,Hyderabad
234,2022-02-24,Thursday,Bhatan Tunnel,Maharashtra,"18.91367527325495, 73.17852135553856",18.91367527325495,73.17852135553856,NH,Hit and Run,1,0,Pedestrian,Unidentified,Nil
235,2022-02-24,Thursday,Sankeshwar,Karnataka,"16.263716185019536, 74.47309535046699",16.263716185019536,74.47309535046699,SH,Head On Collision ,4,0,Two Wheeler,Two Wheeler,Nil
236,2022-02-27,Sunday,Budhana,Uttar Pradesh,"29.29006598210077, 77.47378345407694",29.29006598210077,77.47378345407694,SH,Head On Collision ,1,3,Two Wheeler,Car,Nil
237,2022-02-25,Friday,Prem nagar,Chhattisgarh,"21.26724764610783, 81.62042269163943",21.26724764610783,81.62042269163943,OR,Vehicle Overturn,4,24,Van,Nil,Raipur
238,2022-02-26,Saturday,Jamunipurva,Uttar Pradesh,"26.294580894090394, 83.09086815543051",26.294580894090394,83.09086815543051,OR,With Parked Vehicle,5,1,Car,Truck,Nil
239,2022-02-27,Sunday,Sai Chowk,Delhi,"28.64373969635639, 77.03230998622084",28.64373969635639,77.03230998622084,OR,Hit From Side,1,1,Two Wheeler,Truck,Delhi
240,2022-02-27,Sunday,Bellary Road,Karnataka,"13.134571102347406, 77.61675186207687",13.134571102347406,77.61675186207687,NH,Others,2,0,Two Wheeler,Car,Bengaluru
241,2022-02-27,Sunday,Hebbal,Karnataka,"13.035500082682866, 77.58892000253744",13.035500082682866,77.58892000253744,NH,Fixed Object Collision,1,0,Two Wheeler,Divider,Bengaluru
242,2022-02-26,Saturday,Atam Park,Punjab,"30.889187044063895, 75.85126767384848",30.889187044063895,75.85126767384848,OR,Hit and Run,1,0,Pedestrian,Truck,Ludhiana
243,2022-02-28,Monday,Velachery-Tambaram Main Rd,Tamil Nadu,"12.923248510571252, 80.16050952729643",12.923248510571252,80.16050952729643,OR,Hit From Back,1,0,Car,Truck,Chennai
244,2022-02-27,Sunday,Sinnar,Maharashtra,"19.846577303394984, 73.97107766153536",19.846577303394984,73.97107766153536,NH,Others,1,0,Two Wheeler,Truck,Nil
245,2022-03-01,Tuesday,Bhor Ghat,Maharashtra,"18.77063933979836, 73.36590938508034",18.77063933979836,73.36590938508034,NH,Fixed Object Collision,1,22,Truck,Wall,Nil
246,2022-02-27,Sunday,Nagarabgavi,Karnataka,"12.967598908664984, 77.51248898800186",12.967598908664984,77.51248898800186,OR,Run Off Road,1,0,Two Wheeler,Nil,Bengaluru
247,2022-02-27,Sunday,Veerasandra Junction,Karnataka,"12.846453600857831, 77.67215941964415",12.846453600857831,77.67215941964415,NH,Fixed Object Collision,1,1,Van,Divider,Bengaluru
248,2022-02-28,Monday,Sodala,Rajasthan,"26.90193341448318, 75.77265925901905",26.90193341448318,75.77265925901905,OR,Hit and Run,2,0,Two Wheeler,Unidentified,Jaipur
249,2022-02-28,Monday,Karad,Maharashtra,"17.286690427411575, 74.18447132552234",17.286690427411575,74.18447132552234,NH,Hit From Back,1,3,Car,Truck,Nil
250,2022-02-28,Monday,Piplani,Madhya Pradesh,"23.243281034929208, 77.4730609770155",23.243281034929208,77.4730609770155,OR,Head On Collision ,1,2,Two Wheeler,Truck,Bhopal
251,2022-03-01,Tuesday,Jajmau,Uttar Pradesh,"26.427956515562716, 80.38381214859015",26.427956515562716,80.38381214859015,OR,Hit From Side,1,6,Auto Rickshaw,Truck,Kanpur
252,2022-02-28,Monday,Punawale,Maharashtra,"18.632987304673655, 73.74146182222104",18.632987304673655,73.74146182222104,NH,Hit From Back,1,2,Car,Truck,Pune
253,2022-03-02,Wednesday,Kazhakkottam,Kerala,"8.560349800808412, 76.875886925318",8.560349800808412,76.875886925318,NH,Hit From Back,1,1,Two Wheeler,Truck,Nil
254,2022-03-02,Wednesday,Ayyankavu,Kerala,"10.058505914678154, 76.64636492554786",10.058505914678154,76.64636492554786,NH,Fixed Object Collision,2,4,Car,Pole,Nil
255,2022-03-02,Wednesday,Marady,Kerala,"9.955551623713422, 76.5594075768766",9.955551623713422,76.5594075768766,OR,Others,2,3,Car,Truck,Nil
256,2022-03-03,Thursday,Jhir,Himachal Pradesh,"31.63504378170524, 76.77955354651563",31.63504378170524,76.77955354651563,OR,Vehicle Overturn,2,14,Bus,Gorge,Nil
257,2022-03-02,Wednesday,Chachas Takeway,Haryana,"28.472432496254118, 77.10280302306421",28.472432496254118,77.10280302306421,OR,Others,4,1,Two Wheeler,Car,Nil
258,2022-03-02,Wednesday,Hotel Highway King Binola,Haryana,"28.29757364132327, 76.86837399663595",28.29757364132327,76.86837399663595,NH,With Parked Vehicle,5,0,Car,Truck,Nil
259,2022-03-03,Thursday,Shankaracharya Chowk,Uttarakhand,"29.87432755455267, 77.89471485225786",29.87432755455267,77.89471485225786,OR,Hit From Back,1,1,Two Wheeler,Truck,Nil
260,2022-03-04,Friday,Green Chowk,Chhattisgarh,"21.199324620235608, 81.2887682600112",21.199324620235608,81.2887682600112,SH,Run Off Road,4,0,Truck,Nil,Nil
261,2022-03-03,Thursday,Manoharpur,Rajasthan,"27.298943064764845, 75.95762115840584",27.298943064764845,75.95762115840584,NH,Hit From Side,3,0,Two Wheeler,Bus,Nil
262,2022-03-05,Saturday,Incherla,Telangana,"18.21815163836048, 79.98216386293753",18.21815163836048,79.98216386293753,OR,With Parked Vehicle,6,2,Auto Rickshaw,Van,Nil
263,2022-03-04,Friday,MHKS Petrol Pump,Maharashtra,"21.20426880104254, 79.14620422583027",21.20426880104254,79.14620422583027,NH,Head On Collision ,1,2,Two Wheeler,Truck,Nagpur
264,2022-03-05,Saturday,Jamola ,Jammu,"33.30045710490115, 74.41128186730069",33.30045710490115,74.41128186730069,OR,Vehicle Overturn,5,1,Car,Gorge,Nil
265,2022-03-04,Friday,Basudeva Temple,Bihar,"25.606649196412548, 85.16517591163063",25.606649196412548,85.16517591163063,OR,Hit and Run,3,0,Two Wheeler,Unidentified,Patna
266,2022-03-05,Saturday,Katraj Tunnel,Maharashtra,"18.39892041913737, 73.84935979276045",18.39892041913737,73.84935979276045,NH,Hit From Back,1,3,Two Wheeler,SUV,Nil
267,2022-03-06,Sunday,KG Chavadi,Tamil Nadu,"10.87206032990684, 76.89348210572516",10.87206032990684,76.89348210572516,NH,With Parked Vehicle,2,7,Van,Truck,Nil
268,2022-03-05,Saturday,Kishanganj,Rajasthan,"25.10031536069514, 76.67646540999337",25.10031536069514,76.67646540999337,NH,Others,1,1,Car,Truck,Nil
269,2022-03-05,Saturday,Kishanganj,Rajasthan,"25.101947583026973, 76.6731180130028",25.101947583026973,76.6731180130028,NH,Others,1,2,Tractor,Truck,Nil
270,2022-03-04,Friday,Poonamallee High rd,Tamil Nadu,"13.050848763275782, 80.0947979752743",13.050848763275782,80.0947979752743,SH,Run Off Road,1,2,Two Wheeler,Nil,Chennai
271,2022-03-06,Sunday,Degaon,Maharashtra,"17.609504860432846, 74.02802490439436",17.609504860432846,74.02802490439436,NH,Run Off Road,4,15,Truck,Nil,Nil
272,2022-03-06,Sunday,Elamanchili,Andhra Pradesh,"17.555017076256856, 82.84478078739808",17.555017076256856,82.84478078739808,NH,Hit and Run,2,1,Pedestrian,Lorry,Nil
273,2022-03-05,Saturday,Singhpur,Madhya Pradesh,"23.207140010932616, 81.41677662765933",23.207140010932616,81.41677662765933,OR,Vehicle Overturn,3,28,Bus,Ditch,Nil
274,2022-03-06,Sunday,Jamdahan,Uttar Pradesh,"25.956761504018843, 82.71131150731956",25.956761504018843,82.71131150731956,OR,Run Off Road,4,1,Tractor,Nil,Nil
275,2022-03-07,Monday,Career College Junction,Madhya Pradesh,"23.231864541961247, 77.45041074030301",23.231864541961247,77.45041074030301,OR,Others,2,0,Two Wheeler,Pick Up,Bhopal
276,2022-03-06,Sunday,Manpur,Madhya Pradesh,"22.430437925963222, 75.61669537388278",22.430437925963222,75.61669537388278,NH,With Parked Vehicle,1,2,Car,Bus,Nil
277,2022-03-06,Sunday,Umri ,Uttar Pradesh,"29.033168315618305, 78.5706426813862",29.033168315618305,78.5706426813862,OR,Fixed Object Collision,2,0,Tractor,Nil,Nil
278,2022-03-08,Tuesday,Putharachal,Tamil Nadu,"10.90188754347919, 77.35709665574765",10.90188754347919,77.35709665574765,SH,Others,4,0,Two Wheeler,Truck,Nil
279,2022-03-08,Tuesday,Kandhivali East,Maharashtra,"19.204765381935317, 72.86441892019303",19.204765381935317,72.86441892019303,OR,Hit and Run,1,0,Pedestrian,Truck,Mumbai
280,2022-03-08,Tuesday,Malvani,Maharashtra,"19.182147545682533, 72.81874827513124",19.182147545682533,72.81874827513124,OR,Hit and Run,1,0,Pedestrian,Truck,Mumbai
281,2022-03-10,Thursday,Chengalpattu Bridge,Tamil Nadu,"12.682730874771801, 79.98521902790553",12.682730874771801,79.98521902790553,SH,Hit From Back,2,0,Two Wheeler,Truck,Nil
282,2022-03-08,Tuesday,Modinagar,Uttar Pradesh,"28.833243263781426, 77.57414318476498",28.833243263781426,77.57414318476498,SH,Hit From Back,1,1,Two Wheeler,Truck,Nil
283,2022-03-09,Wednesday,Kanchikacherla,Andhra Pradesh,"16.682241723631137, 80.39168244486339",16.682241723631137,80.39168244486339,OR,Others,1,0,Lorry,Bus,Nil
284,2022-03-09,Wednesday,Thermal Power Station Gate,Rajasthan,"25.173355421508273, 75.81972366517368",25.173355421508273,75.81972366517368,OR,Others,2,0,Two Wheeler,Truck,Kota
285,2022-03-09,Wednesday,Bangaramma,Andhra Pradesh,"18.534999658377465, 83.19826114137548",18.534999658377465,83.19826114137548,SH,Others,1,0,Two Wheeler,Lorry,Nil
286,2022-03-10,Thursday,Amba Ghat ,Maharashtra,"17.000592653821027, 73.77712806029851",17.000592653821027,73.77712806029851,NH,Vehicle Overturn,2,4,SUV,Gorge,Nil
287,2022-03-11,Friday,Nerul Flyover,Maharashtra,"19.032645423077586, 73.02942374993484",19.032645423077586,73.02942374993484,NH,Hit From Back,1,1,Truck,Truck,Mumbai
288,2022-03-11,Friday,Balurgi,Karnataka,"17.29688453077931, 76.37495067788755",17.29688453077931,76.37495067788755,NH,Fixed Object Collision,5,0,Car,Tree,Nil
289,2022-03-11,Friday,Rice Technology park,Karnataka,"15.633147275421006, 76.56589681159844",15.633147275421006,76.56589681159844,SH,Run Off Road,4,16,Tractor,Nil,Nil
290,2022-03-11,Friday,Dudhia,Madhya Pradesh,"22.67603178168848, 75.94522481989529",22.67603178168848,75.94522481989529,NH,Hit From Back,1,0,Two Wheeler,Truck,Indore
291,2022-03-10,Thursday,Deoli,Rajasthan,"25.76209446884033, 75.38625216638773",25.76209446884033,75.38625216638773,OR,Others,1,0,Two Wheeler,Bus,Nil
292,2022-03-13,Sunday,Jaggaiahpet,Andhra Pradesh,"16.895063126476742, 80.11560317781093",16.895063126476742,80.11560317781093,SH,Fixed Object Collision,5,1,Car,Culvert,Nil
293,2022-03-11,Friday,Gate 2 Hospital,Delhi,"28.6176937443294, 77.31168964686108",28.6176937443294,77.31168964686108,OR,Hit and Run,1,1,Pedestrian,Car,Delhi
294,2022-03-12,Saturday,Lamna ,Chhattisgarh,"22.710742787060603, 82.50931693292135",22.710742787060603,82.50931693292135,SH,Head On Collision ,3,0,Car,Truck,Nil
295,2022-03-11,Friday,Desapatrunipalem Junction,Andhra Pradesh,"17.86628118850109, 83.19152640175578",17.86628118850109,83.19152640175578,SH,Head On Collision ,3,0,Two Wheeler,Lorry,Nil
296,2022-03-12,Saturday,Kundadam,Tamil Nadu,"10.84905403327252, 77.44744409508702",10.84905403327252,77.44744409508702,SH,Vehicle Overturn,1,0,Two Wheeler,Ditch,Nil
297,2022-03-12,Saturday,Epcon Junction,West Bengal,"22.601893290143234, 88.37383577308988",22.601893290143234,88.37383577308988,SH,Hit and Run,1,0,Pedestrian,Truck,Kolkata
298,2022-03-12,Saturday,Kasba,West Bengal,"22.51956382145056, 88.38301300833446",22.51956382145056,88.38301300833446,OR,Hit From Back,1,0,Two Wheeler,Truck,Kolkata
299,2022-03-13,Sunday,Karond Square,Madhya Pradesh,"23.30257872827068, 77.40437085008443",23.30257872827068,77.40437085008443,OR,Fixed Object Collision,3,2,Car,Tree,Bhopal
300,2022-03-13,Sunday,Marikavalasa,Andhra Pradesh,"17.828370956174, 83.3704920236744",17.828370956174,83.3704920236744,OR,Hit From Back,1,1,Two Wheeler,Lorry,Vizag
301,2022-03-13,Sunday,Vidyaranyapura,Karnataka,"13.085424120268678, 77.55399352966118",13.085424120268678,77.55399352966118,OR,Run Off Road,1,0,Two Wheeler,Nil,Bengaluru
302,2022-03-14,Monday,Poikamukku,Kerala,"8.699304833692288, 76.87413032082067",8.699304833692288,76.87413032082067,OR,With Parked Vehicle,1,2,Car,Truck,Nil
303,2022-03-14,Monday,Birpara Chowpatty,West Bengal,"26.48141084467203, 89.50661291551545",26.48141084467203,89.50661291551545,OR,Hit and Run,3,5,Pedestrian,Truck,Nil
304,2022-03-15,Tuesday,Joba ,Chhattisgarh,"19.42937203559203, 81.76036041919969",19.42937203559203,81.76036041919969,NH,Head On Collision ,5,17,Tractor,Truck,Nil
305,2022-03-16,Wednesday,Masana,Haryana,"30.05735761999651, 76.87996493850258",30.05735761999651,76.87996493850258,NH,Head On Collision ,2,10,Car,Truck,Nil
306,2022-03-16,Wednesday,Tekkalivalasa,Andhra Pradesh,"18.449707400024923, 83.57664217942568",18.449707400024923,83.57664217942568,SH,Head On Collision ,3,1,Two Wheeler,Bus,Nil
307,2022-03-16,Wednesday,Sushant Golf City Area,Uttar Pradesh,"26.779220358840593, 80.99173130626232",26.779220358840593,80.99173130626232,OR,Hit From Back,3,0,Car,Truck,Lucknow
308,2022-03-15,Tuesday,Hamam,Karnataka,"13.303354608979703, 77.55850068631615",13.303354608979703,77.55850068631615,OR,Fixed Object Collision,2,0,Two Wheeler,Tree,Nil
309,2022-03-15,Tuesday,Mahadevapura,Karnataka,"12.98598086079149, 77.6906853405282",12.98598086079149,77.6906853405282,NH,With Parked Vehicle,1,7,Bus,Truck,Bengaluru
310,2022-03-17,Thursday,Road No. 45,Telangana,"17.42939031894922, 78.40337078144518",17.42939031894922,78.40337078144518,OR,Hit and Run,1,0,Pedestrian,SUV,Hyderabad
311,2022-03-17,Thursday,Panayil,Kerala,"9.588884057588386, 76.33870142902232",9.588884057588386,76.33870142902232,OR,Hit and Run,3,1,Pedestrian,Truck,Nil
312,2022-03-17,Thursday,KS Layout,Karnataka,"12.90132392464512, 77.57327142335227",12.90132392464512,77.57327142335227,OR,Others,1,2,Two Wheeler,Truck,Bengaluru
313,2022-03-19,Saturday,Pavagada,Karnataka,"14.091201794191328, 77.28334785048443",14.091201794191328,77.28334785048443,SH,Run Off Road,8,25,Bus,Nil,Nil
314,2022-03-19,Saturday,Khampur,Uttar Pradesh,"25.735284045479037, 81.8319099160402",25.735284045479037,81.8319099160402,OR,Head On Collision ,2,1,Two Wheeler,Two Wheeler,Nil
315,2022-03-17,Thursday,Virar,Maharashtra,"19.451565504072555, 72.81717005034415",19.451565504072555,72.81717005034415,OR,Others,1,1,Bicycle,Two Wheeler,Mumbai
316,2022-03-18,Friday,Ram Mandir,Maharashtra,"19.065974182720062, 72.84628105564998",19.065974182720062,72.84628105564998,OR,Hit and Run,1,0,Pedestrian,Car,Mumbai
317,2022-03-18,Friday,Babhani,Uttar Pradesh,"24.678680517555648, 83.23432439854633",24.678680517555648,83.23432439854633,OR,Fixed Object Collision,3,1,Car,Tree,Nil
318,2022-03-19,Saturday,Gurugram-Alwar Rd,Haryana,"28.45316731819581, 77.03035134919776",28.45316731819581,77.03035134919776,NH,Hit and Run,2,0,Pedestrian,Truck,Nil
319,2022-03-18,Friday,Chimrawali,Rajasthan,"27.36293399918115, 76.76680149484488",27.36293399918115,76.76680149484488,SH,Hit and Run,2,0,Pedestrian,SUV,Nil
320,2022-03-19,Saturday,Behror,Rajasthan,"27.89165081734564, 76.29406000600738",27.89165081734564,76.29406000600738,SH,With Parked Vehicle,3,3,Car,Truck,Nil
321,2022-03-18,Friday,Dera ,Rajasthan,"27.15788653014015, 76.70106350691624",27.15788653014015,76.70106350691624,NH,Hit and Run,1,0,Pedestrian,Car,Nil
322,2022-03-19,Saturday,Kanjar Colony,Rajasthan,"25.604216362643452, 75.16468547655597",25.604216362643452,75.16468547655597,SH,Head On Collision ,2,5,Two Wheeler,Two Wheeler,Nil
323,2022-03-19,Saturday,Dulabh Nagar,Punjab,"30.83528544322029, 76.19317304364307",30.83528544322029,76.19317304364307,NH,Others,1,2,Two Wheeler,Car,Nil
324,2022-03-19,Saturday,Khajrana,Madhya Pradesh,"22.730638864745796, 75.90297829499102",22.730638864745796,75.90297829499102,SH,Hit and Run,1,1,Two Wheeler,Unidentified,Indore
325,2022-03-20,Sunday,Mangliya Road,Madhya Pradesh,"22.817791022111535, 75.92631838853163",22.817791022111535,75.92631838853163,OR,Hit and Run,1,0,Pedestrian,Car,Indore
326,2022-03-20,Sunday,Othukkungal,Kerala,"11.022633201492063, 76.02460531758915",11.022633201492063,76.02460531758915,SH,Hit From Back,2,0,Two Wheeler,Truck,Nil
327,2022-03-20,Sunday,BITS Pilani Vasco,Goa,"15.386857225098757, 73.87488157173907",15.386857225098757,73.87488157173907,NH,Head On Collision ,2,1,Two Wheeler,Bus,Nil
328,2022-03-19,Saturday,Chakan,Maharashtra,"18.74894959298032, 73.87303015246229",18.74894959298032,73.87303015246229,NH,Head On Collision ,1,0,Truck,Truck,Nil
329,2022-03-18,Friday,Kuruli,Maharashtra,"18.712167579022104, 73.84833083894642",18.712167579022104,73.84833083894642,NH,Hit and Run,1,0,Pedestrian,Unidentified,Nil
330,2022-03-19,Saturday,Pachalloor,Kerala,"8.425114026256335, 76.96239452051852",8.425114026256335,76.96239452051852,NH,Hit and Run,2,0,Pedestrian,Unidentified,Thiruvananthapuram
331,2022-03-20,Sunday,Madampatti,Tamil Nadu,"10.972996028122317, 76.85939808424197",10.972996028122317,76.85939808424197,OR,Head On Collision ,2,0,Two Wheeler,Two Wheeler,Nil
332,2022-03-20,Sunday,Malihabad,Uttar Pradesh,"26.925601417475015, 80.71326575663424",26.925601417475015,80.71326575663424,NH,Head On Collision ,3,1,Car,Truck,Nil
333,2022-03-21,Monday,Chandni Chowk Pune,Maharashtra,"18.50775263416563, 73.78094308026502",18.50775263416563,73.78094308026502,NH,Hit and Run,1,0,Two Wheeler,Unidentified,Pune
334,2022-03-22,Tuesday,Paud,Maharashtra,"18.523643275656518, 73.61912720298396",18.523643275656518,73.61912720298396,SH,Others,1,4,Two Wheeler,Truck,Nil
335,2022-03-23,Wednesday,Geeta Colony ,Delhi,"28.64956655017259, 77.26835112560862",28.64956655017259,77.26835112560862,OR,Run Off Road,1,1,Two Wheeler,Nil,Delhi
336,2022-03-21,Monday,Chhola,Madhya Pradesh,"23.444971796295036, 77.5908366379383",23.444971796295036,77.5908366379383,OR,Others,1,2,Two Wheeler,Unidentified,Nil
337,2022-03-21,Monday,Bhojka,Rajasthan,"26.944745583993694, 71.17748065615804",26.944745583993694,71.17748065615804,NH,Head On Collision ,1,0,Car,Truck,Nil
338,2022-03-23,Wednesday,Habibganj,Madhya Pradesh,"23.644894223234477, 77.37362362570198",23.644894223234477,77.37362362570198,NH,Hit and Run,1,0,Pedestrian,Unidentified,Nil
339,2022-03-23,Wednesday,Buchireddypalem,Andhra Pradesh,"14.538681632255633, 79.87098174140185",14.538681632255633,79.87098174140185,SH,Others,1,34,Bus,Truck,Nil
340,2022-03-24,Thursday,Dahisar,Maharashtra,"19.493534128994547, 72.86529457913572",19.493534128994547,72.86529457913572,OR,Hit and Run,2,0,Pedestrian,Car,Nil
341,2022-03-24,Thursday,Kothapalli,Andhra Pradesh,"16.31620733669864, 79.9089805723207",16.31620733669864,79.9089805723207,OR,Head On Collision ,3,10,Auto Rickshaw,Car,Nil
342,2022-03-23,Wednesday,Berasia,Madhya Pradesh,"23.622972151317818, 77.43896535202445",23.622972151317818,77.43896535202445,NH,Hit and Run,1,0,Pedestrian,Car,Nil
343,2022-03-24,Thursday,Kotapalli,Andhra Pradesh,"16.313366889296606, 79.91658201878245",16.313366889296606,79.91658201878245,OR,Head On Collision ,3,10,Auto Rickshaw,Car,Nil
344,2022-03-25,Friday,Murlipura,Rajasthan,"26.97329716136762, 75.75200510380681",26.97329716136762,75.75200510380681,NH,Hit and Run,2,3,Pedestrian,Pick Up,Jaipur
345,2022-03-24,Thursday,Makhmalabad,Maharashtra,"20.04600488961532, 73.78192209476408",20.04600488961532,73.78192209476408,SH,Hit and Run,1,1,Two Wheeler,Unidentified,Nashik
346,2022-03-26,Saturday,Sadhupul,Himachal Pradesh,"30.995997444574527, 77.16195518053911",30.995997444574527,77.16195518053911,OR,Vehicle Overturn,3,3,Bus,Gorge,Nil
347,2022-03-25,Friday,Kali Kholi Dham,Rajasthan,"28.18230078918827, 76.84364266963185",28.18230078918827,76.84364266963185,OR,Others,1,1,Bicycle,SUV,Nil
348,2022-03-26,Saturday,Tirumala Ghat Rd,Andhra Pradesh,"13.642311228271685, 79.37428208359776",13.642311228271685,79.37428208359776,OR,Vehicle Overturn,8,45,Bus,Gorge,Nil
349,2022-03-26,Saturday,Kapikad,Karnataka,"12.891476094655223, 74.8389922271683",12.891476094655223,74.8389922271683,OR,Hit From Back,1,1,Two Wheeler,Car,Nil
350,2022-03-25,Friday,Parsaipalle,Telangana,"17.364729331569848, 79.52306107787611",17.364729331569848,79.52306107787611,OR,Vehicle Overturn,2,5,Auto Rickshaw,Nil,Nil
351,2022-03-26,Saturday,Samon Ki Dhani,Rajasthan,"25.033442643350504, 71.15309353338016",25.033442643350504,71.15309353338016,NH,Hit and Run,2,2,SUV,Unidentified,Nil
352,2022-03-27,Sunday,Regupalem Junction,Andhra Pradesh,"17.54245898655154, 82.84608063207641",17.54245898655154,82.84608063207641,OR,Fixed Object Collision,2,0,Two Wheeler,Divider,Nil
353,2022-03-28,Monday,Jot ,Himachal Pradesh,"32.49814017838053, 76.05668866434591",32.49814017838053,76.05668866434591,OR,Run Off Road,3,2,Car,Nil,Nil
354,2022-03-26,Saturday,Miyapur,Telangana,"17.509872371083986, 78.36186632666866",17.509872371083986,78.36186632666866,OR,With Parked Vehicle,1,0,Auto Rickshaw,Bus,Hyderabad
355,2022-03-28,Monday,Lam ,Jammu,"33.18350949098157, 74.1436194735346",33.18350949098157,74.1436194735346,OR,Vehicle Overturn,1,56,Bus,Gorge,Nil
356,2022-03-23,Wednesday,Nandur Naka,Maharashtra,"19.997540139104622, 73.84619243807843",19.997540139104622,73.84619243807843,SH,Hit From Back,1,0,Two Wheeler,Car,Nashik
357,2022-03-26,Saturday,Dwarka Flyover,Maharashtra,"19.995635061963444, 73.80014527715502",19.995635061963444,73.80014527715502,NH,Hit and Run,1,0,Two Wheeler,Unidentified,Nashik
358,2022-03-28,Monday,Tagdi,Gujarat,"21.682811615194524, 72.18554626754947",21.682811615194524,72.18554626754947,SH,Hit and Run,1,0,Pedestrian,Bus,Nil
359,2022-03-28,Monday,Nagla,Uttarakhand,"28.997203705235954, 79.51982690464236",28.997203705235954,79.51982690464236,NH,Head On Collision ,2,2,Car,Car,Nil
360,2022-03-28,Monday,Kamareddy,Telangana,"18.325421308896082, 78.33671289159956",18.325421308896082,78.33671289159956,SH,With Parked Vehicle,5,1,Car,Bus,Nil
361,2022-03-28,Monday,Red Hills,Tamil Nadu,"13.190783091478997, 80.19027658483105",13.190783091478997,80.19027658483105,NH,Others,1,1,Two Wheeler,Two Wheeler,Chennai
362,2022-03-28,Monday,R K Pet,Tamil Nadu,"13.151971575559946, 79.43306746420294",13.151971575559946,79.43306746420294,SH,Hit and Run,1,0,Pedestrian,Tractor,Nil
363,2022-03-28,Monday,Narayanpur,Maharashtra,"18.302276963312497, 73.97470322663037",18.302276963312497,73.97470322663037,OR,Hit From Back,1,1,Two Wheeler,Truck,Nil
364,2022-03-30,Wednesday,BSF Quarters,West Bengal,"22.581638997335748, 88.43569962072566",22.581638997335748,88.43569962072566,SH,Hit From Back,1,0,Two Wheeler,Bus,Kolkata
365,2022-03-29,Tuesday,Dilip Nagar Tricircle,Madhya Pradesh,"22.719123211499827, 75.90901828646132",22.719123211499827,75.90901828646132,OR,Head On Collision ,3,0,Two Wheeler,Bus,Indore
366,2022-03-29,Tuesday,Seetharamapuram,Andhra Pradesh,"15.01307210074714, 79.1444151537734",15.01307210074714,79.1444151537734,NH,With Parked Vehicle,2,3,Car,Lorry,Nil
367,2022-03-30,Wednesday,Firozabad,Uttar Pradesh,"27.15083110001251, 78.40875398690227",27.15083110001251,78.40875398690227,SH,With Parked Vehicle,5,1,Pick Up,Truck,Nil
368,2022-03-30,Wednesday,Janpath,Delhi,"28.62594267821742, 77.21703786094925",28.62594267821742,77.21703786094925,OR,Hit and Run,1,0,Pedestrian,Car,Delhi
369,2022-03-30,Wednesday,Khuntavali,Maharashtra,"19.121374247652373, 73.24219155935228",19.121374247652373,73.24219155935228,OR,Hit and Run,1,0,Pedestrian,Two Wheeler,Nil
370,2022-04-01,Friday,Bhikiyasan,Uttarakhand,"29.692679266873924, 79.26730347942578",29.692679266873924,79.26730347942578,OR,Vehicle Overturn,3,4,Car,Ditch,Nil
371,2022-04-01,Friday,Midthur,Andhra Pradesh,"15.771109039806735, 78.29277991268702",15.771109039806735,78.29277991268702,SH,Others,2,2,Bus,Truck,Nil
372,2022-03-31,Thursday,Hastings Crossing,West Bengal,"22.5258797785175, 88.39572396277454",22.5258797785175,88.39572396277454,SH,Others,1,1,Truck,Unidentified,Kolkata
373,2022-03-31,Thursday,Poonch,Jammu,"33.76023112882418, 74.09532449203185",33.76023112882418,74.09532449203185,OR,Vehicle Overturn,9,4,Van,Gorge,Nil
374,2022-04-02,Saturday,Takara,Odisha,"20.386849301378763, 84.75951006419386",20.386849301378763,84.75951006419386,NH,Others,1,15,Bus,Truck,Nil
375,2022-04-02,Saturday,Sembarai,Tamil Nadu,"12.330894102290552, 78.64516600099078",12.330894102290552,78.64516600099078,OR,Vehicle Overturn,7,14,Truck,Gorge,Nil
376,2022-04-01,Friday,Sarat Bose Junction,West Bengal,"22.53473426703114, 88.35349413112056",22.53473426703114,88.35349413112056,OR,With Parked Vehicle,1,1,Two Wheeler,Two Wheeler,Kolkata
377,2022-04-01,Friday,Seebara,Karnataka,"14.259495209831883, 76.34745630421739",14.259495209831883,76.34745630421739,NH,Hit From Back,2,1,Car,Truck,Nil
378,2022-04-03,Sunday,Padipeta,Andhra Pradesh,"13.5964583824096, 79.468585292512",13.5964583824096,79.468585292512,SH,Head On Collision ,2,0,Two Wheeler,Car,Nil
379,2022-04-02,Saturday,Marrivalasa,Andhra Pradesh,"17.8740683869601, 83.0790461056656",17.8740683869601,83.0790461056656,SH,Fixed Object Collision,3,0,Two Wheeler,Tree,Nil
380,2022-04-02,Saturday,Sri Paidimamba Hotel,Andhra Pradesh,"17.62550225814061, 83.08718008575381",17.62550225814061,83.08718008575381,SH,Head On Collision ,1,1,Two Wheeler,Lorry,Nil
381,2022-04-04,Monday,Ismail Yusuf College,Maharashtra,"19.135331974454036, 72.85494317192074",19.135331974454036,72.85494317192074,OR,Fixed Object Collision,2,1,Car,Bridge,Mumbai
382,2022-04-03,Sunday,Jaitpur,Uttar Pradesh,"28.552632789117965, 79.90025737886869",28.552632789117965,79.90025737886869,NH,Fixed Object Collision,2,8,Van,Culvert,Nil
383,2022-04-04,Monday,Pandoh Dam,Himachal Pradesh,"31.66970962001833, 77.06586802710562",31.66970962001833,77.06586802710562,NH,Fixed Object Collision,1,38,Bus,Wall,Nil
384,2022-04-04,Monday,Ranakpur,Rajasthan,"25.092960195726874, 73.46160638222635",25.092960195726874,73.46160638222635,SH,Vehicle Overturn,1,0,Car,Gorge,Nil
385,2022-04-03,Sunday,Konalai,Tamil Nadu,"10.981239408019409, 78.77209130515581",10.981239408019409,78.77209130515581,NH,Hit From Back,1,7,Van,Truck,Nil
386,2022-04-03,Sunday,DD Motors Mayapuri,Delhi,"28.62602923604718, 77.12056827917954",28.62602923604718,77.12056827917954,OR,Hit and Run,1,0,Pedestrian,Car,Delhi
387,2022-04-04,Monday,Anand,Gujarat,"22.569819011113804, 72.95995977859526",22.569819011113804,72.95995977859526,OR,With Parked Vehicle,1,15,Bus,Bus,Nil
388,2022-04-05,Tuesday,Vondh,Gujarat,"23.299427266699663, 70.40345904842641",23.299427266699663,70.40345904842641,NH,Hit From Back,3,0,Two Wheeler,Truck,Nil
389,2022-04-05,Tuesday,Devprayag,Uttarakhand,"30.150608317979895, 78.59925397495051",30.150608317979895,78.59925397495051,NH,Vehicle Overturn,3,0,Truck,Gorge,Nil
390,2022-04-06,Wednesday,Paschim Vihar,Delhi,"28.679125417005295, 77.09443602339877",28.679125417005295,77.09443602339877,OR,Hit and Run,1,2,Pedestrian,Car,Delhi
391,2022-04-05,Tuesday,Bhatia Junction,Uttar Pradesh,"26.459541143422, 80.24767007985751",26.459541143422,80.24767007985751,OR,Head On Collision ,1,2,Car,Truck,Kanpur
392,2022-04-05,Tuesday,Kolwadi,Maharashtra,"18.536993846113365, 74.03235874368784",18.536993846113365,74.03235874368784,OR,Hit From Back,2,0,Two Wheeler,Truck,Nil
393,2022-04-05,Tuesday,Telaprolu,Andhra Pradesh,"16.580804903849405, 80.89312210420972",16.580804903849405,80.89312210420972,SH,Run Off Road,1,1,Two Wheeler,Nil,Nil
394,2022-04-05,Tuesday,Kosappur Junction,Tamil Nadu,"13.183598472157183, 80.23440682082393",13.183598472157183,80.23440682082393,OR,Hit From Back,2,0,Two Wheeler,Truck,Nil
395,2022-04-06,Wednesday,Mathur,Tamil Nadu,"13.171279357726565, 80.2439789680553",13.171279357726565,80.2439789680553,OR,Hit and Run,1,0,Pedestrian,Truck,Chennai
396,2022-04-05,Tuesday,Chalamatti,Karnataka,"15.281800721919511, 75.058526902019",15.281800721919511,75.058526902019,NH,Head On Collision ,3,2,Car,Truck,Nil
397,2022-04-06,Wednesday,Palode,Kerala,"8.723635248478216, 77.02141618446213",8.723635248478216,77.02141618446213,OR,Hit and Run,1,0,Pedestrian,Car,Nil
398,2022-04-05,Tuesday,Rama,Madhya Pradesh,"22.720453428245552, 75.86160460073096",22.720453428245552,75.86160460073096,OR,Hit and Run,2,3,Pedestrian,Truck,Indore
399,2022-04-07,Thursday,Katuru,Andhra Pradesh,"16.423952188523433, 80.86229319889544",16.423952188523433,80.86229319889544,SH,Hit From Back,1,4,Car,Tractor,Nil
400,2022-04-06,Wednesday,Sector 52-53,Chandigarh,"30.713025554739676, 76.7310651754111",30.713025554739676,76.7310651754111,OR,Head On Collision ,1,3,Two Wheeler,Two Wheeler,Chandigarh
401,2022-04-07,Thursday,Vajra Enclave,Telangana,"17.50621987331073, 78.50462883692596",17.50621987331073,78.50462883692596,OR,Head On Collision ,1,0,Pedestrian,Car,Hyderabad
402,2022-04-06,Wednesday,Maldhari Crossing,Gujarat,"22.239040864246256, 70.80054155721797",22.239040864246256,70.80054155721797,OR,Others,1,0,Two Wheeler,Truck,Rajkot
403,2022-04-07,Thursday,Hatpipliya,Madhya Pradesh,"22.767739476550357, 76.30006755515738",22.767739476550357,76.30006755515738,SH,Hit From Back,3,0,Two Wheeler,Truck,Nil
404,2022-04-09,Saturday,Gahunje Bridge,Maharashtra,"18.669361372986447, 73.70523150874553",18.669361372986447,73.70523150874553,NH,Hit From Back,4,0,Car,Truck,Nil
405,2022-04-07,Thursday,Wagholi,Maharashtra,"18.576226529923478, 73.96439239883848",18.576226529923478,73.96439239883848,NH,Head On Collision ,1,0,Pedestrian,Bus,Pune
406,2022-04-06,Wednesday,Ratibad,Madhya Pradesh,"23.169829884385884, 77.32106913299467",23.169829884385884,77.32106913299467,OR,Vehicle Overturn,1,0,Two Wheeler,Nil,Nil
407,2022-04-07,Thursday,Vandalur,Tamil Nadu,"12.88591495582588, 80.08040687151578",12.88591495582588,80.08040687151578,NH,Hit From Back,2,0,Two Wheeler,Bus,Chennai
408,2022-04-08,Friday,Chhola Road,Madhya Pradesh,"23.276018511391488, 77.41485091850154",23.276018511391488,77.41485091850154,OR,Others,1,2,Pedestrian,Ambulance,Bhopal
409,2022-04-07,Thursday,Bari Naka,Madhya Pradesh,"22.70291816153943, 76.12554753043058",22.70291816153943,76.12554753043058,OR,Others,3,0,Two Wheeler,Truck,Nil
410,2022-04-08,Friday,Armapur,Uttar Pradesh,"26.46168600616486, 80.26142451959889",26.46168600616486,80.26142451959889,OR,Vehicle Overturn,1,6,SUV,Nil,Kanpur
411,2022-04-09,Saturday,Kondagaon,Chhattisgarh,"19.598982977379222, 81.66725013695202",19.598982977379222,81.66725013695202,NH,Fixed Object Collision,1,2,Car,Tree,Nil
412,2022-04-09,Saturday,Bhesan,Gujarat,"21.561190838023762, 70.69380270430669",21.561190838023762,70.69380270430669,SH,Hit From Back,1,1,Two Wheeler,Truck,Nil
413,2022-04-09,Saturday,Yekkur,Karnataka,"12.872029863590946, 74.86383181736954",12.872029863590946,74.86383181736954,NH,Hit From Back,1,0,Two Wheeler,Truck,Nil
414,2022-04-09,Saturday,Bhognipur,Uttar Pradesh,"26.201229579749192, 79.81247657221951",26.201229579749192,79.81247657221951,NH,Head On Collision ,3,4,Two Wheeler,Tractor,Nil
415,2022-04-08,Friday,Bhosari,Maharashtra,"18.637106819015163, 73.84988079329204",18.637106819015163,73.84988079329204,NH,Hit and Run,1,0,Pedestrian,Truck,Nil
416,2022-04-09,Saturday,Kurali,Maharashtra,"18.720052899904065, 73.85047660624807",18.720052899904065,73.85047660624807,NH,Others,1,0,Two Wheeler,Truck,Nil
417,2022-04-10,Sunday,Perumbavoor,Kerala,"10.123612582478428, 76.48036075151026",10.123612582478428,76.48036075151026,OR,Vehicle Overturn,1,0,Two Wheeler,Canal,Nil
418,2022-04-10,Sunday,Sai Temple makuri,Uttar Pradesh,"28.682779530176727, 77.48174137516231",28.682779530176727,77.48174137516231,OR,Head On Collision ,4,2,Two Wheeler,Car,Ghaziabad
419,2022-04-10,Sunday,Budoli,Karnataka,"12.949288313011635, 75.0718304192007",12.949288313011635,75.0718304192007,OR,Others,1,3,Car,Car,Nil
420,2022-04-10,Sunday,Pune-Ahmedabad Highway,Maharashtra,"18.526761186241092, 73.85204922102443",18.526761186241092,73.85204922102443,NH,Head On Collision ,1,25,Car,Bus,Pune
421,2022-04-12,Tuesday,Mohammadpur,Uttar Pradesh,"26.941368180703638, 81.17162240541494",26.941368180703638,81.17162240541494,OR,With Parked Vehicle,3,0,Van,Truck,Nil
422,2022-04-11,Monday,Kshipra Bypass Road,Madhya Pradesh,"22.902650161552707, 75.97796428673341",22.902650161552707,75.97796428673341,NH,Others,1,2,Two Wheeler,Truck,Nil
423,2022-04-11,Monday,Makkuva,Andhra Pradesh,"18.65945991780443, 83.26866378153295",18.65945991780443,83.26866378153295,SH,Run Off Road,1,1,Two Wheeler,Nil,Nil
424,2022-04-11,Monday,Ukkadam,Tamil Nadu,"10.994733560179242, 76.96875643801445",10.994733560179242,76.96875643801445,OR,Fixed Object Collision,1,3,Car,Divider,Coimbatore
425,2022-04-12,Tuesday,Kushalgarh,Rajasthan,"23.19544452061331, 74.44391666904448",23.19544452061331,74.44391666904448,SH,Head On Collision ,3,20,Bus,Tractor,Nil
426,2022-04-12,Tuesday,Garabandha,Odisha,"18.831068124242655, 84.27174561000847",18.831068124242655,84.27174561000847,SH,Head On Collision ,2,2,Two Wheeler,Two Wheeler,Nil
427,2022-04-11,Monday,Chengalpet,Tamil Nadu,"12.676546999838553, 79.99978433372533",12.676546999838553,79.99978433372533,SH,Head On Collision ,3,0,Lorry,Truck,Nil
428,2022-04-12,Tuesday,Tibniyar,Rajasthan,"26.030203017950896, 70.91346201393944",26.030203017950896,70.91346201393944,OR,Vehicle Overturn,2,10,SUV,Nil,Nil
429,2022-04-12,Tuesday,Malumichampatti,Tamil Nadu,"10.905377377294188, 76.9971740559451",10.905377377294188,76.9971740559451,NH,Vehicle Overturn,2,2,Ambulance,Nil,Nil
430,2022-04-13,Wednesday,Aimata Temple,Telangana,"17.408324254611227, 78.65562326919091",17.408324254611227,78.65562326919091,OR,Hit From Back,2,0,Two Wheeler,Truck,Hyderabad
431,2022-04-13,Wednesday,Nai ,Rajasthan,"26.916443718042647, 75.86306769223953",26.916443718042647,75.86306769223953,OR,Vehicle Overturn,5,13,SUV,Gorge,Jaipur
432,2022-04-13,Wednesday,Kapahbari,Assam,"26.029810713639982, 92.93018884603839",26.029810713639982,92.93018884603839,OR,Fixed Object Collision,5,5,SUV,Railing,Nil
433,2022-04-12,Tuesday,Ashta,Madhya Pradesh,"23.01785728193693, 76.72633917479718",23.01785728193693,76.72633917479718,SH,Hit From Back,2,1,Car,Lorry,Nil
434,2022-04-12,Tuesday,Bihari,Uttar Pradesh,"26.359916220415354, 79.8593936761911",26.359916220415354,79.8593936761911,NH,Hit From Back,4,4,Pick Up,Truck,Nil
435,2022-04-15,Friday,Sankarapuram,Tamil Nadu,"11.797728841314983, 79.20314770572611",11.797728841314983,79.20314770572611,OR,Hit and Run,2,4,Pedestrian,SUV,Nil
436,2022-04-15,Friday,MBS Hospital,Rajasthan,"25.19828882143047, 75.858251500867",25.19828882143047,75.858251500867,OR,Hit and Run,1,2,Pedestrian,Car,Kota
437,2022-04-15,Friday,Bhawi,Rajasthan,"26.227105879573745, 73.6201015735607",26.227105879573745,73.6201015735607,NH,Hit From Back,6,3,Car,Truck,Nil
438,2022-04-13,Wednesday,Kalanagar Flyover,Maharashtra,"19.054881955818306, 72.84647030885186",19.054881955818306,72.84647030885186,OR,Hit From Back,2,1,Two Wheeler,Two Wheeler,Mumbai
439,2022-04-15,Friday,Ramwasa,Madhya Pradesh,"23.067434634722236, 75.82225197023755",23.067434634722236,75.82225197023755,SH,Run Off Road,1,4,Car,Nil,Nil
440,2022-04-14,Thursday,Shashtrinagar,Chandigarh,"30.71986900643926, 76.82354771827367",30.71986900643926,76.82354771827367,OR,Fixed Object Collision,1,0,Two Wheeler,Pole,Chandigarh
441,2022-04-14,Thursday,EWS Flats Dhanas,Chandigarh,"30.73480019932561, 76.75148064797337",30.73480019932561,76.75148064797337,NH,Hit and Run,1,0,Pedestrian,Two Wheeler,Chandigarh
442,2022-04-16,Saturday,Girad ,Himachal Pradesh,"32.53057554629484, 76.38425810709141",32.53057554629484,76.38425810709141,OR,Vehicle Overturn,3,0,Car,River,Nil
443,2022-04-17,Sunday,Biswanath,Assam,"26.740171597463235, 93.13518556287205",26.740171597463235,93.13518556287205,NH,Run Off Road,5,7,SUV,Nil,Nil
444,2022-04-16,Saturday,Kasarkheda,Maharashtra,"19.2544764448886, 77.2750422220933",19.2544764448886,77.2750422220933,OR,Run Off Road,1,4,Tractor,Nil,Nil
445,2022-04-15,Friday,Patrakar Colony ,Gujarat,"22.28880880427284, 73.155765072573",22.28880880427284,73.155765072573,OR,Hit and Run,1,0,Pedestrian,Car,Vadodara
446,2022-04-15,Friday,Shajapur,Madhya Pradesh,"23.41738772247104, 76.27213749049376",23.41738772247104,76.27213749049376,SH,Hit and Run,1,1,Car,Unidentified,Nil
447,2022-04-17,Sunday,Kala Academy ,Goa,"15.494171090497959, 73.81834972748148",15.494171090497959,73.81834972748148,OR,Head On Collision ,1,0,Two Wheeler,SUV,Nil
448,2022-04-17,Sunday,PMT Bus Depot,Maharashtra,"18.501875704897813, 73.93945146677993",18.501875704897813,73.93945146677993,OR,Hit and Run,1,0,Pedestrian,Truck,Pune
449,2022-04-15,Friday,Sharmik Nagar,Maharashtra,"19.99584045699654, 73.71046632576827",19.99584045699654,73.71046632576827,OR,Hit and Run,1,0,Two Wheeler,Unidentified,Nashik
450,2022-04-16,Saturday,Khara Mukh,Himachal Pradesh,"32.46665742303505, 76.44948547422419",32.46665742303505,76.44948547422419,NH,Run Off Road,3,0,Car,Gorge,Nil
451,2022-04-17,Sunday,Uttar KariBil,Assam,"26.9144246821791, 93.4384607461288",26.9144246821791,93.4384607461288,OR,Run Off Road,5,0,Van,Gorge,Nil
452,2022-04-17,Sunday,Haja,Uttarakhand,"30.70088486737961, 77.82058594642874",30.70088486737961,77.82058594642874,OR,Run Off Road,4,1,Car,Gorge,Nil
453,2022-04-16,Saturday,Materwadi,Maharashtra,"18.53890188950243, 73.68393535995644",18.53890188950243,73.68393535995644,OR,Fixed Object Collision,2,0,Two Wheeler,Pole,Nil
454,2022-04-19,Tuesday,Leela ki dhani,Rajasthan,"27.894518754260805, 75.5195796533422",27.894518754260805,75.5195796533422,SH,With Parked Vehicle,11,7,Car,Tractor,Nil
455,2022-04-17,Sunday,Raha,Uttar Pradesh,"26.172500703315002, 80.12020879743844",26.172500703315002,80.12020879743844,OR,Head On Collision ,6,11,Van,Truck,Nil
456,2022-04-18,Monday,Mehlan Junction Sangrur,Punjab,"30.159175616700445, 75.89198824181408",30.159175616700445,75.89198824181408,SH,Hit and Run,1,3,Pedestrian,Bus,Nil
457,2022-04-18,Monday,Kallahally,Karnataka,"13.1090918133165, 77.78941921897804",13.1090918133165,77.78941921897804,OR,Fixed Object Collision,6,0,Car,Tree,Nil
458,2022-04-18,Monday,Amroli,Gujarat,"21.241376697864432, 72.85236566026549",21.241376697864432,72.85236566026549,OR,Others,2,0,Two Wheeler,Truck,Surat
459,2022-04-18,Monday,Gunga,Madhya Pradesh,"23.44757243471522, 77.36436802486355",23.44757243471522,77.36436802486355,OR,Others,1,0,Two Wheeler,Bus,Nil
460,2022-04-19,Tuesday,Begur,Karnataka,"12.889272287739498, 77.62569230321775",12.889272287739498,77.62569230321775,NH,Head On Collision ,1,0,Two Wheeler,Car,Bengaluru
461,2022-04-18,Monday,Bambora,Rajasthan,"27.799356605493642, 76.73894056278301",27.799356605493642,76.73894056278301,SH,Others,4,0,Two Wheeler,Car,Nil
462,2022-04-18,Monday,Barmer,Rajasthan,"25.770276918729678, 71.42749308706475",25.770276918729678,71.42749308706475,NH,Others,1,3,Two Wheeler,Car,Nil
463,2022-04-21,Thursday,Angralla,Jammu,"33.36989542597566, 74.87960210454254",33.36989542597566,74.87960210454254,OR,Vehicle Overturn,3,6,Car,Gorge,Nil
464,2022-04-21,Thursday,Derasar,Rajasthan,"25.79831184514784, 71.16921130348882",25.79831184514784,71.16921130348882,OR,Head On Collision ,1,1,Pedestrian,Pick Up,Nil
465,2022-04-20,Wednesday,Hunsur,Karnataka,"12.29501625188559, 76.28993924551796",12.29501625188559,76.28993924551796,SH,Fixed Object Collision,6,3,SUV,Tree,Nil
466,2022-04-21,Thursday,Panjrapole Intersection,Gujarat,"23.027061511160188, 72.544926989018",23.027061511160188,72.544926989018,OR,Others,1,1,Two Wheeler,Truck,Ahmedabad
467,2022-04-20,Wednesday,Desuri,Rajasthan,"25.274202246112697, 73.57923514893909",25.274202246112697,73.57923514893909,SH,Fixed Object Collision,3,69,Bus,Nil,Nil
468,2022-04-21,Thursday,Murgia Chak,Bihar,"25.83487828621875, 85.33500360056412",25.83487828621875,85.33500360056412,OR,Hit and Run,1,0,Pedestrian,SUV,Nil
469,2022-04-21,Thursday,Mohanpur,Bihar,"25.8388962736232, 85.76681502036023",25.8388962736232,85.76681502036023,SH,Others,2,0,Two Wheeler,Truck,Nil
470,2022-04-22,Friday,Medhakwas,Madhya Pradesh,"22.962557046705843, 75.52744832280665",22.962557046705843,75.52744832280665,OR,Hit From Back,1,0,Two Wheeler,Truck,Nil
471,2022-04-22,Friday,Singarpur,Chhattisgarh,"21.826943117026335, 82.0084168860238",21.826943117026335,82.0084168860238,OR,Fixed Object Collision,5,0,Car,Bridge,Nil
472,2022-04-23,Saturday,Saygaon,Maharashtra,"18.63941091769798, 76.76402564055542",18.63941091769798,76.76402564055542,OR,Head On Collision ,7,0,SUV,Truck,Nil
473,2022-04-21,Thursday,Aadhar Teerth,Maharashtra,"19.951734479385077, 73.56741328905738",19.951734479385077,73.56741328905738,NH,Hit From Back,1,0,Two Wheeler,Car,Nil
474,2022-04-22,Friday,Laxmipur,Bihar,"25.046374876476605, 86.93369751859285",25.046374876476605,86.93369751859285,OR,Head On Collision ,3,1,Car,SUV,Nil
475,2022-04-22,Friday,Bara Railway Crossing,Bihar,"24.889629573670987, 86.61099563394598",24.889629573670987,86.61099563394598,OR,Others,3,0,Two Wheeler,Pick Up,Nil
476,2022-04-22,Friday,Sadalpur Junction,Madhya Pradesh,"22.73837868031073, 75.41630565076322",22.73837868031073,75.41630565076322,NH,Hit and Run,1,1,Two Wheeler,Unidentified,Nil
477,2022-04-22,Friday,Dindori Road,Maharashtra,"20.04593894486277, 73.80579635852874",20.04593894486277,73.80579635852874,SH,Hit From Back,1,1,Two Wheeler,Car,Nashik
478,2022-04-23,Saturday,Pathardi Junction,Maharashtra,"19.962364499644735, 73.77830912895728",19.962364499644735,73.77830912895728,OR,Others,1,0,Two Wheeler,Two Wheeler,Nashik
479,2022-04-24,Sunday,Peddakalvala,Telangana,"18.578989016195717, 79.36551061472527",18.578989016195717,79.36551061472527,SH,With Parked Vehicle,3,4,SUV,Truck,Nil
480,2022-04-25,Monday,Makroniya,Madhya Pradesh,"23.85444928204001, 78.79416489774007",23.85444928204001,78.79416489774007,SH,Hit From Back,1,1,Two Wheeler,Car,Nil
481,2022-04-25,Monday,Srikalahasti,Andhra Pradesh,"13.750992856158822, 79.6934139700201",13.750992856158822,79.6934139700201,NH,Head On Collision ,4,8,Van,Truck,Nil
482,2022-04-25,Monday,Bridge Darna River,Maharashtra,"19.953154908495364, 73.8929701909034",19.953154908495364,73.8929701909034,OR,Hit and Run,1,0,Pedestrian,Car,Nil
483,2022-04-25,Monday,Pathardi Road,Maharashtra,"19.963055553975718, 73.7787320913185",19.963055553975718,73.7787320913185,OR,Run Off Road,1,0,Two Wheeler,Nil,Nashik
484,2022-04-24,Sunday,Pimpri,Maharashtra,"20.042239217323, 73.92583785052105",20.042239217323,73.92583785052105,OR,Others,1,2,Two Wheeler,Truck,Nil
485,2022-04-25,Monday,Dundur,Karnataka,"15.439879492250759, 75.31420272936964",15.439879492250759,75.31420272936964,OR,Hit and Run,2,0,Two Wheeler,Unidentified,Nil
486,2022-04-25,Monday,Panagar,Madhya Pradesh,"23.28543455286936, 79.99283903508297",23.28543455286936,79.99283903508297,OR,Others,3,0,Two Wheeler,Car,Nil
487,2022-04-25,Monday,Jhammat Bridge,Punjab,"30.700775777548813, 75.87145147031943",30.700775777548813,75.87145147031943,SH,Vehicle Overturn,5,1,SUV,Canal,Nil
488,2022-04-27,Wednesday,Nasirpura,Uttar Pradesh,"29.96850796266665, 77.41054641219449",29.96850796266665,77.41054641219449,OR,Run Off Road,3,6,Car,Nil,Nil
489,2022-04-28,Thursday,Padmavati Junction,Maharashtra,"18.47447111558917, 73.85625672943155",18.47447111558917,73.85625672943155,NH,Others,1,5,Two Wheeler,Bus,Pune
490,2022-04-27,Wednesday,Shuklampura,Uttar Pradesh,"28.81983719440365, 77.95134545025617",28.81983719440365,77.95134545025617,OR,Head On Collision ,3,0,Two Wheeler,Pick Up,Nil
491,2022-04-27,Wednesday,Bodhale Junction,Maharashtra,"19.979574740467225, 73.80746902150943",19.979574740467225,73.80746902150943,OR,Hit and Run,1,0,Pedestrian,Truck,Nashik
492,2022-04-25,Monday,Shivaji Nagar,Maharashtra,"20.01247947962857, 73.70822613430512",20.01247947962857,73.70822613430512,OR,Others,1,1,Two Wheeler,Two Wheeler,Nashik
493,2022-04-28,Thursday,Rajiv Rahadari,Telangana,"18.167944800968232, 78.98399312247022",18.167944800968232,78.98399312247022,SH,Fixed Object Collision,2,0,Car,Divider,Nil
494,2022-04-29,Friday,Thol,Haryana,"30.16966929895964, 76.7142578185512",30.16966929895964,76.7142578185512,SH,Head On Collision ,1,1,Two Wheeler,SUV,Nil
495,2022-04-28,Thursday,Sevaniya,Gujarat,"22.591463037301, 74.00111840706462",22.591463037301,74.00111840706462,OR,Head On Collision ,2,0,Two Wheeler,SUV,Nil
496,2022-04-28,Thursday,Chakeri,Uttar Pradesh,"27.87732506064252, 78.59079201357487",27.87732506064252,78.59079201357487,OR,Head On Collision ,2,0,Two Wheeler,Truck,Nil
497,2022-04-29,Friday,Ranebennur,Karnataka,"14.605618858349239, 75.646646142623",14.605618858349239,75.646646142623,SH,Head On Collision ,4,4,Car,Car,Nil
498,2022-04-27,Wednesday,Dukkar Khind,Maharashtra,"18.502828146187575, 73.79273536008648",18.502828146187575,73.79273536008648,OR,Others,1,0,Two Wheeler,Unidentified,Pune
499,2022-05-01,Sunday,Kawarsi,Uttar Pradesh,"28.212999609199144, 77.78246750806592",28.212999609199144,77.78246750806592,OR,Hit and Run,3,4,Pedestrian,Truck,Nil
500,2022-04-29,Friday,Kapariwas Chowk,Haryana,"28.240730315261757, 76.81172053351116",28.240730315261757,76.81172053351116,NH,Head On Collision ,1,0,Two Wheeler,Bus,Nil
501,2022-04-30,Saturday,KVSR College,Andhra Pradesh,"15.73886532453066, 78.00883490269743",15.73886532453066,78.00883490269743,NH,Others,1,0,Two Wheeler,Truck,Nil
502,2022-04-28,Thursday,Surdhara Circle,Gujarat,"23.052824845247688, 72.52592699336206",23.052824845247688,72.52592699336206,OR,Hit and Run,1,0,Pedestrian,Car,Ahmedabad
503,2022-05-01,Sunday,Hindoli,Rajasthan,"25.572132505563157, 75.49769646588867",25.572132505563157,75.49769646588867,NH,Head On Collision ,3,0,Two Wheeler,Car,Nil
504,2022-05-01,Sunday,Vikas Marg,Delhi,"28.630679383164843, 77.27750440437758",28.630679383164843,77.27750440437758,OR,Hit From Side,3,3,Two Wheeler,Car,Delhi
505,2022-05-01,Sunday,Station Road,Haryana,"30.159518315996593, 76.86745988134582",30.159518315996593,76.86745988134582,OR,Others,4,0,Two Wheeler,Truck,Nil
506,2022-05-02,Monday,Kasbapar,Gujarat,"20.972379664461112, 72.94042110106639",20.972379664461112,72.94042110106639,SH,Hit From Side,5,0,Car,Truck,Nil
507,2022-05-01,Sunday,Aganampudi Junction,Andhra Pradesh,"17.6896933088262, 83.13800493452116",17.6896933088262,83.13800493452116,SH,Others,2,0,Two Wheeler,Lorry,Vizag
508,2022-04-30,Saturday,Beta 2,Uttar Pradesh,"28.48095602504437, 77.5152199389311",28.48095602504437,77.5152199389311,OR,Hit and Run,1,4,Pedestrian,Car,Nil
509,2022-04-30,Saturday,Chuhurpur Underpass,Uttar Pradesh,"28.42761857627242, 77.5108676583755",28.42761857627242,77.5108676583755,NH,Hit and Run,2,0,Pedestrian,Truck,Nil
510,2022-05-01,Sunday,Navelim,Goa,"15.25354820713187, 73.96832229254049",15.25354820713187,73.96832229254049,NH,Hit From Back,2,0,Two Wheeler,Truck,Nil
511,2022-05-01,Sunday,West Phaileng,Mizoram,"23.70037319819732, 92.48449376088739",23.70037319819732,92.48449376088739,OR,Vehicle Overturn,3,0,Truck,Gorge,Nil
512,2022-05-01,Sunday,Rajarhat Expressway,West Bengal,"22.63282196747591, 88.47722056198232",22.63282196747591,88.47722056198232,SH,Fixed Object Collision,1,0,Two Wheeler,Divider,Kolkata
513,2022-05-02,Monday,Leelma,Rajasthan,"25.74342634347203, 70.64229202677052",25.74342634347203,70.64229202677052,OR,Run Off Road,1,10,Van,Nil,Nil
514,2022-05-02,Monday,Dhodar,Madhya Pradesh,"23.777091927177892, 75.10357459411742",23.777091927177892,75.10357459411742,NH,Run Off Road,1,43,Bus,Nil,Nil
515,2022-05-03,Tuesday,Patiyali,Uttar Pradesh,"27.68687341006997, 78.99534007682946",27.68687341006997,78.99534007682946,OR,Head On Collision ,8,6,Van,SUV,Nil
516,2022-05-01,Sunday,Sidharth Nagar,Maharashtra,"19.619365923859746, 74.66934423756827",19.619365923859746,74.66934423756827,OR,Hit From Back,1,0,Two Wheeler,Truck,Nil
517,2022-05-01,Sunday,Makhmalbad Road,Maharashtra,"20.028885909229132, 73.78356602795414",20.028885909229132,73.78356602795414,OR,Hit and Run,1,0,Pedestrian,Unidentified,Nashik
518,2022-05-02,Monday,Papaya's Nursery,Maharashtra,"19.986226675027623, 73.72427000478474",19.986226675027623,73.72427000478474,NH,Hit and Run,1,0,Pedestrian,Unidentified,Nashik
519,2022-05-03,Tuesday,Atta Gujran,Uttar Pradesh,"28.35668739430214, 77.52223848818913",28.35668739430214,77.52223848818913,OR,Head On Collision ,2,0,Car,Tractor,Nil
520,2022-05-04,Wednesday,Kaliyasot Bridge,Madhya Pradesh,"23.189871656632086, 77.41725455377265",23.189871656632086,77.41725455377265,OR,Head On Collision ,5,6,Auto Rickshaw,Bus,Bhopal
521,2022-05-02,Monday,Wakad,Maharashtra,"18.59495056442222, 73.75604351884867",18.59495056442222,73.75604351884867,NH,Hit and Run,1,0,Pedestrian,Truck,Nil
522,2022-05-03,Tuesday,LG Roundabout,Uttar Pradesh,"28.4868611335339, 77.49429776106942",28.4868611335339,77.49429776106942,OR,Head On Collision ,1,0,Auto Rickshaw,Truck,Nil
523,2022-05-04,Wednesday,Kharsod ,Madhya Pradesh,"23.11807752039203, 75.46407547714456",23.11807752039203,75.46407547714456,SH,Others,2,1,Car,Tractor,Nil
524,2022-05-06,Friday,Mamdapur,Maharashtra,"20.135418839658186, 74.65510756400444",20.135418839658186,74.65510756400444,OR,Others,6,7,Auto Rickshaw,Truck,Nil
525,2022-05-06,Friday,Azim Nagar,Uttar Pradesh,"28.905404289856037, 79.1062956902194",28.905404289856037,79.1062956902194,OR,Fixed Object Collision,6,0,SUV,Tree,Nil
526,2022-05-05,Thursday,Sompura Gate,Karnataka,"12.862020226009756, 77.77205292578337",12.862020226009756,77.77205292578337,OR,Head On Collision ,2,0,Car,Bus,Bengaluru
527,2022-05-04,Wednesday,Raisen,Madhya Pradesh,"23.326057720477177, 77.78323501672479",23.326057720477177,77.78323501672479,NH,Head On Collision ,5,6,Auto Rickshaw,Bus,Nil
528,2022-05-06,Friday,Umargaon,Maharashtra,"21.41739426604872, 74.12288272195988",21.41739426604872,74.12288272195988,SH,Hit From Back,7,1,SUV,Truck,Nil
529,2022-05-07,Saturday,Naujheel,Uttar Pradesh,"27.848858173365432, 77.64898347498242",27.848858173365432,77.64898347498242,OR,Hit and Run,7,2,Car,Unidentified,Nil
530,2022-05-06,Friday,Tehsil Office,Rajasthan,"24.546249333417336, 76.17053028498194",24.546249333417336,76.17053028498194,NH,Head On Collision ,3,2,Two Wheeler,Pick Up,Nil
531,2022-05-05,Thursday,Vidisha,Madhya Pradesh,"23.509171942775687, 77.78835661293982",23.509171942775687,77.78835661293982,NH,Run Off Road,1,0,Two Wheeler,Nil,Nil
532,2022-05-06,Friday,Gunga ,Madhya Pradesh,"23.449512043293492, 77.3603739357083",23.449512043293492,77.3603739357083,OR,Hit and Run,1,0,Pedestrian,Truck,Nil
533,2022-05-07,Saturday,Bilhaur,Uttar Pradesh,"26.843753078055684, 80.05730563196957",26.843753078055684,80.05730563196957,SH,Hit From Back,1,3,Car,Truck,Nil
534,2022-05-05,Thursday,Bhawar Tower,Maharashtra,"20.009652827557286, 73.71378296498804",20.009652827557286,73.71378296498804,OR,Others,1,0,Bicycle,Bus,Nashik
535,2022-05-06,Friday,Ambad Industrial Area,Maharashtra,"19.9627494591814, 73.73507929240238",19.9627494591814,73.73507929240238,OR,Fixed Object Collision,1,0,Two Wheeler,Pole,Nashik
536,2022-05-08,Sunday,Pallichal,Kerala,"8.449716258087044, 77.02523014811135",8.449716258087044,77.02523014811135,OR,Fixed Object Collision,1,1,Two Wheeler,Divider,Nil
537,2022-05-08,Sunday,Godhra Taluka,Gujarat,"22.767861943269647, 73.61872223349603",22.767861943269647,73.61872223349603,OR,Head On Collision ,3,0,Car,Truck,Nil
538,2022-05-08,Sunday,Maraikayarpattinam,Tamil Nadu,"9.27376582632313, 79.13043489159699",9.27376582632313,79.13043489159699,OR,Others,4,0,Two Wheeler,Car,Nil
539,2022-05-05,Thursday,Aluva,Kerala,"10.10300239442941, 76.34921112217255",10.10300239442941,76.34921112217255,NH,Hit and Run,1,0,Pedestrian,Unidentified,Nil
540,2022-05-08,Sunday,Hasanpalle,Telangana,"18.230128967436478, 77.9416637111745",18.230128967436478,77.9416637111745,OR,Head On Collision ,8,17,Van,Lorry,Nil
541,2022-05-08,Sunday,Vaiyampatti,Tamil Nadu,"10.550878056041286, 78.30319449051245",10.550878056041286,78.30319449051245,NH,Fixed Object Collision,2,2,Car,Divider,Nil
542,2022-05-10,Tuesday,Baran,Rajasthan,"25.073389007726288, 76.50665915927111",25.073389007726288,76.50665915927111,NH,Hit From Back,4,13,Tractor,Truck,Nil
543,2022-05-10,Tuesday,Zaheerabad,Telangana,"17.69115982171781, 77.60837662178527",17.69115982171781,77.60837662178527,NH,Head On Collision ,1,7,Pick Up,Bus,Nil
544,2022-05-09,Monday,Powat Bridge,Punjab,"30.89018554406826, 76.26028024071125",30.89018554406826,76.26028024071125,OR,Head On Collision ,2,2,Car,Car,Nil
545,2022-05-10,Tuesday,Gadra Khedi,Madhya Pradesh,"22.732695893685733, 75.84650844923",22.732695893685733,75.84650844923,OR,Head On Collision ,1,2,Car,Truck,Indore
546,2022-05-09,Monday,Adampur,Uttar Pradesh,"28.526036569312605, 78.37006266407325",28.526036569312605,78.37006266407325,OR,Others,5,3,Two Wheeler,Two Wheeler,Nil
547,2022-05-10,Tuesday,Civil Line Stadium,Madhya Pradesh,"22.722340159343197, 75.88048907591714",22.722340159343197,75.88048907591714,OR,Hit From Back,1,0,Bicycle,Bus,Indore
548,2022-05-11,Wednesday,Anakwade,Maharashtra,"20.203697639564613, 74.44080082484251",20.203697639564613,74.44080082484251,SH,Fixed Object Collision,4,1,Car,Tree,Nil
549,2022-05-11,Wednesday,Kivarali,Rajasthan,"24.543746111111346, 72.84649963022653",24.543746111111346,72.84649963022653,NH,With Parked Vehicle,4,0,Car,Truck,Nil
550,2022-05-10,Tuesday,GaneshKhind,Maharashtra,"18.55155531894663, 73.82130109671685",18.55155531894663,73.82130109671685,SH,Vehicle Overturn,3,17,Bus,Ditch,Pune
551,2022-05-11,Wednesday,Waterfall Point,Maharashtra,"19.684382247271774, 73.51307575663338",19.684382247271774,73.51307575663338,NH,Fixed Object Collision,1,6,Car,Wall,Nil
552,2022-05-13,Friday,Kashapaat Link Road,Himachal Pradesh,"31.409100888859907, 77.82994025068348",31.409100888859907,77.82994025068348,OR,Vehicle Overturn,4,2,Car,Gorge,Nil
553,2022-05-11,Wednesday,Challaghatta Cross,Karnataka,"12.946089999182604, 77.64904856289866",12.946089999182604,77.64904856289866,OR,Hit From Back,1,1,Two Wheeler,Bus,Bengaluru
554,2022-05-11,Wednesday,Abu Road,Rajasthan,"24.44651654208099, 72.74707664039552",24.44651654208099,72.74707664039552,NH,Head On Collision ,4,2,Pedestrian,Truck,Nil
555,2022-05-11,Wednesday,Chak Maniya,Uttar Pradesh,"26.15094649667107, 80.86852361436021",26.15094649667107,80.86852361436021,OR,Others,2,20,Bus,Ditch,Nil
556,2022-05-13,Friday,Buchirajupalem,Andhra Pradesh,"17.743685955669505, 83.23133769944204",17.743685955669505,83.23133769944204,SH,Hit and Run,1,0,Pedestrian,Bus,Vizag
557,2022-05-13,Friday,Gajuwaka,Andhra Pradesh,"17.68578095861871, 83.20922226054095",17.68578095861871,83.20922226054095,OR,Hit From Back,1,0,Two Wheeler,Lorry,Vizag
558,2022-05-14,Saturday,NH 544 Angamaly,Kerala,"10.19544529148008, 76.385954818015",10.19544529148008,76.385954818015,NH,Hit and Run,1,1,Pedestrian,Truck,Nil
559,2022-05-15,Sunday,Paldi,Rajasthan,"26.882724779328758, 75.90358755515705",26.882724779328758,75.90358755515705,NH,Others,6,9,Car,Truck,Jaipur
560,2022-05-15,Sunday,Nareli,Rajasthan,"26.46894502713314, 74.71138723875984",26.46894502713314,74.71138723875984,NH,Head On Collision ,2,4,Bus,Truck,Nil
561,2022-05-15,Sunday,Surer,Rajasthan,"27.192183084330974, 76.61110009421967",27.192183084330974,76.61110009421967,SH,Others,4,0,Auto Rickshaw,Truck,Nil
562,2022-05-14,Saturday,Industrial Area Sandila,Uttar Pradesh,"27.073667385901476, 80.51646348612965",27.073667385901476,80.51646348612965,OR,Others,4,0,Two Wheeler,Bus,Nil
563,2022-05-14,Saturday,Nanpara Road,Uttar Pradesh,"27.93132132286943, 81.13886070926094",27.93132132286943,81.13886070926094,NH,Head On Collision ,3,2,Car,SUV,Nil
564,2022-05-12,Thursday,Ojhar,Maharashtra,"20.101925235020726, 73.93152734494723",20.101925235020726,73.93152734494723,NH,Hit From Back,2,0,Two Wheeler,Truck,Nil
565,2022-05-14,Saturday,Mahasrul,Maharashtra,"20.053177692119505, 73.80500197185006",20.053177692119505,73.80500197185006,SH,Hit and Run,1,0,Two Wheeler,Unidentified,Nashik
566,2022-05-14,Saturday,Bhadarkali,Maharashtra,"20.000333469792885, 73.78958773099342",20.000333469792885,73.78958773099342,OR,Hit and Run,1,1,Pedestrian,Unidentified,Nashik
567,2022-05-14,Saturday,College Road,Maharashtra,"20.005980445162187, 73.76297469835275",20.005980445162187,73.76297469835275,OR,Hit and Run,1,0,Pedestrian,Two Wheeler,Nashik
568,2022-05-16,Monday,Ghiyagi,Himachal Pradesh,"31.577913906049712, 77.35941405794472",31.577913906049712,77.35941405794472,NH,Vehicle Overturn,4,3,SUV,Gorge,Nil
569,2022-05-14,Saturday,Devguradia,Madhya Pradesh,"22.671794394071348, 75.918089949171",22.671794394071348,75.918089949171,NH,Run Off Road,1,0,Car,Nil,Indore
570,2022-05-15,Sunday,Gaurav Nagar,Karnataka,"12.88524566992615, 77.57634127016719",12.88524566992615,77.57634127016719,OR,Hit and Run,1,0,Pedestrian,Two Wheeler,Bengaluru
571,2022-05-15,Sunday,Tadubi,Manipur,"25.477662972636836, 94.13632029737813",25.477662972636836,94.13632029737813,NH,Vehicle Overturn,2,0,Truck,Gorge,Nil
572,2022-05-17,Tuesday,Odhi,Haryana,"28.057112633830748, 76.53551845040089",28.057112633830748,76.53551845040089,NH,With Parked Vehicle,5,11,SUV,Truck,Nil
573,2022-05-17,Tuesday,Mundi,Madhya Pradesh,"22.067179456684197, 76.49031909208674",22.067179456684197,76.49031909208674,SH,Others,3,10,Pedestrian,Truck,Nil
574,2022-05-16,Monday,Baljora,Bihar,"26.162963427333615, 86.88909277791048",26.162963427333615,86.88909277791048,OR,Fixed Object Collision,4,4,Car,Tree,Nil
575,2022-05-16,Monday,Bendapudi,Andhra Pradesh,"17.269234345810965, 82.37747286767713",17.269234345810965,82.37747286767713,OR,Vehicle Overturn,1,1,Car,Canal,Nil
576,2022-05-17,Tuesday,Sector 25 Panchkula,Haryana,"30.671221259827167, 76.88999539410526",30.671221259827167,76.88999539410526,NH,Head On Collision ,1,0,Two Wheeler,Car,Nil
577,2022-05-17,Tuesday,Purmepada,Maharashtra,"20.72823115621517, 74.70037694353343",20.72823115621517,74.70037694353343,NH,Others,3,10,Auto Rickshaw,Truck,Nil
578,2022-05-17,Tuesday,Sector 47-48 Junction,Uttar Pradesh,"28.55335666053787, 77.36494784033461",28.55335666053787,77.36494784033461,OR,Others,1,0,Two Wheeler,Bus,Nil
579,2022-05-19,Thursday,Rohad Toll Plaza,Haryana,"28.754327124318575, 76.7952203240415",28.754327124318575,76.7952203240415,NH,Hit and Run,3,15,Pedestrian,Truck,Nil
580,2022-05-17,Tuesday,Naujheel,Uttar Pradesh,"27.881762542999425, 77.66609822093308",27.881762542999425,77.66609822093308,SH,With Parked Vehicle,3,31,Bus,Truck,Nil
581,2022-05-17,Tuesday,BMC School,Maharashtra,"19.096141570969568, 72.89509648023314",19.096141570969568,72.89509648023314,OR,Hit and Run,1,0,Pedestrian,Unidentified,Mumbai
582,2022-05-18,Wednesday,Bhawarkua,Madhya Pradesh,"22.684423019574734, 75.86403139203829",22.684423019574734,75.86403139203829,OR,Hit and Run,1,0,Two Wheeler,Unidentified,Indore
583,2022-05-18,Wednesday,Khudel,Madhya Pradesh,"22.68762302544426, 76.02893113430558",22.68762302544426,76.02893113430558,NH,Hit and Run,1,0,Pedestrian,Unidentified,Nil
584,2022-05-20,Friday,Tulsipur,Uttar Pradesh,"27.52172053183818, 82.41235769557638",27.52172053183818,82.41235769557638,NH,Others,6,3,SUV,Tractor,Nil
585,2022-05-20,Friday,Phoolpur,Uttar Pradesh,"25.550649693378844, 82.08572387562211",25.550649693378844,82.08572387562211,NH,Head On Collision ,3,9,Truck,Truck,Nil
586,2022-05-19,Thursday,Devikulam,Kerala,"10.052362937218437, 77.10900568693022",10.052362937218437,77.10900568693022,NH,Vehicle Overturn,2,7,Car,Gorge,Nil
587,2022-05-18,Wednesday,Bharatpur,Rajasthan,"27.204043277713968, 77.51521609091031",27.204043277713968,77.51521609091031,NH,Head On Collision ,5,2,Car,SUV,Nil
588,2022-05-19,Thursday,Balaji Temple,Rajasthan,"28.39348444862294, 74.53522041330635",28.39348444862294,74.53522041330635,SH,Head On Collision ,1,1,Truck,Truck,Nil
589,2022-05-19,Thursday,Sikola,Chhattisgarh,"21.133458389144444, 81.56444633764796",21.133458389144444,81.56444633764796,OR,Head On Collision ,1,1,Two Wheeler,Car,Nil
590,2022-05-18,Wednesday,Muhana,Rajasthan,"26.787152514773027, 75.7190998159622",26.787152514773027,75.7190998159622,OR,Hit From Side,1,0,Two Wheeler,Car,Jaipur
591,2022-05-16,Monday,Rohini,Delhi,"28.730096722496878, 77.0946501729977",28.730096722496878,77.0946501729977,OR,Hit and Run,1,0,Two Wheeler,Unidentified,Delhi
592,2022-05-21,Saturday,Bad Cross,Karnataka,"15.403185532896078, 74.94871527223813",15.403185532896078,74.94871527223813,SH,Fixed Object Collision,9,12,SUV,Tree,Nil
593,2022-05-20,Friday,New Sarada Bridge,Andhra Pradesh,"17.69064089159312, 82.9963702178825",17.69064089159312,82.9963702178825,SH,Fixed Object Collision,1,5,Car,Divider,Nil
594,2022-05-20,Friday,Thiruporur,Tamil Nadu,"12.720451344575162, 80.22874420186511",12.720451344575162,80.22874420186511,SH,Hit From Back,1,2,Two Wheeler,Truck,Nil
595,2022-05-20,Friday,Kathariguppe Junction,Karnataka,"12.925436890337561, 77.5500190244414",12.925436890337561,77.5500190244414,OR,Hit and Run,1,3,Pedestrian,Car,Bengaluru
596,2022-05-21,Saturday,Amrapur,Gujarat,"23.40338740944115, 72.91766547164153",23.40338740944115,72.91766547164153,SH,Others,2,2,Truck,Truck,Nil
597,2022-05-20,Friday,Jarhagaon,Chhattisgarh,"22.11624018077627, 81.83013784997301",22.11624018077627,81.83013784997301,NH,Hit From Back,4,0,Pick Up,Truck,Nil
598,2022-05-20,Friday,Sector 5 Bhilai,Chhattisgarh,"21.18904212939866, 81.34545038662783",21.18904212939866,81.34545038662783,OR,Hit and Run,1,3,Pedestrian,Two Wheeler,Nil
599,2022-05-22,Sunday,Bhindoosi,Rajasthan,"27.8986323679581, 76.78800883305775",27.8986323679581,76.78800883305775,SH,Fixed Object Collision,3,1,Car,Tree,Nil
600,2022-05-22,Sunday,Narava,Andhra Pradesh,"18.137699542148816, 83.32743542368257",18.137699542148816,83.32743542368257,NH,Run Off Road,1,0,Two Wheeler,Nil,Nil
601,2022-05-22,Sunday,Tekkali,Andhra Pradesh,"18.60336510138477, 84.22527114802753",18.60336510138477,84.22527114802753,SH,Hit From Back,1,1,Two Wheeler,Car,Nil
602,2022-05-22,Sunday,Katya,Uttar Pradesh,"25.643551452860763, 83.27729612961552",25.643551452860763,83.27729612961552,NH,With Parked Vehicle,8,3,SUV,Truck,Nil
603,2022-05-22,Sunday,Karepalli,Telangana,"17.509481708599825, 80.26925174221408",17.509481708599825,80.26925174221408,OR,Hit From Back,2,4,SUV,Bus,Nil
604,2022-05-22,Sunday,Kakarlavari,Andhra Pradesh,"13.273478560975471, 79.027086825356",13.273478560975471,79.027086825356,OR,Others,3,2,Car,Truck,Nil
605,2022-05-22,Sunday,Guttapalli,Andhra Pradesh,"13.86819759021567, 78.77461262053599",13.86819759021567,78.77461262053599,NH,Head On Collision ,2,0,Two Wheeler,Two Wheeler,Nil
606,2022-05-21,Saturday,Council Hall Junction,Maharashtra,"18.524568989580217, 73.87871353371771",18.524568989580217,73.87871353371771,OR,Hit From Side,1,0,Two Wheeler,Car,Pune
607,2022-05-23,Monday,Kali Temple Bariyadih,Bihar,"26.664755910360004, 84.71219867953789",26.664755910360004,84.71219867953789,OR,Run Off Road,8,10,Truck,Nil,Nil
608,2022-05-22,Sunday,Kakatiya Canal Bridge,Telangana,"18.006945956912094, 79.5901092116075",18.006945956912094,79.5901092116075,SH,Vehicle Overturn,2,2,Car,River,Nil
609,2022-05-24,Tuesday,Gulaothi,Uttar Pradesh,"28.584515854011727, 77.79003248290203",28.584515854011727,77.79003248290203,SH,With Parked Vehicle,5,5,Car,Truck,Nil
610,2022-05-24,Tuesday,Tarihal Bypass Hubbali,Karnataka,"15.362913139180938, 75.04617176877429",15.362913139180938,75.04617176877429,NH,Others,8,24,Lorry,Bus,Nil
611,2022-05-23,Monday,Ichadih,Jharkhand,"23.096472405499167, 85.97996457161798",23.096472405499167,85.97996457161798,OR,Run Off Road,1,20,Bus,Nil,Nil
612,2022-05-24,Tuesday,Sabzi Mandi Shalimar Bagh,Delhi,"28.716174074863723, 77.15867912877115",28.716174074863723,77.15867912877115,OR,With Parked Vehicle,1,1,Car,Truck,Delhi
613,2022-05-22,Sunday,Ellisbridge,Gujarat,"23.0267247850169, 72.5728796766614",23.0267247850169,72.5728796766614,OR,Hit and Run,1,0,Pedestrian,Car,Ahmedabad
614,2022-05-25,Wednesday,Palhari,Uttar Pradesh,"26.924781146967202, 81.21674603315309",26.924781146967202,81.21674603315309,SH,Head On Collision ,4,0,Car,Truck,Nil
615,2022-05-24,Tuesday,Kandela,Haryana,"29.380654201283967, 76.34064669325195",29.380654201283967,76.34064669325195,SH,Head On Collision ,6,17,SUV,Truck,Nil
616,2022-05-24,Tuesday,Thiruverumbur,Tamil Nadu,"10.782139133310102, 78.78119451775756",10.782139133310102,78.78119451775756,NH,Hit From Back,2,0,Two Wheeler,Truck,Trichy
617,2022-05-25,Wednesday,Zojila,Jammu,"34.048386081745086, 74.38044562399234",34.048386081745086,74.38044562399234,OR,Vehicle Overturn,9,0,Car,Gorge,Nil
618,2022-05-25,Wednesday,Moravapalli,Andhra Pradesh,"13.620821614553691, 78.24049514806525",13.620821614553691,78.24049514806525,SH,Fixed Object Collision,4,0,Car,Divider,Nil
619,2022-05-25,Wednesday,Kotigad,Uttarakhand,"30.374375138949954, 78.39255813167205",30.374375138949954,78.39255813167205,NH,Vehicle Overturn,6,0,Car,Gorge,Nil
620,2022-05-25,Wednesday,Nandigama Bypass,Andhra Pradesh,"16.789162736432047, 80.27281226724797",16.789162736432047,80.27281226724797,NH,Others,2,0,Auto Rickshaw,Lorry,Nil
621,2022-05-25,Wednesday,Gadhejalgaon,Maharashtra,"19.87764854486526, 75.59152408859178",19.87764854486526,75.59152408859178,OR,Head On Collision ,4,10,SUV,Bus,Nil
622,2022-05-26,Thursday,Mopidevi,Andhra Pradesh,"16.065948412909762, 80.9215953574275",16.065948412909762,80.9215953574275,NH,Fixed Object Collision,4,3,Car,Divider,Nil
623,2022-05-26,Thursday,Laxminagar,Karnataka,"12.8760252943092, 74.84192537345163",12.8760252943092,74.84192537345163,OR,Fixed Object Collision,1,0,Two Wheeler,Divider,Nil
624,2022-05-25,Wednesday,Zojila Pass,Jammu,"34.260992074940674, 75.44272159468981",34.260992074940674,75.44272159468981,OR,Run Off Road,4,0,Car,Gorge,Nil
625,2022-05-26,Thursday,Khambhaliya,Gujarat,"22.207822262700414, 69.65416821977574",22.207822262700414,69.65416821977574,OR,Head On Collision ,3,9,Car,Car,Rajkot
626,2022-05-26,Thursday,Badgaon,Madhya Pradesh,"22.123850062074077, 75.89816995636659",22.123850062074077,75.89816995636659,OR,Head On Collision ,5,0,Pedestrian,SUV,Nil
627,2022-05-26,Thursday,Autonagar,Andhra Pradesh,"16.491462412431225, 80.66894989089407",16.491462412431225,80.66894989089407,NH,Head On Collision ,3,0,Two Wheeler,Lorry,Vijayawada
628,2022-05-27,Friday,Ajabpura,Rajasthan,"27.537376678664568, 76.35858949059887",27.537376678664568,76.35858949059887,OR,Head On Collision ,2,1,Two Wheeler,Two Wheeler,Nil
629,2022-05-26,Thursday,Barkot,Uttarakhand,"30.80689279355813, 78.20420198159802",30.80689279355813,78.20420198159802,NH,Vehicle Overturn,3,10,SUV,Gorge,Nil
630,2022-05-29,Sunday,Nainiha,Uttar Pradesh,"28.016454798886496, 81.31789301824823",28.016454798886496,81.31789301824823,NH,Head On Collision ,7,9,Bus,Truck,Nil
631,2022-05-28,Saturday,Nawada,Madhya Pradesh,"22.589090236808197, 75.80747013188054",22.589090236808197,75.80747013188054,OR,Run Off Road,1,2,Two Wheeler,Nil,Nil
632,2022-05-28,Saturday,Ganga Barrage Kanpur,Uttar Pradesh,"26.51265659250291, 80.32094887430725",26.51265659250291,80.32094887430725,OR,Head On Collision ,1,1,Two Wheeler,Truck,Kanpur
633,2022-05-29,Sunday,Jasaura,Uttar Pradesh,"27.107125724318735, 79.84481244584792",27.107125724318735,79.84481244584792,OR,Head On Collision ,5,3,Car,Bus,Nil
634,2022-05-29,Sunday,Khamdong,Sikkim,"27.25894051998348, 88.45985559791545",27.25894051998348,88.45985559791545,SH,Vehicle Overturn,6,0,Car,Gorge,Nil
635,2022-05-29,Friday,Bekariya,Rajasthan,"24.711856481447, 73.22791031897731",24.711856481447,73.22791031897731,NH,With Parked Vehicle,2,15,Bus,Truck,Nil
636,2022-05-28,Saturday,Lunawada,Gujarat,"23.129551575290876, 73.60547304334649",23.129551575290876,73.60547304334649,SH,Hit From Back,4,0,Two Wheeler,Truck,Nil
637,2022-05-28,Saturday,Sola Bhagwat,Gujarat,"23.088775010841232, 72.52882841657133",23.088775010841232,72.52882841657133,NH,Others,2,0,Two Wheeler,Car,Ahmedabad
638,2022-05-28,Saturday,Panjriya,Madhya Pradesh,"22.566176366809227, 75.64855895145381",22.566176366809227,75.64855895145381,NH,Head On Collision ,2,1,Car,Truck,Nil
639,2022-05-29,Sunday,Bapat Junction,Madhya Pradesh,"22.754986077654113, 75.87853274338192",22.754986077654113,75.87853274338192,SH,Fixed Object Collision,1,3,Car,Divider,Indore
640,2022-05-30,Monday,Ravet,Maharashtra,"18.649575510343123, 73.0449974782437",18.649575510343123,73.0449974782437,OR,Hit and Run,1,4,Pedestrian,Truck,Nil
641,2022-05-29,Sunday,Rentachintala,Andhra Pradesh,"16.553717107957826, 79.5669647203101",16.553717107957826,79.5669647203101,SH,With Parked Vehicle,7,18,Lorry,Truck,Nil
642,2022-06-01,Wednesday,Nava Bunder Rd,Gujarat,"21.765140069257775, 72.15269214296974",21.765140069257775,72.15269214296974,OR,Others,4,0,Car,Truck,Nil
643,2022-05-31,Tuesday,Mandir Shanderi,Jammu,"33.18545253731576, 75.81882794553698",33.18545253731576,75.81882794553698,OR,Vehicle Overturn,2,6,Car,Gorge,Nil
644,2022-05-31,Tuesday,Kesar Hotel,Madhya Pradesh,"21.809840627336214, 76.37687237616558",21.809840627336214,76.37687237616558,SH,Fixed Object Collision,3,3,Car,Tree,Nil
645,2022-05-30,Monday,Mugaliya Hat,Madhya Pradesh,"23.347097950679085, 77.25918848605697",23.347097950679085,77.25918848605697,NH,With Parked Vehicle,2,0,SUV,Truck,Nil
646,2022-05-31,Tuesday,Kishan Ghat,Rajasthan,"26.915699517136556, 70.89697169768434",26.915699517136556,70.89697169768434,SH,Hit and Run,1,0,Pedestrian,SUV,Nil
647,2022-06-02,Thursday,Tilhar,Uttar Pradesh,"27.959452458226192, 79.74446841036747",27.959452458226192,79.74446841036747,OR,Run Off Road,1,8,SUV,Nil,Nil
648,2022-06-02,Thursday,Kasbe Vani,Maharashtra,"20.329656892867114, 73.89217606845048",20.329656892867114,73.89217606845048,NH,With Parked Vehicle,7,9,Car,Tractor,Nil
649,2022-06-02,Thursday,Khamalpur,Madhya Pradesh,"22.01081464760876, 77.98420074749231",22.01081464760876,77.98420074749231,SH,Fixed Object Collision,1,0,Car,Tree,Nil
650,2022-06-02,Thursday,Shamshabad,Telangana,"17.252287102196647, 78.45286538050513",17.252287102196647,78.45286538050513,OR,Hit From Back,1,0,Two Wheeler,Car,Hyderabad
651,2022-06-04,Saturday,Kadarpur,Haryana,"28.381317931424377, 77.09948647408966",28.381317931424377,77.09948647408966,OR,Hit and Run,2,1,Two Wheeler,Unidentified,Nil
652,2022-06-03,Friday,Suvarna Vidhana Soudha,Karnataka,"15.814044464114778, 74.56729689574281",15.814044464114778,74.56729689574281,NH,Hit and Run,1,0,Two Wheeler,Unidentified,Nil
653,2022-06-02,Thursday,Velu ,Maharashtra,"18.36360217088783, 73.86012694800759",18.36360217088783,73.86012694800759,OR,Head On Collision ,2,0,Two Wheeler,Two Wheeler,Nil
654,2022-06-03,Friday,Kivale ,Maharashtra,"18.848908744701962, 73.80568030739035",18.848908744701962,73.80568030739035,OR,Hit and Run,2,2,Two Wheeler,Unidentified,Nil
655,2022-06-04,Saturday,Qureshi Mandi,Madhya Pradesh,"23.32282627491751, 75.0468541197892",23.32282627491751,75.0468541197892,OR,Hit and Run,1,1,Pedestrian,Pick Up,Nil
656,2022-06-04,Saturday,Sub Jail Neemuch,Madhya Pradesh,"24.489426562017265, 74.85483398272432",24.489426562017265,74.85483398272432,SH,Hit and Run,1,0,Two Wheeler,Unidentified,Nil
657,2022-06-04,Saturday,Kasegaon,Maharashtra,"17.12572168069846, 74.19127777864087",17.12572168069846,74.19127777864087,NH,With Parked Vehicle,5,0,Car,Truck,Nil
658,2022-06-03,Friday,Chettiar Thottam,Tamil Nadu,"9.675948577660348, 78.09748683294364",9.675948577660348,78.09748683294364,OR,Head On Collision ,1,0,Moped,Van,Nil
659,2022-06-03,Friday,Kamba Perumal Temple,Tamil Nadu,"10.003957226637306, 77.6341600810625",10.003957226637306,77.6341600810625,NH,Hit and Run,1,0,Pedestrian,Unidentified,Nil
660,2022-06-03,Friday,Gunga ,Madhya Pradesh,"23.449334301618304, 77.3607202210014",23.449334301618304,77.3607202210014,OR,Others,1,1,Two Wheeler,Car,Nil
661,2022-06-03,Friday,Ayodhya Nagar,Madhya Pradesh,"23.27046988834774, 77.46788863666241",23.27046988834774,77.46788863666241,OR,Run Off Road,1,1,Two Wheeler,Nil,Bhopal
662,2022-06-03,Friday,Borawde,Maharashtra,"16.42736453357851, 74.1379363663469",16.42736453357851,74.1379363663469,SH,Head On Collision ,2,0,Two Wheeler,Truck,Nil
663,2022-06-06,Monday,Hardwahi,Madhya Pradesh,"24.843835217520407, 80.54652078893034",24.843835217520407,80.54652078893034,OR,Others,6,6,Two Wheeler,SUV,Nil
664,2022-06-06,Monday,Pura Payra,Madhya Pradesh,"23.89608174250091, 79.37799143927613",23.89608174250091,79.37799143927613,OR,Run Off Road,2,1,Tractor,Nil,Nil
665,2022-06-06,Monday,Tikamgarh,Madhya Pradesh,"24.73970254600168, 78.83286181028619",24.73970254600168,78.83286181028619,NH,Others,2,0,Two Wheeler,Truck,Nil
666,2022-06-05,Sunday,Damta,Uttarakhand,"30.607009907833316, 77.92334486813934",30.607009907833316,77.92334486813934,NH,Vehicle Overturn,26,4,Bus,Gorge,Nil
667,2022-06-05,Sunday,Parnami Mandir,Rajasthan,"26.896897317556963, 75.82424423351988",26.896897317556963,75.82424423351988,OR,Others,2,1,Two Wheeler,Car,Jaipur
668,2022-06-05,Sunday,Pandav Nagar,Delhi,"28.604788629384398, 77.27089969675745",28.604788629384398,77.27089969675745,NH,With Parked Vehicle,1,4,Car,Truck,Delhi
669,2022-06-06,Monday,NH 754K Gudamalani,Rajasthan,"25.197726924004595, 71.71201875826284",25.197726924004595,71.71201875826284,SH,Head On Collision ,8,2,SUV,Truck,Nil
670,2022-06-06,Monday,Pati Block,Uttarakhand,"29.40754265662659, 79.94652157587642",29.40754265662659,79.94652157587642,OR,Run Off Road,3,6,Car,Gorge,Nil
671,2022-06-06,Monday,Kanjhwala,Delhi,"28.726342104897373, 77.0033666696386",28.726342104897373,77.0033666696386,OR,Others,1,1,Bicycle,Van,Delhi
672,2022-06-06,Monday,Lambi Dhar,Uttarakhand,"30.452562843086973, 78.03844532104883",30.452562843086973,78.03844532104883,OR,Run Off Road,1,1,Car,Gorge,Nil
673,2022-06-06,Monday,Myleripalayam,Tamil Nadu,"10.86882577607217, 77.02051059067522",10.86882577607217,77.02051059067522,OR,Hit and Run,2,1,Pedestrian,Two Wheeler,Nil
674,2022-06-07,Tuesday,Talhedi,Uttarakhand,"29.83312276296098, 77.88378718498475",29.83312276296098,77.88378718498475,OR,Fixed Object Collision,3,4,Car,Divider,Nil
675,2022-06-08,Wednesday,Bishankheda,Madhya Pradesh,"23.021397236302818, 77.57139574905625",23.021397236302818,77.57139574905625,NH,Others,4,0,Car,Truck,Nil
676,2022-06-07,Tuesday,Igyar,Uttarakhand,"29.544815632725147, 80.18018430174787",29.544815632725147,80.18018430174787,NH,Vehicle Overturn,2,5,Car,Gorge,Nil
677,2022-06-08,Wednesday,Jagahedi,Uttar Pradesh,"29.47283678032048, 77.70853161890987",29.47283678032048,77.70853161890987,SH,Others,5,0,Two Wheeler,Truck,Nil
678,2022-06-08,Wednesday,Pantnagar Industrial Area,Uttarakhand,"28.998630838222216, 79.399947294297",28.998630838222216,79.399947294297,OR,Hit From Back,2,0,Two Wheeler,Truck,Nil
679,2022-06-07,Tuesday,Banabel ,Chhattisgarh,"22.433492352462654, 82.06702247933407",22.433492352462654,82.06702247933407,OR,Hit and Run,2,8,Auto Rickshaw,Unidentified,Nil
680,2022-06-07,Tuesday,Janjgir,Chhattisgarh,"22.01035749836458, 82.58599721304581",22.01035749836458,82.58599721304581,NH,Run Off Road,2,3,Van,Nil,Nil
681,2022-06-09,Thursday,Pokhar ,Uttarakhand,"30.4586272875753, 78.70163543032653",30.4586272875753,78.70163543032653,OR,Vehicle Overturn,5,3,Car,Gorge,Nil
682,2022-06-08,Wednesday,Ampapuram,Andhra Pradesh,"16.59875151445646, 80.8944792633032",16.59875151445646,80.8944792633032,NH,Fixed Object Collision,2,2,Car,Wall,Nil
683,2022-06-09,Thursday,ITC Sonar,West Bengal,"22.544311210043418, 88.39890503031775",22.544311210043418,88.39890503031775,SH,Hit and Run,1,0,Bicycle,Unidentified,Kolkata
684,2022-06-08,Wednesday,Binjger,Maharashtra,"17.42351210964127, 76.30204082041193",17.42351210964127,76.30204082041193,NH,Head On Collision ,3,0,Car,Truck,Nil
685,2022-06-09,Thursday,Survey Park,West Bengal,"22.487576871396016, 88.39408350639546",22.487576871396016,88.39408350639546,SH,Fixed Object Collision,2,0,Two Wheeler,Pole,Kolkata
686,2022-06-10,Friday,Narsingi,Telangana,"17.387342591299387, 78.34000592608474",17.387342591299387,78.34000592608474,OR,Run Off Road,2,0,Two Wheeler,Nil,Hyderabad
687,2022-06-09,Thursday,MGMC Gautampura,Madhya Pradesh,"22.714129842573797, 75.88354620665447",22.714129842573797,75.88354620665447,OR,Hit From Back,1,1,Two Wheeler,Tractor,Indore
688,2022-06-09,Thursday,Mhow,Madhya Pradesh,"22.553608768631015, 75.76871631788185",22.553608768631015,75.76871631788185,SH,Hit From Back,1,0,Two Wheeler,Truck,Nil
689,2022-06-10,Friday,Bidhuna Road,Uttar Pradesh,"26.824227561796622, 79.58801099182983",26.824227561796622,79.58801099182983,NH,Head On Collision ,4,5,Car,Bus,Nil
690,2022-06-10,Friday,Purwa Rawat,Uttar Pradesh,"26.760918716034745, 79.60709809681573",26.760918716034745,79.60709809681573,OR,Run Off Road,1,3,Van,Nil,Nil
691,2022-06-10,Friday,Malewada,Maharashtra,"20.488917635786787, 80.37200741396082",20.488917635786787,80.37200741396082,SH,With Parked Vehicle,1,0,Truck,Truck,Nil
692,2022-06-11,Saturday,Jawar,Madhya Pradesh,"23.010797916478822, 76.48802412418075",23.010797916478822,76.48802412418075,OR,Hit From Back,1,0,Van,Tractor,Nil
693,2022-06-12,Sunday,Vandalur,Tamil Nadu,"12.889403720908282, 80.08417600449853",12.889403720908282,80.08417600449853,NH,Hit From Back,1,1,Two Wheeler,Two Wheeler,Nil
694,2022-06-11,Saturday,Chikkasettikere,Karnataka,"13.058460611238306, 76.7494479289059",13.058460611238306,76.7494479289059,NH,Head On Collision ,1,0,Two Wheeler,Car,Nil
695,2022-06-12,Sunday,Swaroop Nagar,Delhi,"28.758982298235107, 77.14780488503342",28.758982298235107,77.14780488503342,NH,With Parked Vehicle,2,3,Car,Truck,Delhi
696,2022-06-11,Saturday,Kahadgondi Village,Chhattisgarh,"20.45415421973366, 81.2836608711166",20.45415421973366,81.2836608711166,OR,Others,2,12,Auto Rickshaw,Truck,Nil
697,2022-06-12,Sunday,Thal ,Uttarakhand,"29.739018265867422, 80.04729161837417",29.739018265867422,80.04729161837417,NH,Vehicle Overturn,4,2,Car,Gorge,Nil
698,2022-06-13,Monday,Nathayyaplaem,Andhra Pradesh,"17.71033223624886, 83.1972088196017",17.71033223624886,83.1972088196017,OR,Hit From Back,2,0,Two Wheeler,Lorry,Vizag
699,2022-06-12,Sunday,Rasipuram,Tamil Nadu,"11.460151503251813, 78.18452570801001",11.460151503251813,78.18452570801001,SH,Hit and Run,2,0,Pedestrian,Van,Nil
700,2022-06-13,Monday,Marwa,Bihar,"25.407253287536825, 86.91995408209277",25.407253287536825,86.91995408209277,NH,Head On Collision ,5,7,Auto Rickshaw,Truck,Nil
701,2022-06-14,Tuesday,Civil Lines Badaun,Uttar Pradesh,"28.023139546269153, 79.12937913492142",28.023139546269153,79.12937913492142,OR,Hit From Back,6,14,Tractor,Truck,Nil
702,2022-06-12,Sunday,Pillaichathiram,Tamil Nadu,"12.904043861103126, 79.8186047855074",12.904043861103126,79.8186047855074,NH,Fixed Object Collision,2,1,Car,Railing,Nil
703,2022-06-12,Sunday,Chinna Kodur,Telangana,"18.156652491502765, 78.89867795354597",18.156652491502765,78.89867795354597,OR,Head On Collision ,3,0,Car,Truck,Nil
704,2022-06-13,Monday,Harike Pattan,Punjab,"31.16958473782653, 75.20000672346983",31.16958473782653,75.20000672346983,OR,Hit From Side,4,2,Car,Car,Nil
705,2022-06-13,Monday,Edugurallapalli,Andhra Pradesh,"17.74308695588915, 81.17859541513889",17.74308695588915,81.17859541513889,NH,Run Off Road,5,35,Bus,Nil,Nil
706,2022-06-15,Wednesday,Arasankulam,Tamil Nadu,"8.712696172048279, 77.5610187479597",8.712696172048279,77.5610187479597,SH,Run Off Road,3,27,Bus,Nil,Nil
707,2022-06-14,Tuesday,Vishwakarma Industrial Area,Rajasthan,"26.985445380102394, 75.77955684552268",26.985445380102394,75.77955684552268,OR,Hit From Back,1,0,Two Wheeler,Bus,Jaipur
708,2022-06-14,Tuesday,Ratanpur,Uttar Pradesh,"28.358411157896693, 78.9402235597724",28.358411157896693,78.9402235597724,OR,Hit and Run,2,0,Pedestrian,Tractor,Nil
709,2022-06-15,Wednesday,Kodamau,Madhya Pradesh,"21.957899689353557, 78.86742427655147",21.957899689353557,78.86742427655147,OR,Others,7,5,Two Wheeler,SUV,Nil
710,2022-06-15,Wednesday,Barufatak,Madhya Pradesh,"21.978495374182536, 75.30041082308722",21.978495374182536,75.30041082308722,OR,With Parked Vehicle,3,7,Bus,Truck,Nil
711,2022-06-15,Wednesday,Sukhadhana,Madhya Pradesh,"22.123217949169135, 78.08725001776396",22.123217949169135,78.08725001776396,SH,Head On Collision ,3,1,Two Wheeler,Two Wheeler,Nil
712,2022-06-15,Wednesday,Betma,Madhya Pradesh,"22.681471723633074, 75.61653095236426",22.681471723633074,75.61653095236426,NH,Hit and Run,1,1,Two Wheeler,Unidentified,Nil
713,2022-06-17,Friday,Billawar,Jammu,"32.60981528477968, 75.60329412107643",32.60981528477968,75.60329412107643,OR,Vehicle Overturn,3,6,Car,Gorge,Nil
714,2022-06-16,Thursday,Porunthamon,Kerala,"8.755006853393292, 76.89401865081159",8.755006853393292,76.89401865081159,SH,Fixed Object Collision,1,3,Car,Tree,Nil
715,2022-06-15,Wednesday,Girish Park,West Bengal,"22.59376084907397, 88.36450140941672",22.59376084907397,88.36450140941672,OR,Hit From Back,1,0,Two Wheeler,SUV,Kolkata
716,2022-06-16,Thursday,Neela Gumbad,Delhi,"28.591308378136794, 77.25251504704204",28.591308378136794,77.25251504704204,OR,Hit and Run,2,8,Pedestrian,Car,Delhi
717,2022-06-16,Thursday,Salt Lake Stadium Intersection,West Bengal,"22.57096862646255, 88.41184015407762",22.57096862646255,88.41184015407762,OR,Hit From Side,1,1,Car,Car,Kolkata
718,2022-06-18,Saturday,Banthra,Uttar Pradesh,"27.919215943809085, 79.82156315624165",27.919215943809085,79.82156315624165,NH,Head On Collision ,7,5,Van,Truck,Nil
719,2022-06-17,Friday,Police training school,West Bengal,"22.540617881487176, 88.33483201192526",22.540617881487176,88.33483201192526,NH,Hit and Run,1,0,Pedestrian,Bus,Kolkata
720,2022-06-17,Friday,SN Banerjee Road,West Bengal,"22.561361020155886, 88.35869138597114",22.561361020155886,88.35869138597114,OR,Hit and Run,1,0,Pedestrian,Bus,Kolkata
721,2022-06-18,Saturday,Sector 42-43 Road,Chandigarh,"30.722798266506864, 76.74669907929116",30.722798266506864,76.74669907929116,OR,Others,2,0,Bicycle,Car,Chandigarh
722,2022-06-17,Friday,Piploda-Jaora Road,Madhya Pradesh,"23.630954469953746, 75.10644107944135",23.630954469953746,75.10644107944135,OR,Hit and Run,1,1,Pedestrian,Car,Nil
723,2022-06-19,Sunday,Mukkola,Kerala,"8.383775135535078, 77.00765850120908",8.383775135535078,77.00765850120908,NH,Head On Collision ,2,0,Two Wheeler,Two Wheeler,Nil
724,2022-06-20,Monday,Hamira,Punjab,"31.45917259295232, 75.44308835486723",31.45917259295232,75.44308835486723,NH,With Parked Vehicle,5,2,Car,Truck,Nil
725,2022-06-18,Saturday,Habibganj,Madhya Pradesh,"23.65229598645202, 77.38162562568597",23.65229598645202,77.38162562568597,OR,Fixed Object Collision,1,0,Two Wheeler,Divider,Nil
726,2022-06-18,Saturday,Rachna Tower,Madhya Pradesh,"23.24328372425857, 77.43738707623673",23.24328372425857,77.43738707623673,OR,Others,1,0,Two Wheeler,Truck,Bhopal
727,2022-06-19,Sunday,Madhavaram,Tamil Nadu,"13.144252476160666, 80.22079711417277",13.144252476160666,80.22079711417277,NH,Fixed Object Collision,1,1,Two Wheeler,Wall,Chennai
728,2022-06-19,Sunday,Basal,Himachal Pradesh,"31.520272112966133, 76.24243591574853",31.520272112966133,76.24243591574853,OR,Head On Collision ,1,11,Car,Car,Nil
729,2022-06-17,Friday,Ghalu Wal,Himachal Pradesh,"31.516174765446653, 76.21153257214968",31.516174765446653,76.21153257214968,NH,Head On Collision ,1,0,Two Wheeler,Truck,Nil
730,2022-06-18,Saturday,Charain,Himachal Pradesh,"31.088160066720075, 77.40668866158566",31.088160066720075,77.40668866158566,OR,Vehicle Overturn,1,0,Truck,Gorge,Nil
731,2022-06-20,Monday,Khudel,Madhya Pradesh,"22.687702214652454, 76.0234808853594",22.687702214652454,76.0234808853594,NH,Head On Collision ,2,0,Two Wheeler,Truck,Nil
732,2022-06-19,Sunday,Sankalakariya,Karnataka,"13.100764084068198, 74.87746982376122",13.100764084068198,74.87746982376122,NH,Run Off Road,1,2,SUV,Nil,Nil
733,2022-06-19,Sunday,Sitharampuram,Telangana,"17.21017526105063, 78.13340311121085",17.21017526105063,78.13340311121085,OR,With Parked Vehicle,1,0,Two Wheeler,Lorry,Nil
734,2022-06-22,Wednesday,Navali,Madhya Pradesh,"24.587976597222077, 75.70261053450251",24.587976597222077,75.70261053450251,SH,Head On Collision ,4,13,SUV,SUV,Nil
735,2022-06-20,Monday,NTTF Junction,Karnataka,"12.847483722753953, 77.67080028948838",12.847483722753953,77.67080028948838,NH,Hit From Back,1,0,Two Wheeler,Truck,Bengaluru
736,2022-06-20,Monday,Ambedkar Circle,Gujarat,"22.25473509082233, 70.78872755482206",22.25473509082233,70.78872755482206,OR,Others,1,0,Two Wheeler,Bus,Rajkot
737,2022-06-20,Monday,Ratinam Kinaru,Tamil Nadu,"12.498795037602902, 79.96622921958237",12.498795037602902,79.96622921958237,OR,Head On Collision ,1,1,Two Wheeler,Two Wheeler,Nil
738,2022-06-23,Thursday,Goalbari,West Bengal,"22.82371598065521, 87.00897651665815",22.82371598065521,87.00897651665815,SH,Head On Collision ,4,5,Auto Rickshaw,Van,Nil
739,2022-06-23,Thursday,Pilibhit,Uttar Pradesh,"28.621077544944292, 79.80985291947017",28.621077544944292,79.80985291947017,OR,Run Off Road,10,7,SUV,Nil,Nil
740,2022-06-22,Wednesday,Ambad Link Road,Maharashtra,"19.971217301958408, 73.75406583397073",19.971217301958408,73.75406583397073,OR,Hit From Back,1,1,Bicycle,Car,Nashik
741,2022-06-21,Tuesday,Colony 4,Chandigarh,"30.70036017851341, 76.80339365756433",30.70036017851341,76.80339365756433,OR,Others,1,0,Bicycle,Truck,Chandigarh
742,2022-06-21,Tuesday,Slip Road,Chandigarh,"30.75145121105724, 76.78203788018612",30.75145121105724,76.78203788018612,OR,Others,1,0,Two Wheeler,Bus,Chandigarh
743,2022-06-22,Wednesday,Jamul,Chhattisgarh,"21.249841727400177, 81.39278428412615",21.249841727400177,81.39278428412615,OR,Others,1,1,Two Wheeler,Truck,Nil
744,2022-06-23,Thursday,Road 14,Rajasthan,"26.995900874614293, 75.78719090728592",26.995900874614293,75.78719090728592,OR,Hit From Back,1,0,Two Wheeler,Truck,Jaipur
745,2022-06-23,Thursday,Karni Vihar,Rajasthan,"26.88019770038552, 75.737086220834",26.88019770038552,75.737086220834,OR,Hit and Run,1,1,Pedestrian,Two Wheeler,Jaipur
746,2022-06-23,Thursday,Naduvattom,Kerala,"10.88123592387691, 76.00740916080939",10.88123592387691,76.00740916080939,OR,Fixed Object Collision,1,1,Two Wheeler,Pole,Nil
747,2022-06-23,Thursday,Aushapur,Telangana,"17.461431854583598, 78.73478348257953",17.461431854583598,78.73478348257953,NH,Hit and Run,3,0,Two Wheeler,Unidentified,Nil
748,2022-06-23,Thursday,Dhakalgaon,Madhya Pradesh,"22.12547661531989, 76.06464599523055",22.12547661531989,76.06464599523055,OR,Head On Collision ,2,0,Two Wheeler,Bus,Nil
749,2022-06-21,Tuesday,Mumbai Naka,Maharashtra,"19.98791733008655, 73.78509283065542",19.98791733008655,73.78509283065542,NH,Head On Collision ,1,0,Auto Rickshaw,Car,Nashik
750,2022-06-22,Wednesday,Dwarka Flyover,Maharashtra,"19.99390201399, 73.79693369619416",19.99390201399,73.79693369619416,NH,Hit and Run,1,0,Two Wheeler,Unidentified,Nashik
751,2022-06-25,Saturday,Dharamtul Vishnu Temple,Assam,"26.154467016159845, 92.35321244165476",26.154467016159845,92.35321244165476,NH,Hit and Run,1,6,Pedestrian,Car,Nil
752,2022-06-25,Saturday,Agarpani,Chhattisgarh,"22.44078812784517, 81.38729302075325",22.44078812784517,81.38729302075325,SH,Vehicle Overturn,2,20,Bus,Ditch,Nil
753,2022-06-26,Sunday,Saach Pass,Himachal Pradesh,"33.0057291641876, 76.23978717952649",33.0057291641876,76.23978717952649,SH,Fixed Object Collision,1,7,Bus,Boulder,Nil
754,2022-06-26,Sunday,Sector 21,Gujarat,"23.232421973700113, 72.66930963454277",23.232421973700113,72.66930963454277,OR,Hit and Run,1,0,Two Wheeler,Van,Ahmedabad
755,2022-06-24,Friday,RAF Camp,Gujarat,"23.058240771465144, 72.64260468877143",23.058240771465144,72.64260468877143,OR,Head On Collision ,1,0,Two Wheeler,Pick Up,Ahmedabad
756,2022-06-25,Saturday,Thoppampatti Pirivu,Tamil Nadu,"11.097663917966608, 76.94439981490837",11.097663917966608,76.94439981490837,OR,Hit and Run,1,0,Pedestrian,Two Wheeler,Coimbatore
757,2022-06-25,Saturday,Veerapandi Pirivu,Tamil Nadu,"11.17034084300654, 76.95224526691806",11.17034084300654,76.95224526691806,NH,Hit and Run,1,0,Pedestrian,Bus,Coimbatore
758,2022-06-26,Sunday,Pachri ,Chhattisgarh,"21.173251098267535, 82.38837900705931",21.173251098267535,82.38837900705931,OR,Head On Collision ,1,0,Two Wheeler,Truck,Nil
759,2022-06-26,Sunday,Mokal Gaon,Madhya Pradesh,"21.794187261819545, 76.2363213038457",21.794187261819545,76.2363213038457,SH,Head On Collision ,1,0,Two Wheeler,Truck,Nil
760,2022-06-27,Monday,Sedariya,Rajasthan,"26.419793569420616, 74.67315301086593",26.419793569420616,74.67315301086593,NH,With Parked Vehicle,5,0,Car,Truck,Nil
761,2022-06-27,Monday,Tarnaka,Telangana,"17.428329826418363, 78.52878586422034",17.428329826418363,78.52878586422034,OR,Fixed Object Collision,1,1,Car,Pole,Hyderabad
762,2022-06-29,Wednesday,Nashirabad,Maharashtra,"21.00372816744372, 75.65463240054079",21.00372816744372,75.65463240054079,NH,Head On Collision ,4,0,Pick Up,Truck,Nil
763,2022-06-28,Tuesday,Kanchanjuri,Assam,"26.57641694935181, 93.17244312223875",26.57641694935181,93.17244312223875,NH,Vehicle Overturn,4,1,Car,Gorge,Nil
764,2022-06-28,Tuesday,Nayagaon,Chandigarh,"30.77644890265528, 76.79167715188477",30.77644890265528,76.79167715188477,OR,Hit and Run,1,0,Pedestrian,Unidentified,Chandigarh
765,2022-06-30,Thursday,Chillakondaya palli,Andhra Pradesh,"14.579402458271847, 77.89147080225071",14.579402458271847,77.89147080225071,OR,Fixed Object Collision,5,0,Auto Rickshaw,Electric Cables,Nil
766,2022-06-29,Wednesday,Surguja,Chhattisgarh,"23.09801552032268, 83.23081845910845",23.09801552032268,83.23081845910845,NH,Head On Collision ,2,3,Car,Truck,Nil
767,2022-07-01,Friday,Odra,Uttar Pradesh,"27.447432986812327, 80.20576952578446",27.447432986812327,80.20576952578446,OR,Head On Collision ,6,3,Auto Rickshaw,Truck,Nil
768,2022-06-29,Wednesday,Baanh River,Madhya Pradesh,"23.66402378322263, 77.42374682363342",23.66402378322263,77.42374682363342,OR,Hit and Run,1,0,Two Wheeler,Unidentified,Nil
769,2022-06-29,Wednesday,Koh E Fiza Hospital,Madhya Pradesh,"23.26507953283944, 77.38068804042345",23.26507953283944,77.38068804042345,SH,Hit and Run,1,0,Pedestrian,Car,Bhopal
770,2022-06-28,Tuesday,Koregaon Park,Maharashtra,"18.53951781912577, 73.88711078052866",18.53951781912577,73.88711078052866,OR,Fixed Object Collision,1,1,Two Wheeler,Divider,Pune
771,2022-07-02,Saturday,Kini ,Maharashtra,"16.86488967953178, 74.29674180561348",16.86488967953178,74.29674180561348,NH,Hit From Back,3,1,SUV,Truck,Nil
772,2022-06-28,Tuesday,Peth Vadgaon,Maharashtra,"16.828713200092736, 74.30574962148575",16.828713200092736,74.30574962148575,SH,Hit From Side,3,0,Two Wheeler,Truck,Nil
773,2022-07-01,Friday,Kondathamarapalle,Andhra Pradesh,"18.16850396246933, 83.2461004723039",18.16850396246933,83.2461004723039,SH,Others,1,0,Auto Rickshaw,Bus,Nil
774,2022-07-01,Friday,Kaveri Function Hall,Andhra Pradesh,"17.73597240290728, 83.30743207223205",17.73597240290728,83.30743207223205,OR,Others,1,0,Two Wheeler,Lorry,Vizag
775,2022-07-02,Saturday,Chumoukedima,Nagaland,"25.80663634381753, 93.79110809700175",25.80663634381753,93.79110809700175,NH,Others,5,3,Auto Rickshaw,Truck,Nil
776,2022-07-01,Friday,Belur Industrial Area,Karnataka,"15.516875304272405, 74.92508140009917",15.516875304272405,74.92508140009917,NH,Hit From Back,1,0,Two Wheeler,Car,Nil
777,2022-07-01,Friday,Panjurli Hotel,Karnataka,"15.463930720847475, 75.00043404088755",15.463930720847475,75.00043404088755,SH,Hit From Side,1,0,Two Wheeler,Car,Nil
778,2022-07-02,Saturday,Maravanthe Beach,Karnataka,"13.729711858215216, 74.63774818312244",13.729711858215216,74.63774818312244,OR,Vehicle Overturn,2,0,Car,Sea,Nil
779,2022-07-04,Monday,Focal Point,Punjab,"31.65259814136989, 75.63849801551531",31.65259814136989,75.63849801551531,NH,Fixed Object Collision,3,1,Car,Parapet,Nil
780,2022-07-03,Sunday,Lavale Phata,Maharashtra,"18.510937783558102, 73.69488554452028",18.510937783558102,73.69488554452028,SH,Others,3,4,Two Wheeler,Truck,Nil
781,2022-07-03,Sunday,Indira Park,Uttar Pradesh,"28.00824552804398, 80.80548354667",28.00824552804398,80.80548354667,SH,Head On Collision ,4,0,Two Wheeler,Bus,Nil
782,2022-07-05,Tuesday,Bapi,Rajasthan,"26.97494026952045, 76.28433925663929",26.97494026952045,76.28433925663929,NH,Head On Collision ,4,3,Car,SUV,Nil
783,2022-07-05,Tuesday,Khaliar,Himachal Pradesh,"31.719513402350213, 76.93497966491516",31.719513402350213,76.93497966491516,NH,Run Off Road,3,1,Truck,Nil,Nil
784,2022-07-04,Monday,Malkheda,Madhya Pradesh,"21.40059301754825, 75.78232329657803",21.40059301754825,75.78232329657803,OR,With Parked Vehicle,1,1,Truck,Truck,Nil
785,2022-07-04,Monday,Peda Golconda,Telangana,"17.19465968219884, 78.39552715964037",17.19465968219884,78.39552715964037,OR,Hit From Back,3,0,Car,Truck,Nil
786,2022-07-04,Monday,RTC Complex,Andhra Pradesh,"17.724545237331842, 83.3082887941252",17.724545237331842,83.3082887941252,OR,Hit From Back,1,0,Two Wheeler,Bus,Vizag
787,2022-07-04,Monday,Kullakada,Kerala,"9.081480613966917, 76.75265542620777",9.081480613966917,76.75265542620777,NH,Others,2,1,Car,Car,Nil
788,2022-07-04,Monday,SN Junction,Kerala,"9.954367080798487, 76.34492145824956",9.954367080798487,76.34492145824956,NH,Hit From Side,2,1,Two Wheeler,Truck,Kochi
789,2022-07-04,Monday,Devprayag,Uttarakhand,"30.145191943175526, 78.60436682200809",30.145191943175526,78.60436682200809,NH,Vehicle Overturn,1,3,Car,Gorge,Nil
790,2022-07-04,Monday,Hanuman Chhati,Uttarakhand,"30.93236887735729, 78.39899532682544",30.93236887735729,78.39899532682544,NH,Vehicle Overturn,3,0,Car,Gorge,Nil
791,2022-07-06,Wednesday,Pamgarh,Chhattisgarh,"21.873499451221, 82.45015803172682",21.873499451221,82.45015803172682,SH,Hit From Back,1,1,Two Wheeler,Van,Nil
792,2022-07-06,Wednesday,Buchirajupalem,Andhra Pradesh,"17.74376770331953, 83.2314235301341",17.74376770331953,83.2314235301341,SH,Others,2,0,Two Wheeler,Lorry,Vizag
793,2022-07-06,Wednesday,Ramnagar,Jammu,"32.80400464462681, 75.30233304495314",32.80400464462681,75.30233304495314,OR,Vehicle Overturn,2,40,Bus,Gorge,Nil
794,2022-07-06,Wednesday,Aadhar Seva Kendra,Uttar Pradesh,"26.873570247602064, 80.95935839306755",26.873570247602064,80.95935839306755,OR,Hit and Run,1,0,Pedestrian,Two Wheeler,Lucknow
795,2022-07-06,Wednesday,SarojiniNagar,Uttar Pradesh,"26.753145173501505, 80.86715150810791",26.753145173501505,80.86715150810791,OR,Hit and Run,1,0,Pedestrian,Auto Rickshaw,Lucknow
796,2022-07-06,Wednesday,Barkot,Uttarakhand,"30.80812377794836, 78.21010887386656",30.80812377794836,78.21010887386656,NH,Vehicle Overturn,1,5,Pick Up,Gorge,Nil
797,2022-07-07,Thursday,Saidpur,Uttar Pradesh,"25.55098650048651, 83.18161471232504",25.55098650048651,83.18161471232504,OR,Others,2,9,Truck,Truck,Nil
798,2022-07-06,Wednesday,Bairagarh Chichali,Madhya Pradesh,"23.15077274507148, 77.41145408155938",23.15077274507148,77.41145408155938,OR,Hit and Run,1,1,Two Wheeler,Unidentified,Bhopal
799,2022-07-08,Friday,Thozhupedu,Tamil Nadu,"12.660699267728626, 79.45446615702437",12.660699267728626,79.45446615702437,OR,With Parked Vehicle,6,10,Bus,Truck,Nil
800,2022-07-07,Thursday,Vanjuvancheri,Tamil Nadu,"12.851365821731331, 79.97987894626105",12.851365821731331,79.97987894626105,OR,Others,4,0,Car,Truck,Nil
801,2022-07-08,Friday,Mohanpur,Uttar Pradesh,"27.715218378559722, 78.85957137585469",27.715218378559722,78.85957137585469,OR,Hit and Run,2,2,Pedestrian,Car,Nil
802,2022-07-08,Friday,Shikaruganji,Andhra Pradesh,"18.425195503319962, 83.39531029526097",18.425195503319962,83.39531029526097,OR,Fixed Object Collision,3,0,Car,Divider,Nil
803,2022-07-08,Friday,Halol,Gujarat,"22.501220695617526, 73.48311850001448",22.501220695617526,73.48311850001448,NH,With Parked Vehicle,3,0,Two Wheeler,Truck,Nil
804,2022-07-08,Friday,Honnakatte,Karnataka,"12.969759681379283, 74.80477918965846",12.969759681379283,74.80477918965846,NH,Hit From Side,1,0,Van,Truck,Nil
805,2022-07-09,Saturday,Devda,Rajasthan,"25.209044193736254, 72.65401000879267",25.209044193736254,72.65401000879267,OR,Others,2,2,Car,Truck,Nil
806,2022-07-10,Sunday,Nagaur,Rajasthan,"27.189910951383663, 73.73178246564869",27.189910951383663,73.73178246564869,SH,Others,1,5,Car,Truck,Nil
807,2022-07-10,Sunday,Chandana,Rajasthan,"25.139913619736575, 72.70419354021021",25.139913619736575,72.70419354021021,OR,Head On Collision ,2,3,Car,Truck,Nil
808,2022-07-08,Friday,Boliya,Madhya Pradesh,"24.239274613710073, 75.80586402789265",24.239274613710073,75.80586402789265,OR,Run Off Road,2,3,Two Wheeler,Nil,Nil
809,2022-07-10,Sunday,Langolpota,West Bengal,"22.625983068705604, 88.51289893730716",22.625983068705604,88.51289893730716,SH,With Parked Vehicle,1,0,Car,Bus,Kolkata
810,2022-07-10,Sunday,Gandhi Nagar,Andhra Pradesh,"13.601237808634934, 79.36717647544104",13.601237808634934,79.36717647544104,OR,Fixed Object Collision,2,1,Car,Divider,Nil
811,2022-07-10,Sunday,Batala,Punjab,"31.823734052480386, 75.17505278764587",31.823734052480386,75.17505278764587,NH,Fixed Object Collision,3,2,Car,Divider,Nil
812,2022-07-07,Thursday,Lucknow-Sultanpur Highway,Uttar Pradesh,"26.796373817934697, 81.01197823523033",26.796373817934697,81.01197823523033,NH,With Parked Vehicle,2,2,Car,Truck,Lucknow
813,2022-07-10,Sunday,Gagalheri,Uttar Pradesh,"29.97728356993806, 77.6632346561554",29.97728356993806,77.6632346561554,NH,Head On Collision ,1,1,Two Wheeler,Tractor,Nil
814,2022-07-10,Sunday,Mavinakatte,Karnataka,"13.653963448735668, 74.7660410841964",13.653963448735668,74.7660410841964,OR,Head On Collision ,2,0,Two Wheeler,SUV,Nil
815,2022-07-10,Sunday,Bhandari Resort,Madhya Pradesh,"22.72911823192714, 75.93317337333046",22.72911823192714,75.93317337333046,NH,Others,1,1,Two Wheeler,Car,Indore
816,2022-07-09,Saturday,Guraiya,Madhya Pradesh,"24.845464468826084, 79.61269309616695",24.845464468826084,79.61269309616695,OR,Head On Collision ,2,1,Two Wheeler,Two Wheeler,Nil
817,2022-07-12,Tuesday,Badbahal,Odisha,"21.811169049664613, 84.20562287672573",21.811169049664613,84.20562287672573,NH,Others,3,3,Auto Rickshaw,SUV,Nil
818,2022-07-12,Tuesday,Gada Khorda,Odisha,"20.167745771831928, 85.62392919097132",20.167745771831928,85.62392919097132,OR,Others,1,8,Bus,Truck,Nil
819,2022-07-12,Tuesday,Greater Kailash,Delhi,"28.535099762662885, 77.23697563964855",28.535099762662885,77.23697563964855,OR,Hit and Run,1,0,Pedestrian,Car,Delhi
820,2022-07-11,Monday,Tilpata,Uttar Pradesh,"28.52940835767539, 77.52975306207016",28.52940835767539,77.52975306207016,OR,Hit From Back,1,1,Two Wheeler,Truck,Nil
821,2022-07-10,Sunday,Rabupura,Uttar Pradesh,"28.252820542985265, 77.60293721555867",28.252820542985265,77.60293721555867,OR,Run Off Road,1,0,Two Wheeler,Nil,Nil
822,2022-07-13,Wednesday,Deepak Tal,Himachal Pradesh,"32.75245602481399, 77.25571991130239",32.75245602481399,77.25571991130239,NH,Vehicle Overturn,3,3,Truck,Gorge,Nil
823,2022-07-12,Tuesday,Rabindra Bithi Bypass Rd,West Bengal,"23.65521833297628, 87.6887522434982",23.65521833297628,87.6887522434982,OR,Fixed Object Collision,1,0,Two Wheeler,Divider,Nil
824,2022-07-11,Monday,Maduranthkam,Tamil Nadu,"12.500351971025927, 79.87519711357636",12.500351971025927,79.87519711357636,NH,With Parked Vehicle,1,4,Car,Truck,Nil
825,2022-07-11,Monday,Nelamangala,Karnataka,"13.098492041784795, 77.38569255067814",13.098492041784795,77.38569255067814,NH,With Parked Vehicle,1,1,Two Wheeler,Truck,Nil
826,2022-07-14,Thursday,Trichy Road Flyover,Tamil Nadu,"10.997876858150065, 76.98582383011842",10.997876858150065,76.98582383011842,OR,Run Off Road,1,0,Two Wheeler,Nil,Coimbatore
827,2022-07-13,Wednesday,Kaudiyala,Uttarakhand,"30.074442159413845, 78.50161094097407",30.074442159413845,78.50161094097407,NH,Vehicle Overturn,4,0,Car,Gorge,Nil
828,2022-07-13,Wednesday,Nakkalla Palli,Telangana,"16.084111910361987, 77.89860863476197",16.084111910361987,77.89860863476197,NH,With Parked Vehicle,3,0,Car,Lorry,Nil
829,2022-07-13,Wednesday,Gharuan,Punjab,"30.772481864010384, 76.56449314808299",30.772481864010384,76.56449314808299,OR,Hit From Back,2,2,Two Wheeler,Car,Nil
830,2022-07-13,Wednesday,Lalru,Punjab,"30.48476329448971, 76.79816771294107",30.48476329448971,76.79816771294107,NH,Hit From Back,1,0,Bicycle,Bus,Nil
831,2022-07-15,Friday,Khairatabad,Telangana,"17.411259609565853, 78.46070920569524",17.411259609565853,78.46070920569524,OR,Fixed Object Collision,2,0,Two Wheeler,Divider,Hyderabad
832,2022-07-15,Friday,Otteri,Tamil Nadu,"13.09152616715352, 80.25110952760691",13.09152616715352,80.25110952760691,OR,Run Off Road,1,0,Auto Rickshaw,Nil,Chennai
833,2022-07-15,Friday,Kanchipuram,Tamil Nadu,"12.818966368687125, 79.69401125195076",12.818966368687125,79.69401125195076,SH,Hit and Run,2,0,Pedestrian,Truck,Nil
834,2022-07-17,Sunday,Chanakya Junction,Maharashtra,"19.02125762018209, 73.00818907330417",19.02125762018209,73.00818907330417,OR,Head On Collision ,1,0,Two Wheeler,Car,Mumbai
835,2022-07-16,Saturday,Rampur Bypass Road,Uttar Pradesh,"28.747608674500384, 79.04347155070869",28.747608674500384,79.04347155070869,OR,Head On Collision ,5,22,Bus,Truck,Nil
836,2022-07-17,Sunday,Kirimanjeshwara,Karnataka,"13.772641713352378, 74.63597248633671",13.772641713352378,74.63597248633671,NH,Fixed Object Collision,2,0,Two Wheeler,Divider,Nil
837,2022-07-16,Saturday,Patan,Chhattisgarh,"21.037069311134164, 81.54797912885542",21.037069311134164,81.54797912885542,SH,Hit From Back,2,0,Two Wheeler,Truck,Nil
838,2022-07-17,Sunday,Khandepar,Goa,"15.460091179207675, 74.0477027181453",15.460091179207675,74.0477027181453,SH,Head On Collision ,1,0,Two Wheeler,Truck,Nil
839,2022-07-16,Saturday,Punjapura,Madhya Pradesh,"22.542103844573163, 76.36552318518942",22.542103844573163,76.36552318518942,SH,Head On Collision ,3,0,Two Wheeler,Truck,Nil
840,2022-07-16,Saturday,AB Road,Madhya Pradesh,"22.64647852782518, 75.81923095698617",22.64647852782518,75.81923095698617,NH,Fixed Object Collision,1,1,Car,Pillar,Indore
841,2022-07-17,Sunday,Nimbhora,Maharashtra,"20.566339609707647, 75.34861140653604",20.566339609707647,75.34861140653604,OR,Others,6,1,Two Wheeler,SUV,Nil
842,2022-07-17,Sunday,JP Nagar,Karnataka,"12.906430409331819, 77.58193692990942",12.906430409331819,77.58193692990942,OR,Hit From Side,1,1,Two Wheeler,Two Wheeler,Bengaluru
843,2022-07-18,Monday,Parnasree Palli,West Bengal,"22.5122597969544, 88.3034103410675",22.5122597969544,88.3034103410675,OR,Fixed Object Collision,1,0,Car,Wall,Kolkata
844,2022-07-18,Monday,Narmada Bridge,Madhya Pradesh,"22.151916886063812, 75.44344933833077",22.151916886063812,75.44344933833077,NH,Vehicle Overturn,14,20,Bus,River,Nil
845,2022-07-17,Sunday,Haibowal,Punjab,"30.917978830521072, 75.88331164964507",30.917978830521072,75.88331164964507,OR,Others,1,0,Pedestrian,Car,Ludhiana
846,2022-07-18,Monday,Sar,Rajasthan,"26.04078202180639, 72.94893981731161",26.04078202180639,72.94893981731161,OR,Head On Collision ,2,0,Two Wheeler,SUV,Nil
847,2022-07-18,Monday,Kadrabad,Uttar Pradesh,"28.86590154001807, 77.59911645209652",28.86590154001807,77.59911645209652,NH,Hit From Back,1,1,Two Wheeler,Car,Nil
848,2022-07-18,Monday,Ratibad,Madhya Pradesh,"23.169395890722082, 77.32072581025423",23.169395890722082,77.32072581025423,OR,Fixed Object Collision,1,0,Two Wheeler,Divider,Nil
849,2022-07-19,Tuesday,Baerkhadi,Madhya Pradesh,"23.171686885470024, 77.33628858269633",23.171686885470024,77.33628858269633,OR,Hit and Run,1,0,Two Wheeler,Unidentified,Nil
850,2022-07-20,Wednesday,Shiroor Toll Plaza,Karnataka,"13.933637241943957, 74.5967215030597",13.933637241943957,74.5967215030597,NH,Fixed Object Collision,4,4,Ambulance,Pole,Nil
851,2022-07-20,Wednesday,Gholu Majra,Punjab,"30.53476289307007, 76.81639741792141",30.53476289307007,76.81639741792141,NH,Hit and Run,1,0,Pedestrian,Unidentified,Nil
852,2022-07-20,Wednesday,Sector 53-54 MetroStation,Haryana,"28.446242423612645, 77.10038284401469",28.446242423612645,77.10038284401469,OR,Fixed Object Collision,1,0,Car,Pillar,Nil
853,2022-07-22,Friday,Naugaja Peer,Haryana,"30.163379919274046, 76.86375481675898",30.163379919274046,76.86375481675898,NH,Hit and Run,2,1,Car,Unidentified,Nil
854,2022-07-21,Thursday,Yelahanka,Karnataka,"13.11764235472505, 77.6084193444187",13.11764235472505,77.6084193444187,NH,Head On Collision ,1,0,Car,Bus,Nil
855,2022-07-23,Saturday,Badar Chowk,Uttar Pradesh,"27.541229923475033, 78.04514179668632",27.541229923475033,78.04514179668632,NH,Hit and Run,5,1,Pedestrian,Truck,Nil
856,2022-07-22,Friday,Punhana,Haryana,"27.8674332750505, 77.20858812005018",27.8674332750505,77.20858812005018,SH,Hit From Side,7,2,Auto Rickshaw,Crane,Nil
857,2022-07-22,Friday,Kammanahalli,Karnataka,"13.016208327972446, 77.63675817714716",13.016208327972446,77.63675817714716,OR,Hit and Run,1,0,Pedestrian,Truck,Bengaluru
858,2022-07-23,Saturday,Bhanapur,Karnataka,"15.386566923949273, 76.03987461744937",15.386566923949273,76.03987461744937,OR,Hit and Run,5,4,SUV,Unidentified,Nil
859,2022-07-24,Sunday,Kothakotta,Andhra Pradesh,"13.3958876290453, 79.09851659006976",13.3958876290453,79.09851659006976,NH,Fixed Object Collision,3,4,Car,Divider,Nil
860,2022-07-22,Friday,Samba Bus Stand,Jammu,"32.559624979021876, 75.12050899406216",32.559624979021876,75.12050899406216,NH,Others,4,15,Car,Truck,Nil
861,2022-07-24,Sunday,Satrundi,Himachal Pradesh,"32.99261617636575, 76.21056273695888",32.99261617636575,76.21056273695888,SH,Vehicle Overturn,5,2,Car,Gorge,Nil
862,2022-07-24,Sunday,Mahabalipuram,Tamil Nadu,"12.620941197699866, 80.19824093048054",12.620941197699866,80.19824093048054,OR,Others,2,0,Auto Rickshaw,Car,Nil
863,2022-07-23,Saturday,Ramdiri,Bihar,"25.371896452462543, 86.10590302703326",25.371896452462543,86.10590302703326,OR,Hit and Run,1,0,Bicycle,Unidentified,Nil
864,2022-07-23,Saturday,Jhamatia,Bihar,"25.549791232411557, 85.8645034581247",25.549791232411557,85.8645034581247,OR,Others,2,1,Two Wheeler,Truck,Nil
865,2022-07-23,Saturday,Bamhani,Madhya Pradesh,"22.475812300533164, 80.36759789701637",22.475812300533164,80.36759789701637,NH,Hit and Run,2,3,Pedestrian,Bus,Nil
866,2022-07-25,Monday,Barabanki,Uttar Pradesh,"26.927293576261384, 81.2001030162083",26.927293576261384,81.2001030162083,SH,Head On Collision ,8,18,Bus,Bus,Nil
867,2022-07-22,Friday,Mann Road,Maharashtra,"18.5789767064195, 73.71740025919915",18.5789767064195,73.71740025919915,OR,Others,2,0,Two Wheeler,Bus,Nil
868,2022-07-25,Monday,Nangli Puna,Delhi,"28.771698294788195, 77.1438149431766",28.771698294788195,77.1438149431766,NH,With Parked Vehicle,3,2,Car,Bus,Delhi
869,2022-07-24,Sunday,RTO Office Bilkhiriya,Madhya Pradesh,"23.267080937045094, 77.51617118103837",23.267080937045094,77.51617118103837,NH,Hit and Run,1,0,Two Wheeler,Unidentified,Bhopal
870,2022-07-24,Sunday,Megra Kalan,Madhya Pradesh,"23.680123872219358, 77.46032132791763",23.680123872219358,77.46032132791763,SH,Hit and Run,1,0,Two Wheeler,Unidentified,Nil
871,2022-07-20,Wednesday,Koothattukulam,Kerala,"9.860746543042406, 76.59740276583467",9.860746543042406,76.59740276583467,SH,Fixed Object Collision,1,0,Two Wheeler,Pole,Nil
872,2022-07-24,Sunday,Bilkhiriya,Madhya Pradesh,"23.256073185414806, 77.58298153658785",23.256073185414806,77.58298153658785,NH,Hit and Run,1,0,Two Wheeler,Unidentified,Nil
873,2022-07-24,Sunday,Megraa,Madhya Pradesh,"23.681334215884217, 77.46066505698248",23.681334215884217,77.46066505698248,SH,Hit and Run,1,0,Two Wheeler,Car,Nil
874,2022-07-27,Wednesday,Kurnool Ring Road,Andhra Pradesh,"15.761981976291281, 78.0205006532582",15.761981976291281,78.0205006532582,NH,Hit From Back,3,3,Car,Truck,Nil
875,2022-07-26,Tuesday,BTM Layout,Karnataka,"12.916371907451651, 77.61697348578028",12.916371907451651,77.61697348578028,OR,Hit and Run,1,1,Two Wheeler,Unidentified,Bengaluru
876,2022-07-26,Tuesday,Masuri,Uttar Pradesh,"28.68880790698141, 77.55244731315047",28.68880790698141,77.55244731315047,NH,Fixed Object Collision,3,0,Two Wheeler,Divider,Nil
877,2022-07-26,Tuesday,Bamheta,Uttar Pradesh,"28.649244391742904, 77.46967064490445",28.649244391742904,77.46967064490445,NH,Fixed Object Collision,1,0,Two Wheeler,Divider,Ghaziabad
878,2022-07-26,Tuesday,Jakhol,Uttarakhand,"30.389988368796864, 78.89482852209672",30.389988368796864,78.89482852209672,OR,Vehicle Overturn,1,4,Pick Up,Gorge,Nil
879,2022-07-26,Tuesday,Chandrama Chowk,Bihar,"25.577565237623467, 87.579481648749",25.577565237623467,87.579481648749,NH,Others,1,1,Two Wheeler,Bus,Nil
880,2022-07-27,Wednesday,Hiranagar,Himachal Pradesh,"31.113145309002686, 77.10432524742168",31.113145309002686,77.10432524742168,NH,Run Off Road,1,22,Bus,Gorge,Nil
881,2022-07-27,Wednesday,Acharapakkam,Tamil Nadu,"12.407262812658416, 79.81736834538259",12.407262812658416,79.81736834538259,NH,Head On Collision ,2,0,Two Wheeler,Truck,Nil
882,2022-07-29,Friday,Naraini,Uttar Pradesh,"25.187145377591197, 80.47401054681619",25.187145377591197,80.47401054681619,SH,Head On Collision ,6,7,Auto Rickshaw,SUV,Nil
883,2022-07-29,Friday,Udairamsar,Rajasthan,"27.933038901856406, 73.29090523704126",27.933038901856406,73.29090523704126,OR,Hit From Back,3,0,Two Wheeler,Truck,Nil
884,2022-07-28,Thursday,Salasar Highway,Rajasthan,"28.004360488461323, 74.94392415519748",28.004360488461323,74.94392415519748,NH,Others,1,0,Two Wheeler,SUV,Nil
885,2022-07-30,Saturday,Kinhauli,Uttar Pradesh,"27.01673689850753, 81.33913243597577",27.01673689850753,81.33913243597577,OR,Head On Collision ,5,0,Two Wheeler,Two Wheeler,Nil
886,2022-07-30,Saturday,Chinnar Bridge,Tamil Nadu,"10.353407760645622, 77.2196448074345",10.353407760645622,77.2196448074345,SH,With Parked Vehicle,2,3,Bus,Truck,Nil
887,2022-07-30,Saturday,Sector 12 Panchkula,Haryana,"30.67837434350798, 76.86002240403681",30.67837434350798,76.86002240403681,NH,Hit From Back,2,1,Two Wheeler,Truck,Nil
888,2022-07-30,Saturday,Bhattanagar,West Bengal,"22.622898612019217, 88.32155145335402",22.622898612019217,88.32155145335402,OR,Hit From Back,1,0,Bicycle,Truck,Kolkata
889,2022-07-31,Sunday,Tiuni,Uttarakhand,"30.939362031695072, 77.84815764793379",30.939362031695072,77.84815764793379,NH,Vehicle Overturn,3,0,Pick Up,Gorge,Nil
890,2022-07-31,Sunday,Tiuni Bridge,Uttarakhand,"30.945197917122762, 77.8515850791922",30.945197917122762,77.8515850791922,NH,Fixed Object Collision,1,1,Two Wheeler,Railing,Nil
891,2022-07-30,Saturday,Paddapai,Tamil Nadu,"12.888856784533612, 80.02941404006906",12.888856784533612,80.02941404006906,SH,Hit From Side,2,1,Two Wheeler,Car,Nil
892,2022-08-01,Monday,Swala,Uttarakhand,"29.260722990772237, 80.07439203496646",29.260722990772237,80.07439203496646,NH,Vehicle Overturn,1,1,Car,Gorge,Nil
893,2022-08-01,Monday,Shamshabad,Telangana,"17.255340256368513, 78.38134141799141",17.255340256368513,78.38134141799141,NH,Fixed Object Collision,1,2,Car,Divider,Hyderabad
894,2022-08-01,Monday,Swarag Dham Ashram,Madhya Pradesh,"23.254865875546862, 77.57396822342128",23.254865875546862,77.57396822342128,NH,Head On Collision ,1,0,Two Wheeler,Truck,Nil
895,2022-08-02,Tuesday,Navelim,Goa,"15.252273017920528, 73.96876094773741",15.252273017920528,73.96876094773741,NH,Fixed Object Collision,2,3,Car,Divider,Nil
896,2022-08-02,Tuesday,Cherry County,Uttar Pradesh,"28.601264171951183, 77.44802114044302",28.601264171951183,77.44802114044302,OR,Head On Collision ,1,2,Two Wheeler,Car,Nil
897,2022-08-03,Wednesday,Bahuara Chowk,Bihar,"25.84611417232703, 85.5986218975968",25.84611417232703,85.5986218975968,SH,Hit and Run,5,7,Pedestrian,Truck,Nil
898,2022-08-03,Wednesday,Ladhowal Flyover,Punjab,"30.904602329383014, 75.85365454882526",30.904602329383014,75.85365454882526,OR,With Parked Vehicle,1,0,Two Wheeler,Truck,Ludhiana
899,2022-08-03,Wednesday,Jugiyana,Punjab,"30.851348195494523, 75.94820155476005",30.851348195494523,75.94820155476005,SH,Others,1,1,Two Wheeler,Truck,Ludhiana
900,2022-08-02,Tuesday,Bherughat,Madhya Pradesh,"22.480575141185227, 75.94390693213485",22.480575141185227,75.94390693213485,SH,Others,1,4,Car,Truck,Nil
901,2022-08-03,Wednesday,Mahape Bridge,Maharashtra,"19.11412300743629, 73.01796579551088",19.11412300743629,73.01796579551088,OR,Hit and Run,1,0,Two Wheeler,Unidentified,Mumbai
902,2022-08-03,Wednesday,Hotel Gammat Jammat,Maharashtra,"20.033798280047844, 73.68825716693007",20.033798280047844,73.68825716693007,OR,Hit and Run,1,6,SUV,Wall,Nil
903,2022-08-04,Thursday,Kella ,Jammu,"32.83851227320035, 75.39320954302856",32.83851227320035,75.39320954302856,OR,Vehicle Overturn,5,12,Truck,Gorge,Nil
904,2022-08-04,Thursday,Jaleelpur Road,Uttar Pradesh,"29.142339160066125, 78.2697179981714",29.142339160066125,78.2697179981714,SH,Fixed Object Collision,3,2,Car,Tree,Nil
905,2022-08-04,Thursday,Bhootpuri,Uttar Pradesh,"29.322011984558028, 78.65378108142265",29.322011984558028,78.65378108142265,NH,Others,2,0,Two Wheeler,Car,Nil
906,2022-08-05,Friday,Ankinayanapalli,Tamil Nadu,"12.53456018087644, 78.39113093997939",12.53456018087644,78.39113093997939,SH,Hit and Run,4,0,Pedestrian,Car,Nil
907,2022-08-04,Thursday,Koduvai,Tamil Nadu,"10.938561165704384, 77.44021576561727",10.938561165704384,77.44021576561727,NH,Head On Collision ,5,1,SUV,Bus,Nil
908,2022-08-05,Friday,Westin Hotel,West Bengal,"22.592067801335396, 88.47414316235025",22.592067801335396,88.47414316235025,OR,With Parked Vehicle,1,1,Two Wheeler,Truck,Kolkata
909,2022-08-05,Friday,Malharganj,Madhya Pradesh,"22.719798679395794, 75.844653127901",22.719798679395794,75.844653127901,OR,Hit and Run,1,0,Pedestrian,Truck,Indore
910,2022-08-07,Sunday,Ballygunge,West Bengal,"22.52951965698945, 88.3657621945832",22.52951965698945,88.3657621945832,SH,Hit and Run,1,0,Pedestrian,Car,Kolkata
911,2022-08-06,Saturday,Telk Road,Kerala,"10.182455185251525, 76.37771870467434",10.182455185251525,76.37771870467434,OR,Run Off Road,1,0,Two Wheeler,Nil,Nil
912,2022-08-05,Friday,Turf Club Chowk,Maharashtra,"18.50646197538379, 73.88988097872114",18.50646197538379,73.88988097872114,NH,Hit From Side,2,0,Two Wheeler,Truck,Pune
913,2022-08-07,Sunday,Shivgarh,Uttar Pradesh,"25.58143154317199, 81.83963789136295",25.58143154317199,81.83963789136295,NH,Head On Collision ,1,1,Two Wheeler,Two Wheeler,Nil
914,2022-08-07,Sunday,Sanhauli,Bihar,"25.516217959494437, 86.48360471433303",25.516217959494437,86.48360471433303,OR,Others,1,1,Two Wheeler,Bus,Nil
915,2022-08-06,Saturday,Goodil Square,Maharashtra,"18.597471864679743, 73.9038236844523",18.597471864679743,73.9038236844523,OR,Fixed Object Collision,2,0,Two Wheeler,Tree,Nil
916,2022-08-07,Sunday,Tivoli Court,West Bengal,"22.539431321025113, 88.35850106678355",22.539431321025113,88.35850106678355,OR,Others,1,0,Pedestrian,Car,Kolkata
917,2022-08-08,Monday,Sahsoon Bypass,Uttar Pradesh,"25.48899557055542, 81.9895773259544",25.48899557055542,81.9895773259544,SH,Others,1,1,Bicycle,Bus,Nil
918,2022-08-08,Monday,Cumbum,Andhra Pradesh,"15.574179958048752, 79.11284852501312",15.574179958048752,79.11284852501312,OR,Others,5,0,Car,Lorry,Nil
919,2022-08-09,Tuesday,Sun Temple,Jharkhand,"23.18280174463508, 85.5617896975744",23.18280174463508,85.5617896975744,OR,Hit and Run,3,1,Pedestrian,Truck,Nil
920,2022-08-10,Wednesday,Mupkal,Telangana,"18.91469965911996, 78.36007559482111",18.91469965911996,78.36007559482111,NH,Run Off Road,4,3,Car,Nil,Nil
921,2022-08-09,Tuesday,RG Kar Road,West Bengal,"22.603069390633976, 88.37734698226794",22.603069390633976,88.37734698226794,OR,Others,1,0,Bicycle,Truck,Kolkata
922,2022-08-08,Monday,Dhapa,West Bengal,"22.539868429713746, 88.39806868254642",22.539868429713746,88.39806868254642,SH,Hit and Run,1,0,Pedestrian,Truck,Kolkata
923,2022-08-10,Wednesday,Lala Bazar,Uttar Pradesh,"25.46948365155127, 82.02397409040022",25.46948365155127,82.02397409040022,OR,Others,1,1,Two Wheeler,Truck,Nil
924,2022-08-10,Wednesday,Kothapalli,Telangana,"17.921580435051617, 78.6394576640401",17.921580435051617,78.6394576640401,OR,Fixed Object Collision,4,0,Car,Divider,Nil
925,2022-08-10,Wednesday,Shakarpur,Delhi,"28.62730426419451, 77.27960319704012",28.62730426419451,77.27960319704012,OR,Hit and Run,1,0,Two Wheeler,Bus,Delhi
926,2022-08-10,Wednesday,Kaup,Karnataka,"13.236164578699496, 74.74653583498659",13.236164578699496,74.74653583498659,OR,Hit From Back,1,1,Two Wheeler,Truck,Nil
927,2022-08-09,Tuesday,Tarapur Flyover,Gujarat,"22.491182868063923, 72.6611407729859",22.491182868063923,72.6611407729859,NH,Hit From Back,2,1,Two Wheeler,Car,Ahmedabad
928,2022-08-10,Wednesday,Chander Hospital,Punjab,"30.583126877573964, 76.84334244893928",30.583126877573964,76.84334244893928,NH,Hit and Run,1,0,Pedestrian,Car,Nil
929,2022-08-10,Wednesday,Sector 45 Light Point,Chandigarh,"30.70058427919328, 76.7560813348116",30.70058427919328,76.7560813348116,OR,Hit From Back,1,0,Two Wheeler,Bus,Chandigarh
930,2022-08-10,Wednesday,Sector 7 Panchkula,Haryana,"30.711627831657793, 76.85053500524437",30.711627831657793,76.85053500524437,NH,Others,1,0,Two Wheeler,Car,Nil
931,2022-08-10,Wednesday,Duddupalem,Andhra Pradesh,"17.756739280466192, 83.01246478320374",17.756739280466192,83.01246478320374,OR,Others,2,0,Two Wheeler,Lorry,Nil
932,2022-08-11,Thursday,Sutarwadi Flyover,Maharashtra,"18.54044513250428, 73.78018713277599",18.54044513250428,73.78018713277599,NH,Hit and Run,1,0,Two Wheeler,Unidentified,Pune
933,2022-08-11,Thursday,Kiwale,Maharashtra,"18.661623680075248, 73.72996840293237",18.661623680075248,73.72996840293237,NH,Hit From Back,1,1,Two Wheeler,Tractor,Nil
934,2022-08-11,Thursday,Laxmi Chowk,Maharashtra,"18.599727402289165, 73.73467864020846",18.599727402289165,73.73467864020846,OR,Others,1,0,Bicycle,Car,Nil
935,2022-08-12,Friday,Prateek Bridge,Madhya Pradesh,"22.674582860364115, 75.83221452974786",22.674582860364115,75.83221452974786,OR,Hit and Run,2,0,Pedestrian,Truck,Indore
936,2022-08-12,Friday,Grayaspur,Madhya Pradesh,"23.678312106155037, 78.11121940894049",23.678312106155037,78.11121940894049,NH,Others,4,0,Two Wheeler,Car,Nil
937,2022-08-14,Sunday,New Highway,Maharashtra,"18.976587724865837, 75.76628565332618",18.976587724865837,75.76628565332618,NH,Head On Collision ,6,0,Car,Truck,Nil
938,2022-08-14,Sunday,ISKCON Flyover,Gujarat,"23.027163319878326, 72.50731200268955",23.027163319878326,72.50731200268955,NH,Hit and Run,1,0,Pedestrian,Unidentified,Ahmedabad
939,2022-08-13,Saturday,Vallabhipur,Gujarat,"21.888208848667126, 71.87584738690651",21.888208848667126,71.87584738690651,SH,Hit From Back,4,0,Car,Truck,Nil
940,2022-08-12,Friday,Etawah Expressway,Uttar Pradesh,"26.79163187649792, 79.03551506188178",26.79163187649792,79.03551506188178,NH,Fixed Object Collision,1,4,Car,Divider,Nil
941,2022-08-12,Friday,Rau Bypass,Madhya Pradesh,"22.62514172018914, 75.74095968178769",22.62514172018914,75.74095968178769,OR,Hit From Back,1,3,Car,Pick Up,Nil
942,2022-08-15,Monday,Mandap Tunnel,Maharashtra,"18.842584082178334, 73.23739750475224",18.842584082178334,73.23739750475224,SH,Hit From Back,1,0,Car,Truck,Nil
943,2022-08-12,Friday,Salunke Vihar,Maharashtra,"18.47775957235929, 73.90547793757243",18.47775957235929,73.90547793757243,OR,Head On Collision ,1,2,Two Wheeler,Two Wheeler,Pune
944,2022-08-16,Tuesday,Sidhrawli,Haryana,"28.264056864663388, 76.8301177836652",28.264056864663388,76.8301177836652,NH,Hit From Side,4,2,SUV,Truck,Nil
945,2022-08-15,Monday,Chromepet,Tamil Nadu,"12.950716960809633, 80.13984549691799",12.950716960809633,80.13984549691799,SH,Hit and Run,1,0,Pedestrian,Bus,Nil
946,2022-08-17,Wednesday,Ranjangaon,Maharashtra,"18.75570378002915, 74.24743723636944",18.75570378002915,74.24743723636944,SH,Head On Collision ,5,1,Bus,Truck,Nil
947,2022-08-16,Tuesday,Padeghar,Maharashtra,"18.959068088846323, 73.03725870845345",18.959068088846323,73.03725870845345,NH,With Parked Vehicle,1,0,Two Wheeler,Truck,Mumbai
948,2022-08-16,Tuesday,Palm Beach Rd,Maharashtra,"19.052069270476046, 73.0077964043835",19.052069270476046,73.0077964043835,OR,With Parked Vehicle,1,0,Two Wheeler,Truck,Mumbai
949,2022-08-16,Tuesday,Tummalapalem,Andhra Pradesh,"16.57282209537555, 80.5322742786052",16.57282209537555,80.5322742786052,NH,With Parked Vehicle,4,0,Car,Lorry,Nil
950,2022-08-16,Tuesday,Tinokhal,Assam,"24.576822817114092, 92.31447808157061",24.576822817114092,92.31447808157061,NH,Others,1,3,Two Wheeler,Truck,Nil
951,2022-08-18,Thursday,Bhilwara,Rajasthan,"25.315813522132284, 74.63310835858479",25.315813522132284,74.63310835858479,NH,Hit From Back,4,0,Car,Truck,Nil
952,2022-08-18,Thursday,Kushaliya,Uttar Pradesh,"28.71053747751953, 77.53414573056509",28.71053747751953,77.53414573056509,NH,Hit and Run,4,1,SUV,Unidentified,Nil
953,2022-08-18,Thursday,Manali,Himachal Pradesh,"32.21421210952723, 77.18881761206093",32.21421210952723,77.18881761206093,NH,Head On Collision ,2,0,Car,Truck,Nil
954,2022-08-19,Friday,Metawara,Chhattisgarh,"19.143212422997077, 82.01659462110628",19.143212422997077,82.01659462110628,NH,Head On Collision ,5,0,Car,Bus,Nil
955,2022-08-19,Friday,Khiuri,Himachal Pradesh,"31.58576153219672, 76.96885387389771",31.58576153219672,76.96885387389771,OR,Vehicle Overturn,1,4,Car,Gorge,Nil
956,2022-08-20,Saturday,Athani,Karnataka,"16.726003255008884, 75.06098320133205",16.726003255008884,75.06098320133205,NH,Head On Collision ,2,10,Bus,Truck,Nil
957,2022-08-19,Friday,Shahjahanabad,Madhya Pradesh,"23.270417899334632, 77.39743447696006",23.270417899334632,77.39743447696006,OR,Hit and Run,1,3,Pedestrian,Two Wheeler,Bhopal
958,2022-08-19,Friday,Kasara Ghat,Maharashtra,"19.665589044933387, 73.50063272085029",19.665589044933387,73.50063272085029,NH,Run Off Road,1,2,Car,Nil,Nil
959,2022-08-19,Friday,Mannapparai,Tamil Nadu,"10.608956878284548, 78.42341800501377",10.608956878284548,78.42341800501377,SH,Hit From Side,2,1,Two Wheeler,Car,Nil
960,2022-08-19,Friday,Bridge No. 4,West Bengal,"22.53915592565847, 88.37340284759384",22.53915592565847,88.37340284759384,OR,Others,1,1,Two Wheeler,Truck,Kolkata
961,2022-08-20,Saturday,Hide Road Crossing,West Bengal,"22.527242804465722, 88.30648034361126",22.527242804465722,88.30648034361126,OR,Others,1,0,Two Wheeler,Truck,Kolkata
962,2022-08-21,Sunday,Kondhali,Maharashtra,"21.135114424478765, 78.6394714598024",21.135114424478765,78.6394714598024,NH,Hit From Back,1,4,Two Wheeler,Truck,Nil
963,2022-08-20,Saturday,Vishnukunj Society,Gujarat,"22.316321522968867, 73.14866832825786",22.316321522968867,73.14866832825786,OR,Run Off Road,1,0,Two Wheeler,Nil,Vadodara
964,2022-08-19,Friday,Dorabjee Mall,Maharashtra,"18.568399727548965, 73.90726646295064",18.568399727548965,73.90726646295064,OR,Head On Collision ,1,1,Two Wheeler,Bus,Pune
965,2022-08-22,Monday,Palkhi,Madhya Pradesh,"23.41171116675694, 75.48403343721121",23.41171116675694,75.48403343721121,SH,Others,4,11,Truck,Truck,Nil
966,2022-08-21,Sunday,Sarahanpur,Uttar Pradesh,"29.960305462335533, 77.55709242351591",29.960305462335533,77.55709242351591,NH,With Parked Vehicle,6,6,SUV,Truck,Nil
967,2022-08-22,Monday,Laxmangarh,Rajasthan,"27.811572450985334, 75.02095342198635",27.811572450985334,75.02095342198635,NH,Head On Collision ,4,0,Car,Truck,Nil
968,2022-08-22,Monday,Valluru,Andhra Pradesh,"16.557731034204064, 81.83028092243659",16.557731034204064,81.83028092243659,SH,Vehicle Overturn,3,2,Car,Canal,Nil
969,2022-08-22,Monday,Railway Station Jammu Tawi,Jammu,"32.70663052265936, 74.87930354821297",32.70663052265936,74.87930354821297,OR,Hit and Run,2,5,Pedestrian,SUV,Nil
970,2022-08-22,Monday,Khetawas,Haryana,"28.548837891916982, 76.51790857252273",28.548837891916982,76.51790857252273,OR,Hit From Back,4,1,Car,Bus,Nil
971,2022-08-21,Sunday,Mavikala Toll Plaza,Uttar Pradesh,"28.877093982745233, 77.25098427500454",28.877093982745233,77.25098427500454,NH,Head On Collision ,5,0,Two Wheeler,Truck,Nil
972,2022-08-22,Monday,Garhi Harsaru,Haryana,"28.44960177047333, 76.96100609651029",28.44960177047333,76.96100609651029,NH,With Parked Vehicle,1,1,Car,Truck,Nil
973,2022-08-23,Tuesday,Mohadari Ghat,Maharashtra,"19.885274960176368, 73.94177560345305",19.885274960176368,73.94177560345305,NH,Fixed Object Collision,1,1,Car,Divider,Nil
974,2022-08-23,Tuesday,Vivekanand College,Madhya Pradesh,"22.59663648362726, 75.89634578737964",22.59663648362726,75.89634578737964,SH,Head On Collision ,3,15,Auto Rickshaw,Truck,Nil
975,2022-08-23,Tuesday,Honda Showroom,Chhattisgarh,"21.095586931573653, 81.01281321850867",21.095586931573653,81.01281321850867,OR,Head On Collision ,2,1,Car,Truck,Nil
976,2022-08-23,Tuesday,Sathriya,Uttar Pradesh,"27.50116096445349, 81.69949466986577",27.50116096445349,81.69949466986577,OR,Vehicle Overturn,3,2,Car,Ditch,Nil
977,2022-08-25,Thursday,Balenahalli Gate,Karnataka,"13.362972731995939, 77.10330230352852",13.362972731995939,77.10330230352852,NH,Hit From Back,9,14,SUV,Truck,Nil
978,2022-08-23,Tuesday,Injambakkam,Tamil Nadu,"12.921172824561957, 80.25129808708131",12.921172824561957,80.25129808708131,NH,Fixed Object Collision,2,0,Two Wheeler,Divider,Chennai
979,2022-08-25,Thursday,Madigunta,Andhra Pradesh,"17.853639107608544, 82.49172139329664",17.853639107608544,82.49172139329664,OR,Head On Collision ,3,2,Two Wheeler,Two Wheeler,Nil
980,2022-08-25,Thursday,Vathiyar Thottam Bus Stop,Tamil Nadu,"13.143458015584102, 80.23436375553368",13.143458015584102,80.23436375553368,OR,Head On Collision ,2,0,Two Wheeler,Truck,Chennai
981,2022-08-26,Friday,Raigadnagar Bridge,Maharashtra,"19.893966265222172, 73.68212353649628",19.893966265222172,73.68212353649628,OR,Hit From Back,2,0,Car,Truck,Nil
982,2022-08-26,Friday,Chaupal,Himachal Pradesh,"30.949330125762117, 77.5928195680066",30.949330125762117,77.5928195680066,SH,Vehicle Overturn,4,1,Car,Gorge,Nil
983,2022-08-25,Thursday,Tarihal,Karnataka,"15.35752331671975, 75.03842886062819",15.35752331671975,75.03842886062819,OR,Others,3,1,Two Wheeler,Truck,Nil
984,2022-08-27,Saturday,Kidderpore Dock,West Bengal,"22.546410436893307, 88.32103275364356",22.546410436893307,88.32103275364356,OR,Hit From Side,1,0,Car,Truck,Kolkata
985,2022-08-26,Friday,Army Public School,Maharashtra,"18.57750697763386, 73.8764039940463",18.57750697763386,73.8764039940463,SH,Hit From Back,1,0,Two Wheeler,Bus,Pune
986,2022-08-27,Saturday,Garrah Bridge,Uttar Pradesh,"27.909778591203295, 79.86524927125421",27.909778591203295,79.86524927125421,OR,Vehicle Overturn,6,14,Tractor,River,Nil
987,2022-08-27,Saturday,Khedla,Rajasthan,"26.701112788209908, 76.79640310310648",26.701112788209908,76.79640310310648,OR,Hit and Run,2,0,Two Wheeler,Unidentified,Nil
988,2022-08-27,Saturday,Bislai,Rajasthan,"25.278619789075506, 76.27552883402359",25.278619789075506,76.27552883402359,OR,Vehicle Overturn,2,3,Car,Ditch,Nil
989,2022-08-27,Saturday,Ganga Canal Road,Uttar Pradesh,"28.877477668955493, 77.52603417488096",28.877477668955493,77.52603417488096,OR,Hit and Run,2,2,Car,Unidentified,Nil
990,2022-08-28,Sunday,Diva Agasan Road,Maharashtra,"19.183655518817666, 73.0534083474903",19.183655518817666,73.0534083474903,OR,Head On Collision ,1,0,Two Wheeler,Truck,Mumbai
991,2022-08-27,Saturday,Bhagwanpur,Uttar Pradesh,"28.871034366683634, 77.74104853527804",28.871034366683634,77.74104853527804,NH,Fixed Object Collision,6,0,SUV,Divider,Nil
992,2022-08-28,Sunday,Patharakhumba,Odisha,"20.937340687598365, 85.47144947154864",20.937340687598365,85.47144947154864,NH,Head On Collision ,5,0,Auto Rickshaw,Truck,Nil
993,2022-08-29,Monday,Jamathi,Maharashtra,"20.649003554646466, 76.22847466638882",20.649003554646466,76.22847466638882,OR,Fixed Object Collision,3,7,Pick Up,Tree,Nil
994,2022-08-28,Sunday,Gokulpura,Rajasthan,"27.576033844445412, 75.18900536726449",27.576033844445412,75.18900536726449,NH,Head On Collision ,2,12,Car,Bus,Nil
995,2022-08-28,Sunday,Manpur,Rajasthan,"26.95860693491009, 76.68415878172634",26.95860693491009,76.68415878172634,NH,Hit and Run,1,0,Pedestrian,Car,Nil
996,2022-08-30,Tuesday,Kah ,Jammu,"32.79938067051608, 75.00789547580732",32.79938067051608,75.00789547580732,OR,Vehicle Overturn,8,4,SUV,Gorge,Nil
997,2022-08-30,Tuesday,Makrown,Uttar Pradesh,"25.718353533382025, 80.10015215149183",25.718353533382025,80.10015215149183,NH,Hit and Run,2,0,Pedestrian,Truck,Nil
998,2022-08-30,Tuesday,Paniyala Flyover,Rajasthan,"27.784237288595175, 76.22986539404629",27.784237288595175,76.22986539404629,NH,Run Off Road,3,13,Bus,Nil,Nil
999,2022-08-30,Tuesday,Sirsala,Maharashtra,"18.973810245442227, 76.37588017389284",18.973810245442227,76.37588017389284,SH,Head On Collision ,2,2,Car,SUV,Nil
1000,2022-08-30,Tuesday,Nadigaon,Uttarakhand,"29.83922690925442, 79.77706855378689",29.83922690925442,79.77706855378689,NH,Fixed Object Collision,1,0,Two Wheeler,Boulder,Nil
1001,2022-08-29,Monday,Jamthi,Maharashtra,"20.809524840584373, 75.97061786368732",20.809524840584373,75.97061786368732,SH,Run Off Road,3,10,Pick Up,Nil,Nil
1002,2022-09-01,Thursday,Kupakaddi,Karnataka,"16.529660984075278, 75.6645191378298",16.529660984075278,75.6645191378298,OR,Head On Collision ,3,4,Car,Bus,Nil
1003,2022-08-30,Tuesday,Gondal Rd,Gujarat,"22.209340077984876, 70.80100442289556",22.209340077984876,70.80100442289556,NH,Hit and Run,2,0,Pedestrian,Car,Rajkot
1004,2022-08-31,Wednesday,Calcutta Rowing Club,West Bengal,"22.51238394035984, 88.35497158434426",22.51238394035984,88.35497158434426,OR,Hit From Back,1,0,Two Wheeler,Truck,Kolkata
1005,2022-08-31,Wednesday,Khabardanga,West Bengal,"22.463162904924367, 88.33390333096153",22.463162904924367,88.33390333096153,OR,Fixed Object Collision,2,1,Two Wheeler,Tree,Kolkata
1006,2022-08-31,Wednesday,Kalakar Street,West Bengal,"22.585798966749003, 88.3551253842066",22.585798966749003,88.3551253842066,OR,Hit and Run,1,0,Pedestrian,Truck,Kolkata
1007,2022-08-31,Wednesday,Chachoga,Himachal Pradesh,"32.735369414033954, 76.251512361788",32.735369414033954,76.251512361788,OR,Vehicle Overturn,2,1,SUV,Gorge,Nil
1008,2022-08-31,Wednesday,Rohtang Pass,Himachal Pradesh,"32.37176488996312, 77.24680921374025",32.37176488996312,77.24680921374025,OR,Vehicle Overturn,1,4,Truck,Gorge,Nil
1009,2022-09-01,Thursday,Parwaliya,Madhya Pradesh,"23.02341919002103, 74.52070834052253",23.02341919002103,74.52070834052253,SH,Fixed Object Collision,1,3,Car,Culvert,Nil
1010,2022-09-02,Friday,Rajgurunagar Stretch,Maharashtra,"18.8494015889229, 73.89818034290536",18.8494015889229,73.89818034290536,NH,Head On Collision ,2,0,Two Wheeler,Ambulance,Nil
1011,2022-09-02,Friday,Chinchbhuvan Chowk,Maharashtra,"21.067406895480527, 79.05850935909434",21.067406895480527,79.05850935909434,NH,Fixed Object Collision,1,4,Car,Divider,Nagpur
1012,2022-09-02,Friday,Manpur,Madhya Pradesh,"22.433194860521702, 75.62060067005532",22.433194860521702,75.62060067005532,NH,Others,1,1,Two Wheeler,Truck,Indore
1013,2022-09-03,Saturday,Sundarapuram,Tamil Nadu,"10.950785627863572, 76.97623851969175",10.950785627863572,76.97623851969175,NH,Hit and Run,1,0,Pedestrian,Bus,Coimbatore
1014,2022-09-03,Saturday,Galgotias University,Uttar Pradesh,"28.36645610952026, 77.53773490671925",28.36645610952026,77.53773490671925,OR,Run Off Road,1,1,Car,Nil,Nil
1015,2022-09-04,Sunday,Saryu Bridge,Maharashtra,"19.89748574089612, 72.94096533384186",19.89748574089612,72.94096533384186,NH,Fixed Object Collision,1,2,Car,Divider,Nil
1016,2022-09-04,Sunday,Palse,Maharashtra,"19.929786200796077, 73.86816893229063",19.929786200796077,73.86816893229063,NH,Hit and Run,1,0,Two Wheeler,Unidentified,Nil
1017,2022-09-04,Sunday,Trimbak Vidya Mandir,Maharashtra,"19.97585050674122, 73.6913953141388",19.97585050674122,73.6913953141388,NH,Run Off Road,1,0,Two Wheeler,Nil,Nil
1018,2022-09-04,Sunday,Nawalgarh Rd,Rajasthan,"27.620618975200596, 75.15432247946985",27.620618975200596,75.15432247946985,OR,Fixed Object Collision,1,4,Car,Tree,Nil
1019,2022-09-04,Sunday,Tasimo,Rajasthan,"26.79640462667417, 77.78033605114946",26.79640462667417,77.78033605114946,SH,Hit and Run,1,0,Pedestrian,Unidentified,Nil
1020,2022-09-03,Saturday,Perur,Tamil Nadu,"10.975472149756177, 76.91461748939439",10.975472149756177,76.91461748939439,OR,Others,1,1,Two Wheeler,Truck,Nil
1021,2022-09-04,Sunday,Gate 2 AIIMS,Delhi,"28.567951511122537, 77.2079624712835",28.567951511122537,77.2079624712835,OR,With Parked Vehicle,3,3,Auto Rickshaw,Car,Delhi
1022,2022-09-04,Sunday,Kaggalipura,Karnataka,"12.801987522673272, 77.50896962112277",12.801987522673272,77.50896962112277,NH,Hit and Run,1,1,Pedestrian,Truck,Nil
1023,2022-09-05,Monday,Nipania,Madhya Pradesh,"22.74463198606689, 75.93408549573431",22.74463198606689,75.93408549573431,NH,Hit From Back,1,0,Two Wheeler,Truck,Indore
1024,2022-09-07,Wednesday,Maval,Rajasthan,"24.430462504845845, 72.70674163283152",24.430462504845845,72.70674163283152,NH,Head On Collision ,6,0,Car,Truck,Nil
1025,2022-09-07,Wednesday,Sadar Police Station,Rajasthan,"26.732171041018393, 77.89923914447503",26.732171041018393,77.89923914447503,NH,Run Off Road,1,0,Two Wheeler,Nil,Nil
1026,2022-09-05,Monday,Amrapura,Gujarat,"22.441979342857028, 73.58417184251353",22.441979342857028,73.58417184251353,NH,With Parked Vehicle,4,11,Bus,Truck,Nil
1027,2022-09-06,Tuesday,Chandni Chowk,Maharashtra,"18.50735318742875, 73.78357201781958",18.50735318742875,73.78357201781958,NH,Hit and Run,1,0,Two Wheeler,Unidentified,Pune
1028,2022-09-06,Tuesday,Kharar Bus Stand,Punjab,"30.750286809972074, 76.64057672151587",30.750286809972074,76.64057672151587,NH,Hit and Run,1,0,Pedestrian,Truck,Nil
1029,2022-09-06,Tuesday,Morinda Highway,Punjab,"30.745288343677295, 76.65143581606183",30.745288343677295,76.65143581606183,NH,Hit and Run,1,0,Pedestrian,Car,Nil
1030,2022-09-06,Tuesday,Industrial Area Phase-8,Punjab,"30.706704631161912, 76.70673573769159",30.706704631161912,76.70673573769159,OR,Hit and Run,1,0,Pedestrian,Truck,Nil
1031,2022-09-06,Tuesday,Koyaliya Kheda,Uttar Pradesh,"26.89363853230963, 80.53708001208369",26.89363853230963,80.53708001208369,NH,Others,1,4,Truck,Bus,Nil
1032,2022-09-08,Thursday,Ramba Village,Haryana,"29.79188524373807, 76.98055750545583",29.79188524373807,76.98055750545583,OR,Head On Collision ,2,1,Car,Tractor,Nil
1033,2022-09-08,Thursday,Gagsina,Haryana,"29.55522209307861, 76.87977066158835",29.55522209307861,76.87977066158835,SH,Hit and Run,1,0,Two Wheeler,Unidentified,Nil
1034,2022-09-08,Thursday,Juni Indore Police Station,Madhya Pradesh,"22.706027435309647, 75.86027121436881",22.706027435309647,75.86027121436881,OR,Hit and Run,1,1,Pedestrian,Two Wheeler,Indore
1035,2022-09-10,Saturday,Gudamalani,Rajasthan,"25.198397188270906, 71.71244104453648",25.198397188270906,71.71244104453648,SH,Others,4,2,Car,Truck,Nil
1036,2022-09-10,Saturday,Chandimandir Toll Plaza,Haryana,"30.738582224630147, 76.8981208048847",30.738582224630147,76.8981208048847,NH,Hit From Back,2,0,Two Wheeler,Truck,Nil
1037,2022-09-10,Saturday,Sector 21,Haryana,"30.67761730430839, 76.85979178570341",30.67761730430839,76.85979178570341,NH,Run Off Road,1,1,Tractor,Nil,Nil
1038,2022-09-09,Friday,Sakkardara,Maharashtra,"21.121740832696776, 79.12142851389376",21.121740832696776,79.12142851389376,SH,Head On Collision ,4,0,Two Wheeler,SUV,Nagpur
1039,2022-09-09,Friday,Golahalli,Karnataka,"13.14742868472633, 77.41813858522167",13.14742868472633,77.41813858522167,SH,Others,1,3,Two Wheeler,Car,Nil
1040,2022-09-07,Wednesday,Surpaliya,Rajasthan,"27.372268632145076, 73.98368298597157",27.372268632145076,73.98368298597157,NH,Head On Collision ,5,12,SUV,Truck,Nil
1041,2022-09-09,Friday,Tibbi,Rajasthan,"29.555416933662553, 74.49921749955635",29.555416933662553,74.49921749955635,OR,Others,3,1,Two Wheeler,Tractor,Nil
1042,2022-09-08,Thursday,Panchvati College,Maharashtra,"20.00499772821469, 73.80337537492747",20.00499772821469,73.80337537492747,NH,Hit From Back,1,0,Two Wheeler,Truck,Nashik
1043,2022-09-09,Friday,Kuvadva,Gujarat,"22.36394890903222, 70.94655156261628",22.36394890903222,70.94655156261628,NH,Head On Collision ,2,0,Car,Truck,Nil
1044,2022-09-10,Saturday,Charanmal,Maharashtra,"20.99690496730159, 73.87705208457449",20.99690496730159,73.87705208457449,SH,Run Off Road,2,8,Bus,Nil,Nil
1045,2022-09-10,Saturday,Aswathnagar,Karnataka,"13.022577660268105, 77.57740525160732",13.022577660268105,77.57740525160732,OR,Run Off Road,1,1,Two Wheeler,Nil,Bengaluru
1046,2022-09-10,Saturday,Thubarahalli,Karnataka,"12.948846432059588, 77.71800593231112",12.948846432059588,77.71800593231112,OR,Fixed Object Collision,1,1,Two Wheeler,Divider,Bengaluru
1047,2022-09-12,Monday,Behram,Punjab,"31.20278264394658, 75.89358394300896",31.20278264394658,75.89358394300896,NH,Head On Collision ,3,0,Car,Truck,Nil
1048,2022-09-12,Monday,Medchal Bus Stop,Punjab,"31.202679076429085, 75.8942808549333",31.202679076429085,75.8942808549333,NH,Hit and Run,3,0,Pedestrian,Two Wheeler,Nil
1049,2022-09-11,Sunday,Ramanagara,Karnataka,"12.71661239134448, 77.27499627288593",12.71661239134448,77.27499627288593,NH,Fixed Object Collision,1,0,Two Wheeler,Divider,Nil
1050,2022-09-12,Monday,Neriamangalam,Kerala,"10.051900198441237, 76.7830350362113",10.051900198441237,76.7830350362113,OR,Vehicle Overturn,1,6,Bus,Gorge,Nil
1051,2022-09-12,Monday,Brown Road,Punjab,"30.91001885514226, 75.85702699100335",30.91001885514226,75.85702699100335,OR,Head On Collision ,1,3,Auto Rickshaw,Truck,Ludhiana
1052,2022-09-14,Wednesday,Sawjian,Jammu,"33.7700244652679, 74.07785173735053",33.7700244652679,74.07785173735053,OR,Vehicle Overturn,11,19,Bus,Gorge,Nil
1053,2022-09-14,Wednesday,Vathalai,Tamil Nadu,"10.893404927273082, 78.60016413819511",10.893404927273082,78.60016413819511,SH,Hit From Side,2,1,Van,Bus,Nil
1054,2022-09-13,Tuesday,Mahindra Engine Plant,Maharashtra,"19.693051484080716, 73.54263536694057",19.693051484080716,73.54263536694057,NH,Hit and Run,1,0,Pedestrian,Van,Nil
1055,2022-09-14,Wednesday,Aruviyodu,Kerala,"8.419565452649845, 77.15831829202831",8.419565452649845,77.15831829202831,OR,Run Off Road,1,0,Two Wheeler,Nil,Nil
1056,2022-09-13,Tuesday,Dhangaon,Madhya Pradesh,"22.10481658261497, 76.14038195346879",22.10481658261497,76.14038195346879,OR,Vehicle Overturn,2,20,Bus,River,Nil
1057,2022-09-13,Tuesday,RTO Office,Rajasthan,"27.61825728158689, 75.17607957698375",27.61825728158689,75.17607957698375,OR,Head On Collision ,3,0,Car,Truck,Nil
1058,2022-09-14,Wednesday,Barana ,Haryana,"29.4590767400171, 77.06081055227108",29.4590767400171,77.06081055227108,OR,Others,2,1,Two Wheeler,Tractor,Nil
1059,2022-09-15,Thursday,Chinnaputhur,Tamil Nadu,"10.83401134322215, 77.27869144901616",10.83401134322215,77.27869144901616,OR,Head On Collision ,2,0,Van,Van,Nil
1060,2022-09-15,Thursday,SIdhauli,Uttar Pradesh,"27.2782612807225, 80.83835544261635",27.2782612807225,80.83835544261635,NH,Head On Collision ,4,20,Tractor,Truck,Nil
1061,2022-09-14,Wednesday,Navalur,Tamil Nadu,"12.846761446461745, 80.22649393887838",12.846761446461745,80.22649393887838,SH,Hit and Run,2,0,Pedestrian,Car,Nil
1062,2022-09-15,Thursday,Dehri Ralyot,Jammu,"33.49867036613933, 74.25560977711488",33.49867036613933,74.25560977711488,SH,Vehicle Overturn,11,27,Bus,Gorge,Nil
1063,2022-09-14,Wednesday,Sector 33 Petrol Pump,Chandigarh,"30.71666660653803, 76.77651310719091",30.71666660653803,76.77651310719091,OR,Hit and Run,1,0,Pedestrian,Car,Chandigarh
1064,2022-09-14,Wednesday,Lal Kuan,Uttar Pradesh,"28.632267292841565, 77.46683319186559",28.632267292841565,77.46683319186559,NH,Head On Collision ,2,0,Pedestrian,SUV,Nil
1065,2022-09-15,Thursday,Mundela Kalan,Delhi,"28.59813146355126, 76.90071850800156",28.59813146355126,76.90071850800156,OR,Fixed Object Collision,1,7,Van,Tree,Delhi
1066,2022-09-16,Friday,Jharsuguda,Odisha,"21.876664217248692, 84.01575665468745",21.876664217248692,84.01575665468745,OR,Head On Collision ,4,8,Bus,Truck,Nil
1067,2022-09-15,Thursday,Kamakshi Hospital Intersection,Tamil Nadu,"12.948547849036212, 80.20982636366061",12.948547849036212,80.20982636366061,SH,Hit From Side,1,0,Two Wheeler,Car,Chennai
1068,2022-09-15,Thursday,Chitlapakkam,Tamil Nadu,"12.940815590779762, 80.13145611584468",12.940815590779762,80.13145611584468,SH,Head On Collision ,1,0,Two Wheeler,Bus,Chennai
1069,2022-09-15,Thursday,SUS Bridge,Maharashtra,"18.547422467752714, 73.77245205839895",18.547422467752714,73.77245205839895,OR,Hit From Back,1,0,Two Wheeler,Truck,Pune
1070,2022-09-16,Friday,Maswasi Rd,Uttar Pradesh,"29.09486473149915, 79.07411821862883",29.09486473149915,79.07411821862883,OR,Others,1,2,Car,Truck,Nil
1071,2022-09-16,Friday,Vegetable Market,Karnataka,"13.020620147074295, 77.58465557229627",13.020620147074295,77.58465557229627,OR,Head On Collision ,1,0,Two Wheeler,Truck,Bengaluru
1072,2022-09-16,Friday,Kumpala Rd,Karnataka,"12.805919781759693, 74.86169726689376",12.805919781759693,74.86169726689376,OR,Head On Collision ,1,0,Two Wheeler,Truck,Nil
1073,2022-09-18,Sunday,Pethanaickenpalayam,Tamil Nadu,"11.647952361658895, 78.50986736230354",11.647952361658895,78.50986736230354,NH,Others,6,0,Bus,Truck,Nil
1074,2022-09-16,Friday,Marathon Chowk,Maharashtra,"20.005947094265988, 73.77618830728959",20.005947094265988,73.77618830728959,OR,Fixed Object Collision,1,1,Two Wheeler,Divider,Nashik
1075,2022-09-17,Saturday,VIP Rd,West Bengal,"22.60368399622085, 88.43022502868575",22.60368399622085,88.43022502868575,OR,Fixed Object Collision,1,2,Two Wheeler,Divider,Kolkata
1076,2022-09-17,Saturday,Borivali East ,Maharashtra,"19.22852843112726, 72.8634702268792",19.22852843112726,72.8634702268792,OR,Hit From Side,1,1,Truck,Truck,Mumbai
1077,2022-09-17,Saturday,Hotel Pranav,Karnataka,"13.516680042546739, 77.76393276245939",13.516680042546739,77.76393276245939,NH,Others,2,2,Car,Truck,Nil
1078,2022-09-17,Saturday,Khanpur Kolian,Haryana,"30.035181781819592, 76.88369753523199",30.035181781819592,76.88369753523199,NH,Head On Collision ,4,7,Tractor,Truck,Nil
1079,2022-09-19,Monday,Uruli Devachi,Maharashtra,"18.45414151812873, 73.96054737373794",18.45414151812873,73.96054737373794,OR,Head On Collision ,1,5,Bus,Truck,Nil
1080,2022-09-17,Saturday,Indirapuram,Uttar Pradesh,"28.653538904001415, 77.37198471469783",28.653538904001415,77.37198471469783,OR,Fixed Object Collision,2,0,Two Wheeler,Railing,Ghaziabad
1081,2022-09-17,Saturday,Concor Yard,West Bengal,"22.526111714495237, 88.31234128980427",22.526111714495237,88.31234128980427,OR,With Parked Vehicle,1,0,Truck,Truck,Kolkata
1082,2022-09-18,Sunday,Katraj Flyover,Maharashtra,"18.447699372819145, 73.86175028099042",18.447699372819145,73.86175028099042,NH,Run Off Road,1,1,Two Wheeler,Nil,Pune
1083,2022-09-18,Sunday,Golur,Karnataka,"11.874783636911397, 76.15280048333706",11.874783636911397,76.15280048333706,SH,Head On Collision ,2,0,Two Wheeler,Car,Nil
1084,2022-09-18,Sunday,Forum Mall,Karnataka,"12.888559548952276, 77.56238316702398",12.888559548952276,77.56238316702398,OR,With Parked Vehicle,1,0,Two Wheeler,Van,Bengaluru
1085,2022-09-18,Sunday,Siddharth Vihar,Uttar Pradesh,"28.663844152886497, 77.40084691215087",28.663844152886497,77.40084691215087,OR,Others,3,2,Two Wheeler,Ambulance,Ghaziabad
1086,2022-09-18,Sunday,SSKM Hospital,West Bengal,"22.541095696127417, 88.34141186355302",22.541095696127417,88.34141186355302,OR,Hit and Run,1,0,Pedestrian,Car,Kolkata
1087,2022-09-19,Monday,Samrala Chowk,Punjab,"30.916866952438713, 75.89436062286293",30.916866952438713,75.89436062286293,OR,Hit and Run,1,0,Pedestrian,Truck,Ludhiana
1088,2022-09-19,Monday,Batote ,Jammu,"33.12101504697645, 75.31961895866417",33.12101504697645,75.31961895866417,OR,Vehicle Overturn,2,2,Car,Gorge,Nil
1089,2022-09-19,Monday,Mahalunge,Maharashtra,"18.57368309021931, 73.76382618201784",18.57368309021931,73.76382618201784,NH,Hit From Side,1,1,Two Wheeler,Truck,Pune
1090,2022-09-21,Wednesday,DTC Depot,Delhi,"28.686459911111605, 77.33102290275208",28.686459911111605,77.33102290275208,OR,Hit and Run,4,2,Pedestrian,Truck,Delhi
1091,2022-09-20,Tuesday,Bironkhal,Uttarakhand,"29.840540108367783, 79.03140318397378",29.840540108367783,79.03140318397378,OR,Vehicle Overturn,2,1,Car,Ditch,Nil
1092,2022-09-20,Tuesday,Boddavalasa,Andhra Pradesh,"18.046347718401993, 83.40456742581742",18.046347718401993,83.40456742581742,NH,Fixed Object Collision,2,0,Two Wheeler,Divider,Nil
1093,2022-09-19,Monday,Barwala,Haryana,"29.356332426002403, 75.90990643867731",29.356332426002403,75.90990643867731,SH,Hit From Side,2,0,Tractor,Ambulance,Nil
1094,2022-09-19,Monday,Tulapur Phata,Maharashtra,"18.62700632040177, 74.03381295776077",18.62700632040177,74.03381295776077,SH,Hit and Run,1,0,Pedestrian,Bus,Nil
1095,2022-09-20,Tuesday,Byndoor Junction,Karnataka,"13.875276738904809, 74.62823150615752",13.875276738904809,74.62823150615752,OR,Others,1,2,Two Wheeler,Car,Nil
1096,2022-09-20,Tuesday,Dehu Road,Maharashtra,"18.678816504449504, 73.73974509602084",18.678816504449504,73.73974509602084,NH,Others,1,0,Two Wheeler,Truck,Nil
1097,2022-09-20,Tuesday,Hivargaon Toll Plaza,Maharashtra,"19.516711250438, 74.20168005669247",19.516711250438,74.20168005669247,NH,Fixed Object Collision,2,1,Car,Divider,Nil
1098,2022-09-22,Thursday,Sirumugai,Tamil Nadu,"11.326682732716154, 77.01213863141477",11.326682732716154,77.01213863141477,SH,Hit and Run,1,0,Two Wheeler,Boar,Nil
1099,2022-09-21,Wednesday,Marunji,Maharashtra,"18.612712829712354, 73.714462880994",18.612712829712354,73.714462880994,OR,Others,1,0,Two Wheeler,Truck,Nil
1100,2022-09-23,Friday,Tisk,Goa,"15.428503476837209, 74.07873782207405",15.428503476837209,74.07873782207405,OR,Hit and Run,1,0,Pedestrian,Car,Nil
1101,2022-09-21,Wednesday,Mumbai Naka,Maharashtra,"19.989333853437042, 73.78036076417465",19.989333853437042,73.78036076417465,OR,Hit From Back,1,0,Bicycle,Auto Rickshaw,Nashik
1102,2022-09-23,Friday,Khandwa Chowk,Haryana,"30.118928366820413, 77.26644195822695",30.118928366820413,77.26644195822695,NH,Head On Collision ,2,2,Car,Car,Nil
1103,2022-09-23,Friday,Sarauri,Uttar Pradesh,"27.790818186313565, 79.8946576286324",27.790818186313565,79.8946576286324,OR,Hit and Run,2,0,Pedestrian,Truck,Nil
1104,2022-09-23,Friday,Nazirabad,Madhya Pradesh,"23.79807528906838, 77.25506091853237",23.79807528906838,77.25506091853237,NH,Hit From Back,1,2,Two Wheeler,Truck,Nil
1105,2022-09-24,Saturday,Chandubi,Assam,"25.879219859308915, 91.43619721897049",25.879219859308915,91.43619721897049,OR,Run Off Road,3,2,Car,Nil,Nil
1106,2022-09-25,Sunday,Ghiyagi,Himachal Pradesh,"31.576387479344483, 77.36182804615906",31.576387479344483,77.36182804615906,NH,Vehicle Overturn,7,10,SUV,Gorge,Nil
1107,2022-09-26,Monday,Itaunja,Uttar Pradesh,"27.081201386605976, 80.89154095699573",27.081201386605976,80.89154095699573,NH,Run Off Road,10,20,Tractor,Nil,Nil
1108,2022-09-25,Sunday,Canal West Rd,West Bengal,"22.583870070543384, 88.37899507425759",22.583870070543384,88.37899507425759,OR,Others,2,1,Two Wheeler,Truck,Kolkata
1109,2022-09-23,Friday,Wadala,Maharashtra,"19.010546586687962, 72.86471665659106",19.010546586687962,72.86471665659106,OR,Hit and Run,1,0,Two Wheeler,Unidentified,Mumbai
1110,2022-09-26,Monday,Swaruppur,Uttar Pradesh,"26.22018768862963, 79.71717707108802",26.22018768862963,79.71717707108802,OR,Hit and Run,2,1,Pedestrian,Truck,Nil
1111,2022-09-26,Monday,SSKM Hospital,West Bengal,"22.541704245845963, 88.34651164736444",22.541704245845963,88.34651164736444,OR,Hit and Run,1,0,Pedestrian,Two Wheeler,Kolkata
1112,2022-09-26,Monday,Garfa,West Bengal,"22.50333407140352, 88.37707413889534",22.50333407140352,88.37707413889534,OR,Fixed Object Collision,1,0,Two Wheeler,Divider,Kolkata
1113,2022-09-25,Sunday,Mecheri,Tamil Nadu,"11.833275720189599, 77.94107068459327",11.833275720189599,77.94107068459327,SH,Hit From Back,3,0,Two Wheeler,SUV,Nil
1114,2022-09-27,Tuesday,Torxem,Goa,"15.779829927552855, 73.85965708242867",15.779829927552855,73.85965708242867,NH,Head On Collision ,2,3,SUV,Truck,Nil
1115,2022-09-28,Wednesday,Kotwa Overbridge,Bihar,"26.51545933291969, 84.84293133404918",26.51545933291969,84.84293133404918,NH,Hit From Back,2,34,Tractor,Truck,Nil
1116,2022-09-26,Monday,Annavaram,Tamil Nadu,"13.333270952308466, 80.00550150696816",13.333270952308466,80.00550150696816,OR,Hit and Run,1,0,Pedestrian,Tractor,Nil
1117,2022-09-26,Monday,Chinnammapet,Tamil Nadu,"13.100735313310963, 79.76314355396417",13.100735313310963,79.76314355396417,OR,Others,1,2,Two Wheeler,Truck,Nil
1118,2022-09-26,Monday,Sathenahalli,Karnataka,"13.056514800758288, 76.3377279446593",13.056514800758288,76.3377279446593,SH,Run Off Road,1,4,Van,Nil,Nil
1119,2022-09-28,Wednesday,Salhawas,Haryana,"28.147161272678723, 76.66708752962037",28.147161272678723,76.66708752962037,SH,Head On Collision ,5,11,SUV,Bus,Nil
1120,2022-09-28,Wednesday,Era Bridge,Uttar Pradesh,"28.525874259987702, 80.05503712631379",28.525874259987702,80.05503712631379,NH,Head On Collision ,8,18,Bus,Truck,Nil
1121,2022-09-28,Wednesday,Bhadas ,Haryana,"27.940331903334556, 77.00728291110148",27.940331903334556,77.00728291110148,NH,Hit and Run,3,2,Pedestrian,SUV,Nil
1122,2022-09-27,Tuesday,Minto Park Crossing,West Bengal,"22.541310369136614, 88.35499820573114",22.541310369136614,88.35499820573114,OR,Hit and Run,1,0,Pedestrian,Truck,Kolkata
1123,2022-09-27,Tuesday,Wonderla,Karnataka,"12.836008793814663, 77.40194824950508",12.836008793814663,77.40194824950508,OR,Hit From Side,1,0,Auto Rickshaw,Car,Nil
1124,2022-09-28,Wednesday,Gandhi Nagar,Tamil Nadu,"12.947244094944635, 80.04797459739983",12.947244094944635,80.04797459739983,OR,Others,2,2,Two Wheeler,Truck,Nil
1125,2022-09-29,Thursday,Ravidarshan Chowk,Maharashtra,"18.499896554559506, 73.94576051467229",18.499896554559506,73.94576051467229,NH,Others,1,3,Two Wheeler,Truck,Pune
1126,2022-09-29,Thursday,Vitthal Rukmini Mandir,Maharashtra,"17.6774491584506, 75.33494436705305",17.6774491584506,75.33494436705305,OR,Hit and Run,2,0,Pedestrian,Unidentified,Nil
1127,2022-09-29,Thursday,Krishna Furniture Showroom,Haryana,"28.480475525265025, 77.08857092195932",28.480475525265025,77.08857092195932,SH,Hit and Run,1,0,Two Wheeler,Unidentified,Nil
1128,2022-09-29,Thursday,Rajiv Chowk Flyover,Haryana,"28.44570271656891, 77.0345214793636",28.44570271656891,77.0345214793636,NH,Hit and Run,1,0,Pedestrian,Unidentified,Nil
1129,2022-09-29,Thursday,Golf Course Ext. Rd,Haryana,"28.41204402437178, 77.07403876231123",28.41204402437178,77.07403876231123,OR,Hit and Run,1,0,Bicycle,Unidentified,Nil
1130,2022-10-01,Saturday,Ahirwan,Uttar Pradesh,"26.397126999706067, 80.40247514855193",26.397126999706067,80.40247514855193,NH,With Parked Vehicle,5,10,Pick Up,Truck,Kanpur
1131,2022-10-02,Sunday,Barkhedi,Madhya Pradesh,"23.43299800521241, 77.95951738959725",23.43299800521241,77.95951738959725,OR,With Parked Vehicle,4,1,Car,Truck,Nil
1132,2022-10-02,Sunday,Lake Town Bypass Flyover,West Bengal,"22.6012761599167, 88.40872111526133",22.6012761599167,88.40872111526133,NH,Fixed Object Collision,1,1,Two Wheeler,Wall,Kolkata
1133,2022-10-01,Saturday,Green Valley,Himachal Pradesh,"31.11185676357206, 77.21988862242812",31.11185676357206,77.21988862242812,NH,Head On Collision ,3,1,Car,Truck,Nil
1134,2022-10-02,Sunday,Chichala,Maharashtra,"20.75631345425501, 79.35731777195642",20.75631345425501,79.35731777195642,NH,Head On Collision ,2,1,Two Wheeler,Truck,Nil
1135,2022-10-01,Saturday,Sondhar Rd,Himachal Pradesh,"31.278337007949787, 77.4400146605661",31.278337007949787,77.4400146605661,OR,Vehicle Overturn,3,1,Car,Gorge,Nil
1136,2022-10-04,Tuesday,Arilova Police Station Area,Andhra Pradesh,"17.769081037656896, 83.31192489535043",17.769081037656896,83.31192489535043,OR,Head On Collision ,2,2,Auto Rickshaw,Van,Vizag
1137,2022-10-04,Tuesday,Darjipura,Gujarat,"22.278320308956435, 73.06861267034883",22.278320308956435,73.06861267034883,OR,Head On Collision ,10,7,Auto Rickshaw,Truck,Nil
1138,2022-10-04,Tuesday,Haibatpur,Maharashtra,"18.389179976613526, 77.0594764904303",18.389179976613526,77.0594764904303,NH,Head On Collision ,5,1,Car,Bus,Nil
1139,2022-10-04,Tuesday,Sarawan,Haryana,"30.347195381301177, 77.19010940866012",30.347195381301177,77.19010940866012,SH,Hit From Side,2,0,Two Wheeler,Truck,Nil
1140,2022-10-03,Monday,Mylapura,Karnataka,"13.107699209323624, 77.87405705416413",13.107699209323624,77.87405705416413,NH,With Parked Vehicle,2,26,Bus,Truck,Nil
1141,2022-10-01,Saturday,Deshgaon Ghat,Madhya Pradesh,"21.883358366157655, 76.18567829407677",21.883358366157655,76.18567829407677,NH,Hit From Side,1,1,Car,Truck,Nil
1142,2022-10-04,Tuesday,Timari ,Uttarakhand,"30.024979229908645, 78.78650369091099",30.024979229908645,78.78650369091099,OR,Vehicle Overturn,25,20,Bus,Gorge,Nil
1143,2022-10-04,Tuesday,Devi Nagar,Punjab,"30.56268588967739, 76.8378262758079",30.56268588967739,76.8378262758079,OR,Hit and Run,1,0,Pedestrian,Car,Nil
1144,2022-10-04,Tuesday,Banur Rd,Punjab,"30.560532462536006, 76.71255447410287",30.560532462536006,76.71255447410287,OR,Others,2,0,Two Wheeler,SUV,Nil
1145,2022-10-04,Tuesday,Deoria Area,Uttar Pradesh,"26.50073883127366, 83.78012026782308",26.50073883127366,83.78012026782308,OR,Hit and Run,2,4,Pedestrian,Truck,Nil
1146,2022-10-04,Tuesday,Sivani,Maharashtra,"21.357157758652466, 79.31465550259874",21.357157758652466,79.31465550259874,SH,Hit and Run,2,2,Pedestrian,Car,Nil
1147,2022-10-03,Monday,Dangarpura,Maharashtra,"21.072486758830916, 78.96483411958162",21.072486758830916,78.96483411958162,SH,Run Off Road,1,0,Two Wheeler,Nil,Nil
1148,2022-10-03,Monday,Vinoba Bhave Nagar Rd,Gujarat,"22.954365754592914, 72.63900615562021",22.954365754592914,72.63900615562021,OR,Hit From Back,1,1,Two Wheeler,Truck,Ahmedabad
1149,2022-10-02,Sunday,Bawal,Haryana,"28.095447481206847, 76.59247017181852",28.095447481206847,76.59247017181852,NH,Head On Collision ,1,0,Two Wheeler,Truck,Nil
1150,2022-10-03,Monday,Police Headquarters,Maharashtra,"21.171508357803496, 79.06491075260524",21.171508357803496,79.06491075260524,SH,Run Off Road,1,0,Two Wheeler,Nil,Nagpur
1151,2022-10-05,Wednesday,Sealdah Flyover,West Bengal,"22.566700939010946, 88.3692833913307",22.566700939010946,88.3692833913307,SH,Hit and Run,3,0,Pedestrian,Bus,Kolkata
1152,2022-10-06,Thursday,Vadakkencherry,Kerala,"10.596938836814287, 76.4849923338584",10.596938836814287,76.4849923338584,NH,Hit From Back,9,10,Bus,Bus,Nil
1153,2022-10-04,Tuesday,Nipani,Karnataka,"16.407341458017818, 74.3714751616623",16.407341458017818,74.3714751616623,NH,Fixed Object Collision,2,2,Two Wheeler,Divider,Nil
1154,2022-10-05,Wednesday,Worli Sea Link,Maharashtra,"19.013435332985015, 72.81396492933266",19.013435332985015,72.81396492933266,OR,Others,5,9,Car,SUV,Mumbai
1155,2022-10-04,Tuesday,Nawanagar,Haryana,"30.911579842931694, 76.81217993449769",30.911579842931694,76.81217993449769,NH,Hit and Run,1,0,Pedestrian,Unidentified,Nil
1156,2022-10-05,Wednesday,Murlipura,Rajasthan,"26.970543348945842, 75.75286341072744",26.970543348945842,75.75286341072744,OR,Hit and Run,2,0,Pedestrian,SUV,Jaipur
1157,2022-10-05,Wednesday,Ratan,Bihar,"25.557155611190154, 86.27814676533811",25.557155611190154,86.27814676533811,OR,Hit From Back,1,1,Two Wheeler,SUV,Nil
1158,2022-10-05,Wednesday,Bachhawara,Bihar,"25.57880501338771, 85.89453055576944",25.57880501338771,85.89453055576944,OR,Hit and Run,1,0,Pedestrian,Truck,Nil
1159,2022-10-05,Wednesday,Marsaiti,Bihar,"25.49966278174121, 85.95710608605971",25.49966278174121,85.95710608605971,NH,Hit and Run,1,0,Pedestrian,Truck,Nil
1160,2022-10-05,Wednesday,Manjhaul,Bihar,"25.5567931443006, 86.12894123022524",25.5567931443006,86.12894123022524,OR,Hit From Back,2,0,Two Wheeler,Truck,Nil
1161,2022-10-06,Thursday,Choorakad,Kerala,"9.933876803993616, 76.35336772017932",9.933876803993616,76.35336772017932,SH,Others,1,0,Two Wheeler,Bus,Nil
1162,2022-10-05,Wednesday,Raigarh,Chhattisgarh,"21.891483454137408, 83.39550889302947",21.891483454137408,83.39550889302947,OR,Head On Collision ,2,0,Two Wheeler,Tractor,Nil
1163,2022-10-05,Wednesday,Hehal,Jharkhand,"23.39974628923669, 85.21264629326704",23.39974628923669,85.21264629326704,OR,Hit and Run,6,2,Pedestrian,Truck,Nil
1164,2022-10-06,Thursday,Kishangarh,Chandigarh,"30.727962028078757, 76.82711360196471",30.727962028078757,76.82711360196471,OR,Fixed Object Collision,1,0,Car,Tree,Chandigarh
1165,2022-10-08,Saturday,Hotel Mirchi,Maharashtra,"20.006735734537035, 73.82917335602176",20.006735734537035,73.82917335602176,OR,Head On Collision ,12,18,Bus,Truck,Nashik
1166,2022-10-09,Sunday,Satbarwa,Jharkhand,"23.926104018868756, 84.2523016090942",23.926104018868756,84.2523016090942,OR,Others,2,6,SUV,Truck,Nil
1167,2022-10-09,Sunday,Thammaya Plame Rd,Andhra Pradesh,"18.09353351991126, 83.55373166362793",18.09353351991126,83.55373166362793,NH,Hit From Back,1,2,Auto Rickshaw,Car,Nil
1168,2022-10-09,Sunday,Pusapatirega,Andhra Pradesh,"18.090595137088847, 83.55307500593047",18.090595137088847,83.55307500593047,NH,Hit and Run,1,0,Pedestrian,Car,Nil
1169,2022-10-08,Saturday,Rajwada,Madhya Pradesh,"22.718105086699296, 75.85553676352164",22.718105086699296,75.85553676352164,OR,Hit From Back,1,0,Two Wheeler,Car,Indore
1170,2022-10-09,Sunday,Ullala Main Rd,Karnataka,"12.951284813462085, 77.49306183119947",12.951284813462085,77.49306183119947,OR,Hit From Side,1,0,Two Wheeler,Bus,Bengaluru
1171,2022-10-09,Sunday,Sumanahalli Underpass,Karnataka,"12.984644923834686, 77.51895565306717",12.984644923834686,77.51895565306717,OR,Hit From Back,1,0,Two Wheeler,Truck,Bengaluru
1172,2022-10-11,Tuesday,Jalpa Mata Temple,Madhya Pradesh,"24.01613489959291, 76.691354071672",24.01613489959291,76.691354071672,NH,Hit and Run,3,0,Two Wheeler,Unidentified,Nil
1173,2022-10-09,Sunday,Agrasen Foundation,Gujarat,"23.006631184214744, 72.46378789004562",23.006631184214744,72.46378789004562,OR,Others,1,0,Two Wheeler,SUV,Nil
1174,2022-10-10,Monday,HR Resort,Madhya Pradesh,"22.723680554496116, 75.93250041180868",22.723680554496116,75.93250041180868,NH,Hit From Back,1,1,Two Wheeler,Bus,Indore
1175,2022-10-10,Monday,Tanot Rd,Rajasthan,"27.775682397424788, 70.37494596641838",27.775682397424788,70.37494596641838,NH,Run Off Road,1,1,Car,Nil,Nil
1176,2022-10-10,Monday,Kodigehalli Main Rd,Karnataka,"13.003517921291028, 77.72466712863978",13.003517921291028,77.72466712863978,OR,Hit and Run,1,4,Pedestrian,Car,Bengaluru
1177,2022-10-11,Tuesday,Charrumoodu,Kerala,"8.661069984907636, 76.84065745696591",8.661069984907636,76.84065745696591,NH,Hit From Back,1,0,Two Wheeler,Truck,Nil
1178,2022-10-11,Tuesday,Mohammadabad Kheda,Uttar Pradesh,"28.256440179678535, 77.5681649912406",28.256440179678535,77.5681649912406,NH,Hit From Back,1,69,Bus,Truck,Nil
1179,2022-10-11,Tuesday,CESC Office,West Bengal,"22.609425307593806, 88.40047683323237",22.609425307593806,88.40047683323237,OR,Hit and Run,1,0,Pedestrian,Car,Kolkata
1180,2022-10-11,Tuesday,Bag Sewaniya,Madhya Pradesh,"23.194865036171414, 77.46493125316131",23.194865036171414,77.46493125316131,OR,Hit and Run,1,0,Pedestrian,Unidentified,Bhopal
1181,2022-10-13,Thursday,Kanjur Bus Stop,Maharashtra,"19.130352943919014, 72.93031018808621",19.130352943919014,72.93031018808621,OR,Fixed Object Collision,2,5,SUV,Tree,Mumbai
1182,2022-10-13,Thursday,Barwala,Haryana,"29.361693287582504, 75.89244549739433",29.361693287582504,75.89244549739433,SH,Hit and Run,1,0,Pedestrian,Unidentified,Nil
1183,2022-10-11,Tuesday,Ayurveda Rasashala,Maharashtra,"18.511326219313656, 73.83678641223852",18.511326219313656,73.83678641223852,NH,Hit From Side,2,0,Two Wheeler,Truck,Pune
1184,2022-10-14,Friday,Haliyapur,Uttar Pradesh,"26.519164799620615, 81.78623604629252",26.519164799620615,81.78623604629252,NH,Head On Collision ,4,0,Car,Truck,Nil
1185,2022-10-13,Thursday,Ravangaon,Maharashtra,"18.359004116555557, 74.62918260527765",18.359004116555557,74.62918260527765,NH,Vehicle Overturn,3,6,Tractor,Canal,Nil
1186,2022-10-13,Thursday,Iffco Chowk,Haryana,"28.47216926229995, 77.07250935255354",28.47216926229995,77.07250935255354,OR,With Parked Vehicle,2,0,Van,Truck,Nil
1187,2022-10-14,Friday,Maliyon Ki DHani,Rajasthan,"26.66759189226145, 75.60699291742444",26.66759189226145,75.60699291742444,OR,Others,1,2,Car,Truck,Nil
1188,2022-10-14,Friday,Moti Ki Beri,Rajasthan,"25.91539189424932, 70.212222564183",25.91539189424932,70.212222564183,NH,Head On Collision ,1,0,Two Wheeler,SUV,Nil
1189,2022-10-15,Saturday,Kalayanad,Kerala,"9.015502563497243, 76.9407979704756",9.015502563497243,76.9407979704756,NH,Run Off Road,1,0,Truck,Nil,Nil
1190,2022-10-16,Sunday,Chaluvanahally,Karnataka,"13.377648489675307, 76.18053223582906",13.377648489675307,76.18053223582906,OR,Others,9,12,Bus,Truck,Nil
1191,2022-10-15,Saturday,GST Rd,Tamil Nadu,"12.775694715969477, 80.0098562699815",12.775694715969477,80.0098562699815,NH,Hit From Back,1,0,Two Wheeler,Auto Rickshaw,Nil
1192,2022-10-15,Saturday,Poonamallee,Tamil Nadu,"13.05082584732971, 80.09417447043145",13.05082584732971,80.09417447043145,SH,Others,1,0,Two Wheeler,Bus,Chennai
1193,2022-10-15,Saturday,Oragadam,Tamil Nadu,"12.648173514366075, 80.03797698376249",12.648173514366075,80.03797698376249,SH,Hit and Run,1,0,Pedestrian,Bus,Nil
1194,2022-10-15,Saturday,Manchala Peta,Andhra Pradesh,"18.53199289057515, 84.16289163061109",18.53199289057515,84.16289163061109,NH,Hit and Run,1,0,Pedestrian,Lorry,Nil
1195,2022-10-16,Sunday,Sector 20,Haryana,"30.666673038535397, 76.848148267909",30.666673038535397,76.848148267909,NH,Hit and Run,1,0,Pedestrian,Unidentified,Nil
1196,2022-10-15,Saturday,Gyaspur,Uttar Pradesh,"28.870713076625243, 77.46043238620321",28.870713076625243,77.46043238620321,OR,Hit and Run,1,0,Pedestrian,Car,Nil
1197,2022-10-16,Sunday,Salihabhantha,Chhattisgarh,"22.25940980434043, 82.82915130273979",22.25940980434043,82.82915130273979,OR,Head On Collision ,3,2,Two Wheeler,Car,Nil
1198,2022-10-16,Sunday,Sriperumbudur,Tamil Nadu,"12.949570589851945, 79.96993027976443",12.949570589851945,79.96993027976443,NH,Vehicle Overturn,1,5,Van,Nil,Nil
1199,2022-10-17,Monday,Gudana,Punjab,"30.61736086755293, 76.66902420812173",30.61736086755293,76.66902420812173,OR,Head On Collision ,1,0,Two Wheeler,Car,Nil
1200,2022-10-17,Monday,Block Majri,Punjab,"30.828470195188068, 76.67248441914836",30.828470195188068,76.67248441914836,OR,Others,1,0,Two Wheeler,Tractor,Nil
1201,2022-10-18,Tuesday,Chingrighata,West Bengal,"22.55750888852146, 88.40933343735543",22.55750888852146,88.40933343735543,OR,Run Off Road,3,6,Truck,Nil,Kolkata
1202,2022-10-18,Tuesday,Kapurai Crossroads,Gujarat,"22.275611722533696, 73.24030658251331",22.275611722533696,73.24030658251331,NH,Hit From Back,6,13,Bus,Truck,Vadodara
1203,2022-10-18,Tuesday,Jangali Nath Mandir,Uttar Pradesh,"27.951452559929564, 80.7897686862681",27.951452559929564,80.7897686862681,OR,Head On Collision ,2,3,SUV,Tractor,Nil
1204,2022-10-18,Tuesday,Sector 42 Metro Station,Haryana,"28.45802940521766, 77.09653257850215",28.45802940521766,77.09653257850215,OR,With Parked Vehicle,2,0,Bicycle,Car,Nil
1205,2022-10-19,Wednesday,Sasoma,Jammu,"34.90088291619251, 77.4822454710571",34.90088291619251,77.4822454710571,OR,Run Off Road,2,10,Truck,Nil,Nil
1206,2022-10-16,Sunday,Ozar,Maharashtra,"20.10131308044171, 73.93151076923702",20.10131308044171,73.93151076923702,NH,With Parked Vehicle,1,0,Two Wheeler,Truck,Nil
1207,2022-10-19,Wednesday,Cotarli,Goa,"15.20507143448271, 74.15395323228387",15.20507143448271,74.15395323228387,OR,Head On Collision ,1,0,Two Wheeler,Truck,Nil
1208,2022-10-19,Wednesday,Jehangirbad,Madhya Pradesh,"23.252592845539127, 77.42345355635436",23.252592845539127,77.42345355635436,OR,Hit From Back,2,1,Pedestrian,Two Wheeler,Bhopal
1209,2022-10-19,Wednesday,Katara Hills,Madhya Pradesh,"23.192484688586205, 77.48550641329129",23.192484688586205,77.48550641329129,OR,Hit and Run,1,0,Pedestrian,Car,Bhopal
1210,2022-10-19,Wednesday,Bagbazar,West Bengal,"22.60510251648168, 88.36838386528261",22.60510251648168,88.36838386528261,OR,Hit and Run,2,0,Two Wheeler,Truck,Kolkata
1211,2022-10-19,Wednesday,Ajnala,Punjab,"31.84596794338421, 74.76018714779967",31.84596794338421,74.76018714779967,NH,Hit and Run,3,1,Two Wheeler,Unidentified,Nil
1212,2022-10-21,Friday,Sohagi Pahad,Madhya Pradesh,"24.98152185059318, 81.69004468774801",24.98152185059318,81.69004468774801,OR,Head On Collision ,15,40,Bus,Truck,Nil
1213,2022-10-23,Sunday,Etawah,Uttar Pradesh,"26.788223890678776, 79.05080507227291",26.788223890678776,79.05080507227291,NH,Head On Collision ,5,41,Bus,Truck,Nil
1214,2022-10-21,Friday,Mata Mandir Square,Madhya Pradesh,"23.224472198687764, 77.40241874989343",23.224472198687764,77.40241874989343,OR,Run Off Road,1,2,Two Wheeler,Nil,Bhopal
1215,2022-10-22,Saturday,Dhari ,Gujarat,"21.328656493978436, 71.02547054201479",21.328656493978436,71.02547054201479,SH,Head On Collision ,3,4,Ambulance,Bus,Nil
1216,2022-10-22,Saturday,Akodiya,Madhya Pradesh,"23.603719917933823, 76.39966873778617",23.603719917933823,76.39966873778617,OR,Fixed Object Collision,4,0,Car,Pole,Nil
1217,2022-10-22,Saturday,Mannarpuram,Tamil Nadu,"8.370454103313998, 77.81228636364663",8.370454103313998,77.81228636364663,SH,With Parked Vehicle,1,0,Truck,Truck,Nil
1218,2022-10-22,Saturday,Edapally,Kerala,"10.026690545021431, 76.30619877870625",10.026690545021431,76.30619877870625,NH,Hit From Back,1,0,Two Wheeler,Bus,Nil
1219,2022-10-21,Friday,Golden Chowkdi,Gujarat,"22.351268963427145, 73.23101183040548",22.351268963427145,73.23101183040548,NH,Hit From Back,1,0,Two Wheeler,Truck,Vadodara
1220,2022-10-23,Sunday,Guna,Madhya Pradesh,"24.64765114425382, 77.33674247431341",24.64765114425382,77.33674247431341,SH,Run Off Road,4,26,Bus,Nil,Nil
1221,2022-10-23,Sunday,Raja Dinendra St ,West Bengal,"22.589956121027953, 88.3767170572537",22.589956121027953,88.3767170572537,OR,Hit and Run,1,0,Pedestrian,Bus,Kolkata
1222,2022-10-23,Sunday,Shyambazar,West Bengal,"22.598440818586376, 88.36871536219664",22.598440818586376,88.36871536219664,OR,Hit and Run,1,0,Pedestrian,Bus,Kolkata
1223,2022-10-23,Sunday,Baptist Hospital,Karnataka,"13.035843638983387, 77.58910591124246",13.035843638983387,77.58910591124246,NH,Fixed Object Collision,1,1,Two Wheeler,Pole,Bengaluru
1224,2022-10-23,Sunday,Adgaon Bridge,Maharashtra,"20.03460422427335, 73.85171797226306",20.03460422427335,73.85171797226306,OR,Hit and Run,1,0,Pedestrian,Two Wheeler,Nashik
1225,2022-10-24,Monday,Hosur Rd,Karnataka,"12.858105129212836, 77.6628555956384",12.858105129212836,77.6628555956384,NH,Run Off Road,1,0,Two Wheeler,Nil,Bengaluru
1226,2022-10-25,Tuesday,Nanakmatta,Uttarakhand,"28.940628037363673, 79.81376364970457",28.940628037363673,79.81376364970457,SH,Head On Collision ,2,1,Two Wheeler,Van,Nil
1227,2022-10-24,Monday,Pravasi Mandir,Karnataka,"13.311897876452, 76.25789561510426",13.311897876452,76.25789561510426,NH,Fixed Object Collision,3,2,Car,Divider,Nil
1228,2022-10-26,Wednesday,Hajipur,Bihar,"25.689591514874593, 85.23068023151018",25.689591514874593,85.23068023151018,NH,With Parked Vehicle,2,20,Bus,Truck,Nil
1229,2022-10-27,Thursday,Handia Toll Plaza,Uttar Pradesh,"25.378684543924045, 82.15656781530603",25.378684543924045,82.15656781530603,NH,Fixed Object Collision,6,4,SUV,Pole,Nil
1230,2022-10-27,Thursday,Dhawatand,Jharkhand,"23.838649895530164, 86.03995143781891",23.838649895530164,86.03995143781891,OR,With Parked Vehicle,1,1,Truck,Bus,Nil
1231,2022-10-26,Wednesday,Sevandampatti,Tamil Nadu,"10.347329030447098, 78.38657061471017",10.347329030447098,78.38657061471017,OR,Head On Collision ,4,4,Car,Car,Nil
1232,2022-10-26,Wednesday,Parivartan Chowk,Maharashtra,"21.101856403905604, 79.10178357508721",21.101856403905604,79.10178357508721,OR,Head On Collision ,1,1,Two Wheeler,Bus,Nagpur
1233,2022-10-26,Wednesday,Anjangaon,Maharashtra,"21.174116425771757, 77.32206437894702",21.174116425771757,77.32206437894702,NH,Run Off Road,1,23,Truck,Nil,Nil
1234,2022-10-26,Wednesday,Poonam Resorts,Madhya Pradesh,"22.592942729347442, 75.78520197432613",22.592942729347442,75.78520197432613,SH,Others,1,7,Van,Pick Up,Nil
1235,2022-10-25,Tuesday,Ganpat Patil Nagar,Maharashtra,"19.25195722853723, 72.84653464782102",19.25195722853723,72.84653464782102,OR,Hit From Side,1,2,Two Wheeler,Truck,Mumbai
1236,2022-10-26,Wednesday,Borivli,Maharashtra,"19.23388034633515, 72.85703335792267",19.23388034633515,72.85703335792267,OR,Hit and Run,1,0,Pedestrian,Truck,Mumbai
1237,2022-10-27,Thursday,Pantora,Chhattisgarh,"22.269218972571004, 82.64405765098273",22.269218972571004,82.64405765098273,OR,Hit From Side,1,0,Two Wheeler,Truck,Nil
1238,2022-10-27,Thursday,Morgaon,Maharashtra,"18.14618749717706, 74.56718253781582",18.14618749717706,74.56718253781582,OR,Hit and Run,3,0,Pedestrian,SUV,Nil
1239,2022-10-28,Friday,Kesamudram,Telangana,"17.688016079430852, 79.89392851062833",17.688016079430852,79.89392851062833,OR,Run Off Road,4,3,Car,Ditch,Nil
1240,2022-10-28,Friday,Dewas Bypass,Madhya Pradesh,"22.926332572622865, 76.0115211646357",22.926332572622865,76.0115211646357,NH,Hit and Run,1,2,Car,SUV,Nil
1241,2022-10-28,Friday,Indiranagar,Maharashtra,"18.464665044127813, 73.86427239354803",18.464665044127813,73.86427239354803,OR,Hit and Run,1,0,Two Wheeler,Unidentified,Pune
1242,2022-10-28,Friday,Sahyadri Nursery,Maharashtra,"20.03323642706155, 73.85964826800533",20.03323642706155,73.85964826800533,NH,Hit and Run,1,0,Pedestrian,Two Wheeler,Nashik
1243,2022-10-27,Thursday,Mandla,Madhya Pradesh,"22.59669685394062, 80.36986110206573",22.59669685394062,80.36986110206573,OR,Others,1,0,Two Wheeler,Tractor,Nil
1244,2022-10-29,Saturday,Bikram-Bihta Rd,Bihar,"25.50514359461877, 84.86510399568847",25.50514359461877,84.86510399568847,SH,Others,3,0,Car,Truck,Nil
1245,2022-10-29,Saturday,Bihta,Bihar,"25.55447358818071, 84.86617772481523",25.55447358818071,84.86617772481523,SH,Head On Collision ,1,1,Two Wheeler,Truck,Nil
1246,2022-10-29,Saturday,Simri,Bihar,"25.640953934035768, 84.11521632039651",25.640953934035768,84.11521632039651,OR,With Parked Vehicle,2,0,Bus,Truck,Nil
1247,2022-10-29,Saturday,Jhanjeri,Punjab,"30.68284480941984, 76.61719372787276",30.68284480941984,76.61719372787276,SH,Hit and Run,3,0,Pedestrian,Car,Nil
1248,2022-10-29,Saturday,Sector 28,Punjab,"30.716841466984384, 76.80458595561909",30.716841466984384,76.80458595561909,OR,Others,1,1,Two Wheeler,Car,Chandigarh
1249,2022-10-31,Monday,Junoni,Maharashtra,"17.24338242804452, 75.00424475373016",17.24338242804452,75.00424475373016,NH,Hit and Run,4,4,Pedestrian,Car,Nil
1250,2022-10-29,Saturday,PTS Rajnandgaon,Chhattisgarh,"21.09523014387065, 81.00741500393691",21.09523014387065,81.00741500393691,SH,Fixed Object Collision,2,1,Car,Tree,Nil
1251,2022-10-30,Sunday,DK Road,Telangana,"17.438425267294747, 78.45059784004324",17.438425267294747,78.45059784004324,OR,Hit and Run,1,0,Pedestrian,Bus,Hyderabad
1252,2022-10-31,Monday,Sargaon,Chhattisgarh,"21.900406301426102, 81.9815146263907",21.900406301426102,81.9815146263907,SH,With Parked Vehicle,1,2,Car,Truck,Nil
1253,2022-10-29,Saturday,Airia Mall,Haryana,"28.38378552681842, 77.05328822442098",28.38378552681842,77.05328822442098,NH,Head On Collision ,1,1,Two Wheeler,Car,Nil
1254,2022-10-30,Sunday,Adilabad,Telangana,"19.66430394939275, 78.52895617239561",19.66430394939275,78.52895617239561,OR,Others,4,0,Car,Truck,Nil
1255,2022-10-30,Sunday,Laggere Bridge,Karnataka,"13.010315462356882, 77.52756974278834",13.010315462356882,77.52756974278834,OR,Fixed Object Collision,2,0,Two Wheeler,Pole,Bengaluru
1256,2022-10-30,Sunday,Medchal,Telangana,"17.635476518528307, 78.4851888279516",17.635476518528307,78.4851888279516,NH,Hit From Back,3,9,Car,Lorry,Nil
1257,2022-11-02,Wednesday,Ghuraiya Hotel,Madhya Pradesh,"26.420849039258535, 78.05370856131539",26.420849039258535,78.05370856131539,NH,Others,5,3,SUV,Truck,Nil
1258,2022-11-01,Tuesday,Gamjal Toll Plaza,Telangana,"19.027063178328984, 78.36298370549322",19.027063178328984,78.36298370549322,NH,Fixed Object Collision,1,3,SUV,Tree,Nil
1259,2022-10-31,Monday,Sodhaliya,Gujarat,"22.05943267063244, 73.82253877574095",22.05943267063244,73.82253877574095,OR,Vehicle Overturn,3,2,Car,Ditch,Nil
1260,2022-11-02,Wednesday,Kurana,Uttar Pradesh,"28.028460686612323, 77.62333495442708",28.028460686612323,77.62333495442708,NH,Others,5,8,Two Wheeler,Truck,Nil
1261,2022-11-01,Tuesday,Basti Jodhewal,Punjab,"30.932516169629725, 75.8677287599747",30.932516169629725,75.8677287599747,NH,Hit From Back,2,1,SUV,Truck,Ludhiana
1262,2022-11-01,Tuesday,Tappal,Uttar Pradesh,"28.04188431027413, 77.58330316350516",28.04188431027413,77.58330316350516,NH,Hit and Run,5,6,Two Wheeler,Truck,Nil
1263,2022-11-01,Tuesday,Kompally Bridge,Telangana,"17.56429663919786, 78.49334533381393",17.56429663919786,78.49334533381393,NH,Fixed Object Collision,2,0,Two Wheeler,Divider,Hyderabad
1264,2022-11-02,Wednesday,Tadbanpally,Telangana,"17.705116700596818, 78.0941287496498",17.705116700596818,78.0941287496498,NH,Head On Collision ,2,0,Auto Rickshaw,SUV,Nil
1265,2022-11-02,Wednesday,Park Circus ,West Bengal,"22.53915746745593, 88.37358247336473",22.53915746745593,88.37358247336473,OR,Head On Collision ,1,0,Pedestrian,Truck,Kolkata
1266,2022-11-04,Friday,Gudgaon,Madhya Pradesh,"21.60189976066658, 77.71458618022855",21.60189976066658,77.71458618022855,OR,Head On Collision ,11,0,Car,Bus,Nil
1267,2022-11-03,Thursday,Eco Park,West Bengal,"22.603810294401853, 88.46977913340776",22.603810294401853,88.46977913340776,OR,Hit From Back,1,1,Car,Van,Nil
1268,2022-11-02,Wednesday,Hanuman Junction,Karnataka,"13.009116547883451, 78.1864943926819",13.009116547883451,78.1864943926819,OR,Hit From Back,1,1,Two Wheeler,Bus,Nil
1269,2022-11-02,Wednesday,Kamakshipalya,Karnataka,"12.985166001053273, 77.52430014271957",12.985166001053273,77.52430014271957,OR,Hit From Back,1,0,Two Wheeler,Bus,Bengaluru
1270,2022-11-04,Friday,Dasna,Uttar Pradesh,"28.684720458145044, 77.52090636565661",28.684720458145044,77.52090636565661,NH,Head On Collision ,2,0,Ambulance,Truck,Ghaziabad
1271,2022-11-04,Friday,Bhagirathpura,Madhya Pradesh,"22.736123280876676, 75.86362615356401",22.736123280876676,75.86362615356401,OR,Fixed Object Collision,2,0,Two Wheeler,Divider,Indore
1272,2022-11-03,Thursday,Kharghar Skywalk,Maharashtra,"19.0265073987421, 73.05742370796258",19.0265073987421,73.05742370796258,NH,Hit From Back,1,1,Two Wheeler,Truck,Mumbai
1273,2022-11-04,Friday,Mathura Cantonment,Uttar Pradesh,"27.484866638723137, 77.68776852076145",27.484866638723137,77.68776852076145,NH,Head On Collision ,4,4,Car,Car,Nil
1274,2022-11-06,Sunday,Gurha Kumawatan,Rajasthan,"26.938019550557154, 75.51456395426437",26.938019550557154,75.51456395426437,OR,Head On Collision ,3,3,Two Wheeler,Two Wheeler,Nil
1275,2022-11-05,Saturday,Kalaghat,Madhya Pradesh,"22.16021606354261, 75.44686078799634",22.16021606354261,75.44686078799634,NH,Hit From Back,4,0,Two Wheeler,Bus,Nil
1276,2022-11-04,Friday,Belgachia Bridge,West Bengal,"22.603746729307865, 88.37949618025485",22.603746729307865,88.37949618025485,OR,Hit and Run,1,0,Pedestrian,Two Wheeler,Kolkata
1277,2022-11-04,Friday,Laha Bari,West Bengal,"22.59149529340383, 88.37117242852943",22.59149529340383,88.37117242852943,OR,Hit and Run,1,0,Pedestrian,Two Wheeler,Kolkata
1278,2022-11-05,Saturday,Vanabadrakalimman,Tamil Nadu,"10.993631217180676, 76.98248328605914",10.993631217180676,76.98248328605914,OR,Hit and Run,1,1,Pedestrian,Unidentified,Coimbatore
1279,2022-11-05,Saturday,Ganpati Ghat,Madhya Pradesh,"22.373075049293465, 75.52479322342779",22.373075049293465,75.52479322342779,NH,Head On Collision ,4,0,Two Wheeler,Bus,Nil
1280,2022-11-06,Sunday,Dungra Chhota,Rajasthan,"23.16809806028498, 74.31279268503023",23.16809806028498,74.31279268503023,OR,Head On Collision ,3,3,Two Wheeler,Two Wheeler,Nil
1281,2022-11-06,Sunday,Patriya,Rajasthan,"23.15196396922503, 74.30044703815592",23.15196396922503,74.30044703815592,OR,With Parked Vehicle,1,1,Two Wheeler,Truck,Nil
1282,2022-11-06,Sunday,Kotmi,Chhattisgarh,"22.8151476870785, 82.09155502478767",22.8151476870785,82.09155502478767,SH,With Parked Vehicle,3,0,Two Wheeler,Truck,Nil
1283,2022-11-06,Sunday,Godari,Chhattisgarh,"21.166374362141806, 82.02690125718406",21.166374362141806,82.02690125718406,OR,Fixed Object Collision,2,0,Car,Tree,Nil
1284,2022-11-07,Monday,Anupgarh,Rajasthan,"29.197095840789228, 73.22412562749123",29.197095840789228,73.22412562749123,NH,Fixed Object Collision,4,1,Car,Divider,Nil
1285,2022-11-05,Saturday,Irumbuliyar,Tamil Nadu,"12.919932693787887, 80.111051133181",12.919932693787887,80.111051133181,SH,Fixed Object Collision,1,1,Two Wheeler,Divider,Chennai
1286,2022-11-07,Monday,Pratap Chowk,Punjab,"30.889630233878883, 75.86310476667818",30.889630233878883,75.86310476667818,OR,Hit From Back,1,1,Two Wheeler,Truck,Ludhiana
1287,2022-11-06,Sunday,Kotmi,Chhattisgarh,"21.836022347490687, 83.14062173571318",21.836022347490687,83.14062173571318,OR,With Parked Vehicle,3,0,Two Wheeler,Truck,Nil
1288,2022-11-06,Sunday,Ghodari,Chhattisgarh,"21.169524356559652, 82.03530377208584",21.169524356559652,82.03530377208584,NH,Fixed Object Collision,2,0,Car,Tree,Nil
1289,2022-11-06,Sunday,Pathariya,Chhattisgarh,"21.837292736953927, 81.90286490362809",21.837292736953927,81.90286490362809,NH,Head On Collision ,1,0,Two Wheeler,Car,Nil
1290,2022-11-07,Monday,Thana Tappal,Uttar Pradesh,"28.043663479402937, 77.5790983609343",28.043663479402937,77.5790983609343,NH,Hit and Run,3,2,Pedestrian,Car,Nil
1291,2022-11-08,Tuesday,Ramnagriya,Rajasthan,"26.82033722245593, 75.87456638419907",26.82033722245593,75.87456638419907,OR,Hit and Run,1,0,Pedestrian,Truck,Jaipur
1292,2022-11-09,Wednesday,Pattanam,Tamil Nadu,"10.983245972650325, 77.04921377211528",10.983245972650325,77.04921377211528,NH,Head On Collision ,1,2,Truck,Truck,Coimbatore
1293,2022-11-09,Wednesday,Perumbakkam,Tamil Nadu,"12.89236556129924, 80.18872763057632",12.89236556129924,80.18872763057632,OR,Hit From Back,1,1,Two Wheeler,Bus,Nil
1294,2022-11-09,Wednesday,Suke Kulan,Goa,"15.682378247111638, 73.83395900284525",15.682378247111638,73.83395900284525,NH,Hit From Side,1,2,Car,Crane,Nil
1295,2022-11-09,Wednesday,Trimbakeshwar Rd,Maharashtra,"19.946401518149656, 73.59990527078837",19.946401518149656,73.59990527078837,OR,Head On Collision ,1,1,Two Wheeler,Bus,Nil
1296,2022-11-11,Friday,Thavanam Palli,Andhra Pradesh,"13.263755129233203, 79.01177860886744",13.263755129233203,79.01177860886744,SH,With Parked Vehicle,3,0,Car,Truck,Nil
1297,2022-11-12,Saturday,Amroha,Uttar Pradesh,"28.906938850995687, 78.47690637211832",28.906938850995687,78.47690637211832,SH,Head On Collision ,3,0,Car,SUV,Nil
1298,2022-11-11,Friday,Pipalkhunta,Madhya Pradesh,"23.145432253457194, 75.07122922984281",23.145432253457194,75.07122922984281,OR,Hit and Run,3,1,Pedestrian,Truck,Nil
1299,2022-11-11,Friday,Fitari,Uttarakhand,"31.14253660747368, 78.265141668431",31.14253660747368,78.265141668431,OR,Vehicle Overturn,1,3,Car,Gorge,Nil
1300,2022-11-12,Saturday,Samrala Rd,Punjab,"30.913165008762128, 75.87110012928143",30.913165008762128,75.87110012928143,OR,Head On Collision ,3,4,Car,Car,Ludhiana
1301,2022-11-12,Saturday,Electronic City Expressway,Karnataka,"12.877966005732084, 77.64683164558797",12.877966005732084,77.64683164558797,NH,Hit From Side,1,0,Two Wheeler,Lorry,Bengaluru
1302,2022-11-11,Friday,Paliya,Uttar Pradesh,"27.53762373689336, 79.4525978524351",27.53762373689336,79.4525978524351,OR,Fixed Object Collision,3,2,Car,Tree,Nil
1303,2022-11-11,Friday,Banaswadi,Karnataka,"13.015265802638504, 77.66202345804389",13.015265802638504,77.66202345804389,NH,Hit and Run,1,0,Pedestrian,Truck,Bengaluru
1304,2022-11-12,Saturday,Khodaypur,Uttar Pradesh,"26.044171036000026, 81.10449657552155",26.044171036000026,81.10449657552155,SH,Hit and Run,2,0,Pedestrian,Truck,Nil
1305,2022-11-14,Monday,Peddinaidupeta,Andhra Pradesh,"18.717029100393717, 84.35496793411751",18.717029100393717,84.35496793411751,NH,Fixed Object Collision,2,2,Car,Wall,Nil
1306,2022-11-13,Sunday,Anekere,Karnataka,"12.912005303666117, 76.34183653698936",12.912005303666117,76.34183653698936,OR,Head On Collision ,1,0,Two Wheeler,Truck,Nil
1307,2022-11-14,Monday,Taki Rd,West Bengal,"22.69263043044694, 88.70236982066494",22.69263043044694,88.70236982066494,SH,Head On Collision ,3,5,Van,Truck,Nil
1308,2022-11-14,Monday,Aali,Madhya Pradesh,"22.47913420881438, 75.4157619980225",22.47913420881438,75.4157619980225,SH,Fixed Object Collision,4,0,Two Wheeler,Wall,Nil
1309,2022-11-14,Monday,Khamla,Madhya Pradesh,"22.605255932255112, 75.40407663722769",22.605255932255112,75.40407663722769,OR,Others,2,0,Two Wheeler,Car,Nil
1310,2022-11-14,Monday,Khidkiwala ,Madhya Pradesh,"22.34199723547302, 77.11095945036001",22.34199723547302,77.11095945036001,SH,Head On Collision ,1,1,Two Wheeler,Car,Nil
1311,2022-11-16,Wednesday,Jaiahari,Madhya Pradesh,"23.151400705564466, 81.32105149863257",23.151400705564466,81.32105149863257,NH,Hit and Run,2,0,Pedestrian,Car,Nil
1312,2022-11-16,Wednesday,Mallepalli,Andhra Pradesh,"17.157969968494445, 81.9959778880999",17.157969968494445,81.9959778880999,NH,Head On Collision ,4,8,Van,Tractor,Nil
1313,2022-11-15,Tuesday,Machhiwara Kohara Rd,Punjab,"30.90961677407428, 76.17570552285814",30.90961677407428,76.17570552285814,OR,Others,2,2,Two Wheeler,Truck,Nil
1314,2022-11-15,Tuesday,Chingrighata Crossing,West Bengal,"22.55788854866375, 88.41156662701462",22.55788854866375,88.41156662701462,SH,Hit and Run,1,0,Pedestrian,Bus,Kolkata
1315,2022-11-10,Thursday,Vasantdadanagar,Maharashtra,"20.040398986371844, 73.85315924485533",20.040398986371844,73.85315924485533,OR,Hit and Run,1,0,Pedestrian,Two Wheeler,Nashik
1316,2022-11-10,Thursday,Malhar Khan Slums,Maharashtra,"20.006128902898393, 73.78215597799931",20.006128902898393,73.78215597799931,OR,Head On Collision ,1,0,Two Wheeler,Two Wheeler,Nashik
1317,2022-11-14,Monday,Bhandari Hospital,Madhya Pradesh,"22.75265913716417, 75.88905087507547",22.75265913716417,75.88905087507547,SH,Fixed Object Collision,1,2,Two Wheeler,Divider,Indore
1318,2022-11-14,Monday,Manasa,Madhya Pradesh,"22.777170793297625, 75.31797536258264",22.777170793297625,75.31797536258264,NH,Hit and Run,1,1,Two Wheeler,Unidentified,Nil
1319,2022-11-14,Monday,Khandwa,Madhya Pradesh,"21.828574719383823, 76.35241466082152",21.828574719383823,76.35241466082152,SH,Hit and Run,1,0,Pedestrian,Unidentified,Nil
1320,2022-11-15,Tuesday,Ghata,Haryana,"28.417918594240813, 77.1000577928368",28.417918594240813,77.1000577928368,OR,Hit From Back,1,1,Bicycle,Car,Nil
1321,2022-11-16,Wednesday,Srivilliputhur,Tamil Nadu,"9.512194771478097, 77.63405328187649",9.512194771478097,77.63405328187649,NH,Hit From Side,1,1,Two Wheeler,Car,Nil
1322,2022-11-16,Wednesday,Kanaka Durga Flyover,Andhra Pradesh,"16.520724546873723, 80.5991523206196",16.520724546873723,80.5991523206196,NH,Head On Collision ,2,11,Lorry,Truck,Vijayawada
1323,2022-11-17,Thursday,Banekuchi,Assam,"26.46531928732988, 91.38738432227765",26.46531928732988,91.38738432227765,NH,Fixed Object Collision,4,4,Car,Railing,Nil
1324,2022-11-17,Thursday,Ghagrapar circle,Assam,"26.452658392784468, 91.52925612294673",26.452658392784468,91.52925612294673,NH,Fixed Object Collision,3,0,Car,Railing,Nil
1325,2022-11-16,Wednesday,Nowda,West Bengal,"23.906520346704294, 88.45715036328681",23.906520346704294,88.45715036328681,OR,Hit and Run,1,0,Pedestrian,Car,Nil
1326,2022-11-17,Thursday,Chaksu,Rajasthan,"26.605941712405784, 75.9464134490382",26.605941712405784,75.9464134490382,SH,Head On Collision ,2,0,Two Wheeler,Truck,Nil
1327,2022-11-17,Thursday,Sirohi,Rajasthan,"24.875343542281684, 72.86401469452525",24.875343542281684,72.86401469452525,SH,Head On Collision ,3,0,Two Wheeler,Bus,Nil
1328,2022-11-16,Wednesday,Dhakoli,Punjab,"30.65840334955016, 76.82078084047541",30.65840334955016,76.82078084047541,NH,Hit From Side,1,0,Two Wheeler,Truck,Nil
1329,2022-11-16,Wednesday,Sohana Hospital,Punjab,"30.694405242332124, 76.69910588052726",30.694405242332124,76.69910588052726,SH,Others,1,0,Two Wheeler,Car,Nil
1330,2022-11-16,Wednesday,Kunuk Bridge,Madhya Pradesh,"23.4623810555033, 81.62031380403636",23.4623810555033,81.62031380403636,OR,Head On Collision ,3,20,Bus,Truck,Nil
1331,2022-11-16,Wednesday,Mallepalli,Andhra Pradesh,"17.158188199934717, 81.99464155439738",17.158188199934717,81.99464155439738,NH,Head On Collision ,4,0,Van,Truck,Nil
1332,2022-11-16,Wednesday,Adi Badri,Haryana,"30.455038758921834, 77.34040527956546",30.455038758921834,77.34040527956546,OR,Vehicle Overturn,2,1,Car,Gorge,Nil
1333,2022-11-16,Wednesday,Ponnekallu,Andhra Pradesh,"16.406236755712985, 80.40574691097999",16.406236755712985,80.40574691097999,OR,Hit and Run,2,0,Two Wheeler,Unidentified,Nil
1334,2022-11-16,Wednesday,Inthkhedi,Madhya Pradesh,"23.030184850207604, 77.62914651163783",23.030184850207604,77.62914651163783,OR,Hit and Run,1,0,Two Wheeler,Unidentified,Nil
1335,2022-11-17,Thursday,Tiruvallur,Tamil Nadu,"13.121091041606617, 79.91075089321942",13.121091041606617,79.91075089321942,OR,Fixed Object Collision,1,0,Two Wheeler,Divider,Chennai
1336,2022-11-16,Wednesday,Gajner,Madhya Pradesh,"26.284292037794447, 80.06602269926175",26.284292037794447,80.06602269926175,OR,Hit From Side,2,0,Van,Train,Nil
1337,2022-11-18,Friday,Ranchi Ring Rd,Jharkhand,"23.447032519188465, 85.34401968554762",23.447032519188465,85.34401968554762,OR,Fixed Object Collision,2,0,Truck,Divider,Nil
1338,2022-11-18,Friday,Dr NTR Beach Rd,Andhra Pradesh,"17.790396174537317, 83.38524165467386",17.790396174537317,83.38524165467386,SH,Fixed Object Collision,1,1,Two Wheeler,Divider,Vizag
1339,2022-11-18,Friday,Kashipatnam,Andhra Pradesh,"18.173908161533664, 83.07705615563678",18.173908161533664,83.07705615563678,OR,Fixed Object Collision,1,1,Two Wheeler,Wall,Nil
1340,2022-11-18,Friday,Palla Jakhol Rd,Uttarakhand,"30.529681817576638, 79.47554180433299",30.529681817576638,79.47554180433299,OR,Vehicle Overturn,12,5,Pick Up,Gorge,Nil
1341,2022-11-17,Thursday,Senjeriputhur,Tamil Nadu,"10.817256737653189, 77.273122035737",10.817256737653189,77.273122035737,SH,Fixed Object Collision,1,1,SUV,Pole,Nil
1342,2022-11-16,Wednesday,Bilaspur Chowk,Haryana,"28.28863953834606, 76.86016916880224",28.28863953834606,76.86016916880224,NH,Head On Collision ,2,0,Two Wheeler,Two Wheeler,Nil
1343,2022-11-18,Friday,Kamarjar Salai,Tamil Nadu,"13.033464733203742, 80.27745588130928",13.033464733203742,80.27745588130928,OR,Hit From Back,1,1,Two Wheeler,Bus,Chennai
1344,2022-11-18,Friday,509 Chowk,Maharashtra,"18.575427291444658, 73.89939989300919",18.575427291444658,73.89939989300919,OR,Hit and Run,1,0,Two Wheeler,Unidentified,Pune
1345,2022-11-19,Saturday,Brahmkhal,Uttarakhand,"30.71096037303688, 78.3478945417708",30.71096037303688,78.3478945417708,NH,Vehicle Overturn,5,1,Car,Gorge,Nil
1346,2022-11-20,Sunday,Nayaganj,Bihar,"25.620056059862137, 85.45619403250178",25.620056059862137,85.45619403250178,NH,Hit and Run,8,7,Pedestrian,Truck,Nil
1347,2022-11-20,Sunday,Hathua,Bihar,"26.364744286924676, 84.36332624847657",26.364744286924676,84.36332624847657,OR,Fixed Object Collision,2,0,SUV,Wall,Nil
1348,2022-11-20,Sunday,Sangat,Punjab,"30.08992688123, 74.83402077682243",30.08992688123,74.83402077682243,OR,Head On Collision ,2,0,Two Wheeler,Bus,Nil
1349,2022-11-20,Sunday,Kurar Metro Station,Maharashtra,"19.187585794269648, 72.8582979895844",19.187585794269648,72.8582979895844,OR,Hit and Run,1,0,Pedestrian,Truck,Mumbai
1350,2022-11-22,Tuesday,Boddugudem,Telangana,"17.41604008317256, 79.35145036527567",17.41604008317256,79.35145036527567,OR,Head On Collision ,8,2,Lorry,SUV,Nil
1351,2022-11-22,Tuesday,Atariya,Uttar Pradesh,"27.54684620747111, 79.74536007975173",27.54684620747111,79.74536007975173,OR,Vehicle Overturn,5,6,SUV,Ditch,Nil
1352,2022-11-21,Monday,Chuharpur Rd,Punjab,"30.93155089781897, 75.8020489219434",30.93155089781897,75.8020489219434,OR,Fixed Object Collision,1,2,Car,Tree,Ludhiana
1353,2022-11-20,Sunday,Dari Pul,Maharashtra,"18.432456042355387, 73.8381317293159",18.432456042355387,73.8381317293159,NH,Others,1,0,Two Wheeler,Truck,Pune
1354,2022-11-20,Sunday,Mummallapalle,Telangana,"16.31830655019522, 77.95075530161922",16.31830655019522,77.95075530161922,NH,Hit From Back,3,16,Bus,Tractor,Nil
1355,2022-11-21,Monday,Hatiakhowa,Assam,"26.61980908993047, 94.02343225966489",26.61980908993047,94.02343225966489,OR,Head On Collision ,5,0,Car,Truck,Nil
1356,2022-11-22,Tuesday,SH 25,Uttar Pradesh,"27.44540537277724, 80.11582304632411",27.44540537277724,80.11582304632411,NH,Run Off Road,5,0,SUV,Nil,Nil
1357,2022-11-22,Tuesday,Chikkonahalli,Karnataka,"13.117553016646875, 76.70355899910632",13.117553016646875,76.70355899910632,OR,Hit From Back,1,2,Two Wheeler,Bus,Nil
1358,2022-11-21,Monday,Bihaguri,Assam,"26.70337115043496, 92.70418700131626",26.70337115043496,92.70418700131626,OR,Head On Collision ,2,0,Two Wheeler,Truck,Nil
1359,2022-11-23,Wednesday,Shirasi,Maharashtra,"17.581023297779254, 76.25967599791673",17.581023297779254,76.25967599791673,NH,With Parked Vehicle,3,3,Car,Truck,Nil
1360,2022-11-22,Tuesday,Marie Poussepin's Academy,Maharashtra,"21.21352805697569, 79.13283161552614",21.21352805697569,79.13283161552614,OR,Hit and Run,1,0,Pedestrian,Bus,Nagpur
1361,2022-11-22,Tuesday,Pushpak Nagar,Maharashtra,"18.969945860027266, 73.08309419853339",18.969945860027266,73.08309419853339,OR,With Parked Vehicle,2,0,SUV,Truck,Mumbai
1362,2022-11-23,Wednesday,Koyembedu,Tamil Nadu,"13.075485551645427, 80.19903427346826",13.075485551645427,80.19903427346826,OR,Hit From Back,1,0,Two Wheeler,Truck,Chennai
1363,2022-11-22,Tuesday,Nayangarh,Madhya Pradesh,"24.271466866811885, 75.05168429622357",24.271466866811885,75.05168429622357,OR,Fixed Object Collision,1,0,Two Wheeler,Tree,Nil
1364,2022-11-22,Tuesday,Ghinghartola,Uttarakhand,"29.829189079464633, 79.85159256036074",29.829189079464633,79.85159256036074,OR,Vehicle Overturn,1,1,Car,Ditch,Nil
1365,2022-11-23,Wednesday,Chota Kashmir,Maharashtra,"19.161963423521573, 72.87188481158118",19.161963423521573,72.87188481158118,OR,Hit From Back,1,1,Two Wheeler,Bus,Mumbai
1366,2022-11-21,Monday,Ahmednagar Rd,Maharashtra,"18.990369786094597, 75.75142734060948",18.990369786094597,75.75142734060948,NH,Head On Collision ,1,0,Two Wheeler,Truck,Nil
1367,2022-11-21,Monday,Shivshakti Road Lines,Maharashtra,"18.453444782040105, 73.84078903488914",18.453444782040105,73.84078903488914,NH,Hit and Run,1,0,Pedestrian,Unidentified,Pune
1368,2022-11-23,Wednesday,Udgir,Maharashtra,"18.38862883333705, 77.12119369995887",18.38862883333705,77.12119369995887,OR,Others,1,5,Tractor,Truck,Nil
1369,2022-11-23,Wednesday,Boliyar,Karnataka,"12.833735043168385, 74.97083624240882",12.833735043168385,74.97083624240882,OR,Hit and Run,1,8,Pedestrian,Bus,Nil
1370,2022-11-23,Wednesday,Amulya Amrutalaya,Maharashtra,"19.431339821794673, 80.06233300389967",19.431339821794673,80.06233300389967,OR,Hit and Run,1,0,Pedestrian,Truck,Nil
1371,2022-11-23,Wednesday,Old Airport Rd,Karnataka,"12.954700978073774, 77.6843094701265",12.954700978073774,77.6843094701265,OR,Hit From Back,1,0,Two Wheeler,Bus,Bengaluru
1372,2022-11-24,Thursday,Swati Park,Gujarat,"22.251352838330064, 70.80791260812796",22.251352838330064,70.80791260812796,NH,Hit and Run,1,2,Pedestrian,Two Wheeler,Rajkot
1373,2022-11-24,Thursday,Rabupura,Uttar Pradesh,"28.253160766999283, 77.6023364007142",28.253160766999283,77.6023364007142,OR,Hit From Back,1,0,Two Wheeler,Tractor,Nil
1374,2022-11-26,Saturday,Khajrana,Madhya Pradesh,"22.731244661918943, 75.90263711866906",22.731244661918943,75.90263711866906,SH,Head On Collision ,1,1,Two Wheeler,Truck,Indore
1375,2022-11-27,Sunday,Aoras,Uttar Pradesh,"26.907522896186578, 80.50137862083321",26.907522896186578,80.50137862083321,OR,Fixed Object Collision,2,0,Two Wheeler,Railing,Nil
1376,2022-11-27,Sunday,Pothireddipalem,Andhra Pradesh,"16.242889744416413, 81.22009173032612",16.242889744416413,81.22009173032612,SH,Hit and Run,3,0,Pedestrian,Car,Nil
1377,2022-11-27,Sunday,Mau Aima,Uttar Pradesh,"25.701157202774304, 81.9090760185718",25.701157202774304,81.9090760185718,NH,Others,2,0,Two Wheeler,Pick Up,Nil
1378,2022-11-28,Monday,Samroli,Jammu,"32.9911780391831, 75.19505566014274",32.9911780391831,75.19505566014274,NH,Vehicle Overturn,4,0,Car,Gorge,Nil
1379,2022-11-27,Sunday,Kumtha,Madhya Pradesh,"21.62669454526135, 76.48345071187337",21.62669454526135,76.48345071187337,OR,Fixed Object Collision,3,0,Car,Tree,Nil
1380,2022-11-27,Sunday,Mahipalpur Flyover,Delhi,"28.545028355232883, 77.12116013069722",28.545028355232883,77.12116013069722,NH,Head On Collision ,1,0,Bicycle,Car,Delhi
1381,2022-11-26,Saturday,New Mandi Police Station ,Uttar Pradesh,"29.463238697237156, 77.70828460375006",29.463238697237156,77.70828460375006,OR,Hit From Side,4,0,Car,Truck,Nil
1382,2022-11-26,Saturday,Lakshika Hall,Maharashtra,"19.99111392207713, 73.76016762408145",19.99111392207713,73.76016762408145,OR,Hit From Back,1,1,Two Wheeler,Truck,Nashik
1383,2022-11-29,Tuesday,Eastern Peripheral Expy,Uttar Pradesh,"28.59302391596247, 77.55220224047828",28.59302391596247,77.55220224047828,OR,Vehicle Overturn,1,3,Car,Ditch,Nil
1384,2022-11-28,Monday,Hulikunte,Karnataka,"13.272266576516747, 77.35216646385031",13.272266576516747,77.35216646385031,NH,Head On Collision ,2,0,Two Wheeler,Truck,Nil
1385,2022-11-30,Wednesday,Kodumur,Andhra Pradesh,"15.683371392189466, 77.7679255136936",15.683371392189466,77.7679255136936,SH,Head On Collision ,3,0,Two Wheeler,Car,Nil
1386,2022-11-30,Wednesday,Tappe Sipah,Uttar Pradesh,"27.10157365650555, 81.50326169184127",27.10157365650555,81.50326169184127,NH,Head On Collision ,6,13,Bus,Truck,Nil
1387,2022-11-29,Tuesday,Payakaraopeta,Andhra Pradesh,"17.367919451233476, 82.5559054912971",17.367919451233476,82.5559054912971,NH,Vehicle Overturn,1,0,Two Wheeler,Canal,Nil
1388,2022-11-30,Wednesday,Tappe Sipah,Uttar Pradesh,"27.097931414982526, 81.49824462518542",27.097931414982526,81.49824462518542,NH,Head On Collision ,6,13,Bus,Truck,Nil
1389,2022-11-30,Wednesday,Majhur,Jammu,"33.528920091719215, 74.35938394535962",33.528920091719215,74.35938394535962,OR,Vehicle Overturn,3,2,Car,Gorge,Nil
1390,2022-11-30,Wednesday,Surinsar,Jammu,"32.77142216563534, 75.04428953506651",32.77142216563534,75.04428953506651,OR,Vehicle Overturn,1,17,Van,Gorge,Nil
1391,2022-11-29,Tuesday,Police Welfare Petrol Pump,Madhya Pradesh,"23.21184562898975, 77.3888241897959",23.21184562898975,77.3888241897959,OR,Hit and Run,3,0,Two Wheeler,Unidentified,Bhopal
1392,2022-11-30,Wednesday,Devpur,Maharashtra,"19.866952570376142, 74.14799246536725",19.866952570376142,74.14799246536725,OR,Run Off Road,2,4,SUV,Nil,Nil
1393,2022-11-30,Wednesday,KR Puram Hanging Bridge,Karnataka,"13.000683883260592, 77.67722032726212",13.000683883260592,77.67722032726212,NH,Hit and Run,1,1,Two Wheeler,Unidentified,Bengaluru
1394,2022-11-30,Wednesday,Kodumur,Andhra Pradesh,"15.684037550663033, 77.76965748241777",15.684037550663033,77.76965748241777,SH,Others,3,2,Two Wheeler,Car,Nil
1395,2022-12-01,Thursday,Jankia,Odisha,"20.053056785479832, 85.53937047670372",20.053056785479832,85.53937047670372,NH,With Parked Vehicle,4,0,Car,Truck,Nil
1396,2022-11-30,Wednesday,Taramani Link Rd,Tamil Nadu,"12.981197526297395, 80.23654954032764",12.981197526297395,80.23654954032764,SH,Fixed Object Collision,2,0,Two Wheeler,Divider,Chennai
1397,2022-12-02,Friday,Loha Mandi,Madhya Pradesh,"22.70772341532349, 75.86781836399646",22.70772341532349,75.86781836399646,OR,With Parked Vehicle,1,1,Two Wheeler,Truck,Indore
1398,2022-12-01,Thursday,Zam Zam Square,Madhya Pradesh,"22.73180347911857, 75.91319311603722",22.73180347911857,75.91319311603722,OR,Hit From Back,1,0,Two Wheeler,Car,Indore
1399,2022-12-01,Thursday,Wavin,Tamil Nadu,"13.088534382767612, 80.17189953623301",13.088534382767612,80.17189953623301,SH,Hit From Back,1,0,Two Wheeler,Car,Chennai
1400,2022-12-04,Sunday,Tiruvannamalai,Tamil Nadu,"12.226377668027563, 79.0664139848913",12.226377668027563,79.0664139848913,SH,Head On Collision ,3,4,Bus,Lorry,Nil
1401,2022-12-03,Saturday,Jakheri,Uttar Pradesh,"25.617150720068942, 79.7195868062511",25.617150720068942,79.7195868062511,OR,Head On Collision ,4,2,Car,Car,Nil
1402,2022-12-03,Saturday,Naogaon Bariya,Uttarakhand,"29.857349944027533, 79.3734150044732",29.857349944027533,79.3734150044732,NH,Vehicle Overturn,4,3,Car,Gorge,Nil
1403,2022-12-04,Sunday,Yavatmal,Maharashtra,"20.389552251846258, 78.1355352067547",20.389552251846258,78.1355352067547,SH,Head On Collision ,4,3,Van,Bus,Nil
1404,2022-12-03,Saturday,Canal Bridge,Chhattisgarh,"21.229121245307912, 81.65970224642803",21.229121245307912,81.65970224642803,NH,Hit From Back,1,1,Two Wheeler,Tractor,Raipur
1405,2022-12-04,Sunday,Tala,West Bengal,"22.60855015063117, 88.3841026328609",22.60855015063117,88.3841026328609,OR,Head On Collision ,1,1,Two Wheeler,Truck,Kolkata
1406,2022-12-04,Sunday,Peddashapur,Telangana,"17.219357531601254, 78.33618880820711",17.219357531601254,78.33618880820711,OR,Hit From Back,3,0,Two Wheeler,Van,Nil
1407,2022-12-05,Monday,GT Karnal Rd,Delhi,"28.69147465100453, 77.19145118008962",28.69147465100453,77.19145118008962,OR,Hit and Run,2,0,Two Wheeler,Unidentified,Delhi
1408,2022-12-04,Sunday,Satrunda,Madhya Pradesh,"23.049043830374956, 75.18130466888347",23.049043830374956,75.18130466888347,OR,Hit and Run,6,13,Pedestrian,Tractor,Nil
1409,2022-12-04,Sunday,Gopeshwar,Uttarakhand,"30.402914678684226, 79.31752278659692",30.402914678684226,79.31752278659692,NH,Vehicle Overturn,2,3,Car,Gorge,Nil
1410,2022-12-04,Sunday,Pauri ,Uttarakhand,"30.130277775637403, 78.78726253290282",30.130277775637403,78.78726253290282,NH,Vehicle Overturn,2,5,Car,Gorge,Nil
1411,2022-12-04,Sunday,Supertech E Square,Uttar Pradesh,"28.584217379298334, 77.327766775427",28.584217379298334,77.327766775427,OR,Hit and Run,1,0,Pedestrian,Car,Nil
1412,2022-12-05,Monday,Kavaraipettai,Tamil Nadu,"13.363787954366215, 80.1396613268738",13.363787954366215,80.1396613268738,NH,Head On Collision ,4,3,Bus,Truck,Nil
1413,2022-12-05,Monday,Paravalasu,Tamil Nadu,"11.111859038379988, 77.58992424923687",11.111859038379988,77.58992424923687,SH,Head On Collision ,3,0,Car,Truck,Nil
1414,2022-12-05,Monday,Aganampudi,Andhra Pradesh,"17.68785948501749, 83.13265349134836",17.68785948501749,83.13265349134836,SH,Hit and Run,1,0,Pedestrian,Two Wheeler,Vizag
1415,2022-12-04,Sunday,Red Rd,West Bengal,"22.550586267320796, 88.34024042544688",22.550586267320796,88.34024042544688,OR,Hit From Back,1,0,Two Wheeler,Van,Kolkata
1416,2022-12-04,Sunday,Maksi Rd,Madhya Pradesh,"22.979918709675843, 76.0738068665168",22.979918709675843,76.0738068665168,NH,Hit From Back,1,2,Two Wheeler,Car,Nil
1417,2022-12-05,Monday,Gadekar Mala,Maharashtra,"19.946024424266042, 73.83433048246167",19.946024424266042,73.83433048246167,OR,Hit and Run,1,0,Pedestrian,Truck,Nashik
1418,2022-12-05,Monday,Jafferkhanpet,Tamil Nadu,"13.028659785148188, 80.2086417800641",13.028659785148188,80.2086417800641,SH,Fixed Object Collision,2,0,Two Wheeler,Divider,Chennai
1419,2022-12-07,Wednesday,Maduranthakam,Tamil Nadu,"12.506978133440269, 79.88064308295642",12.506978133440269,79.88064308295642,NH,Others,6,5,Truck,Truck,Nil
1420,2022-12-05,Monday,Maski,Karnataka,"15.959938310900172, 76.6545577603903",15.959938310900172,76.6545577603903,NH,Others,3,0,Two Wheeler,Bus,Nil
1421,2022-12-05,Monday,YD Nagar,Madhya Pradesh,"24.084353369597657, 75.056460431459",24.084353369597657,75.056460431459,OR,Hit From Back,1,1,Car,Car,Nil
1422,2022-12-07,Wednesday,Puthalapattu,Andhra Pradesh,"13.38564643130281, 79.08394114410565",13.38564643130281,79.08394114410565,OR,Run Off Road,6,20,Tractor,Nil,Nil
1423,2022-12-08,Thursday,Palse,Maharashtra,"19.929810727299415, 73.86820452959181",19.929810727299415,73.86820452959181,NH,Others,2,43,Two Wheeler,Bus,Nil
1424,2022-12-06,Tuesday,Durgashree Hotel,Karnataka,"12.978240705819044, 77.51502480499371",12.978240705819044,77.51502480499371,OR,Hit and Run,2,0,Two Wheeler,Truck,Bengaluru
1425,2022-12-07,Wednesday,Dibai,Uttar Pradesh,"28.205845077690174, 78.25986812159982",28.205845077690174,78.25986812159982,NH,Hit From Side,3,0,Two Wheeler,Truck,Nil
1426,2022-12-06,Tuesday,Vadner Dumala,Maharashtra,"19.933690738098278, 73.81298047348994",19.933690738098278,73.81298047348994,NH,Head On Collision ,1,0,Two Wheeler,Truck,Nashik
1427,2022-12-07,Wednesday,Chidawad,Madhya Pradesh,"23.14366905722453, 76.1498570865756",23.14366905722453,76.1498570865756,NH,Hit and Run,2,3,Car,Unidentified,Nil
1428,2022-12-08,Thursday,Bagheshwar,Uttarakhand,"29.839123272704928, 79.76835967429105",29.839123272704928,79.76835967429105,NH,Vehicle Overturn,4,2,Car,Gorge,Nil
1429,2022-12-10,Saturday,Nellikara,Karnataka,"13.154804584637919, 75.09539857518682",13.154804584637919,75.09539857518682,SH,Head On Collision ,3,0,Car,Bus,Nil
1430,2022-12-08,Thursday,Nasrapur,Maharashtra,"18.250077305173328, 73.8799667989515",18.250077305173328,73.8799667989515,SH,With Parked Vehicle,1,0,Car,Truck,Nil
1431,2022-12-09,Friday,Mohadari Ghat,Maharashtra,"19.885202678901692, 73.9418851643787",19.885202678901692,73.9418851643787,NH,Fixed Object Collision,5,3,Car,Divider,Nil
1432,2022-12-09,Friday,Thrikkakara,Kerala,"10.034163900747574, 76.33283272778543",10.034163900747574,76.33283272778543,OR,Hit From Back,1,0,Two Wheeler,Truck,Nil
1433,2022-12-09,Friday,Rakhyal,Rajasthan,"24.736188136337, 73.83966961264531",24.736188136337,73.83966961264531,OR,Head On Collision ,1,3,Truck,Truck,Nil
1434,2022-12-10,Saturday,Morna,Uttar Pradesh,"29.209595547025092, 78.44204084474875",29.209595547025092,78.44204084474875,OR,Hit From Back,3,1,Two Wheeler,Truck,Nil
1435,2022-12-10,Saturday,Armoor,Telangana,"18.782864650870852, 78.29786014542509",18.782864650870852,78.29786014542509,NH,Head On Collision ,3,0,Car,Lorry,Nil
1436,2022-12-09,Friday,Alamsar,Rajasthan,"25.3306298303729, 71.10052110253073",25.3306298303729,71.10052110253073,SH,Vehicle Overturn,2,3,Car,Ditch,Nil
1437,2022-12-09,Friday,Kelnor,Rajasthan,"25.351427364175287, 70.73495622365927",25.351427364175287,70.73495622365927,OR,Head On Collision ,1,6,Car,Van,Nil
1438,2022-12-11,Sunday,Magic Point,Maharashtra,"19.0644444006452, 72.91927094190193",19.0644444006452,72.91927094190193,OR,Run Off Road,2,46,Bus,Nil,Mumbai
1439,2022-12-11,Sunday,Phule Nagar,Maharashtra,"19.261194775032525, 73.18011257977878",19.261194775032525,73.18011257977878,OR,Hit From Back,2,0,Two Wheeler,SUV,Nil
1440,2022-12-09,Friday,Prabhat Nagar,Maharashtra,"20.051935153824974, 73.80326098389838",20.051935153824974,73.80326098389838,OR,Hit and Run,1,0,Two Wheeler,Unidentified,Nashik
1441,2022-12-10,Saturday,Gadarpur,Uttar Pradesh,"29.03928749990616, 79.25190615995034",29.03928749990616,79.25190615995034,OR,Hit From Back,1,0,Two Wheeler,Truck,Nil
1442,2022-12-11,Sunday,Jiamau,Uttar Pradesh,"26.845438890178514, 80.96577650269694",26.845438890178514,80.96577650269694,OR,Hit and Run,1,0,Pedestrian,Two Wheeler,Lucknow
1443,2022-12-10,Saturday,Parvaliya Dera,Madhya Pradesh,"23.749092193687034, 75.10940785856674",23.749092193687034,75.10940785856674,NH,Hit and Run,1,1,Pedestrian,Truck,Nil
1444,2022-12-10,Saturday,Shajapur,Madhya Pradesh,"23.421696600526733, 76.28613616017066",23.421696600526733,76.28613616017066,NH,Hit From Back,2,0,Two Wheeler,Bus,Nil
1445,2022-12-12,Monday,Thati Dhanari,Uttarakhand,"30.65030247095005, 78.39089821822344",30.65030247095005,78.39089821822344,OR,Vehicle Overturn,1,1,Truck,Gorge,Nil
1446,2022-12-12,Monday,Chunni Kalan,Punjab,"30.659172395123473, 76.56745385349565",30.659172395123473,76.56745385349565,SH,Head On Collision ,1,0,Car,SUV,Nil
1447,2022-12-12,Monday,Sambhalki,Punjab,"30.666448826512912, 76.70104143554114",30.666448826512912,76.70104143554114,OR,Hit and Run,1,0,Pedestrian,Pick Up,Nil
1448,2022-12-12,Monday,Balongi,Punjab,"30.728769312490275, 76.6940781333562",30.728769312490275,76.6940781333562,OR,Hit and Run,1,0,Bicycle,Unidentified,Nil
1449,2022-12-12,Monday,Vasco,Goa,"15.394357367614832, 73.82411789769408",15.394357367614832,73.82411789769408,OR,Hit and Run,1,0,Pedestrian,Two Wheeler,Nil
1450,2022-12-13,Tuesday,Nighasan,Uttar Pradesh,"28.23214769037592, 80.86197461832418",28.23214769037592,80.86197461832418,SH,Others,3,15,Two Wheeler,Bus,Nil
1451,2022-12-13,Tuesday,Kattaikonam,Kerala,"8.601048295720922, 76.89741782402838",8.601048295720922,76.89741782402838,OR,Hit and Run,1,0,Pedestrian,Car,Thiruvananthapuram
1452,2022-12-13,Tuesday,Nabha Sahib Village,Punjab,"30.63842371511849, 76.80290289612009",30.63842371511849,76.80290289612009,NH,Others,1,0,Two Wheeler,Bus,Nil
1453,2022-12-13,Tuesday,Jamuna Enclave,Punjab,"30.643812812017785, 76.82576046938668",30.643812812017785,76.82576046938668,OR,Hit and Run,1,0,Pedestrian,Car,Nil
1454,2022-12-13,Tuesday,Bachelikhal,Uttarakhand,"30.081834978494477, 78.55953720908792",30.081834978494477,78.55953720908792,OR,Vehicle Overturn,1,0,Car,Gorge,Nil
1455,2022-12-13,Tuesday,Sungudhoun,Punjab,"30.461307017374878, 74.5552348253167",30.461307017374878,74.5552348253167,OR,Head On Collision ,2,0,Two Wheeler,Car,Nil
1456,2022-12-12,Monday,Mayasandra,Karnataka,"12.750299753590125, 77.74749226469866",12.750299753590125,77.74749226469866,SH,Hit and Run,3,0,Pedestrian,Truck,Nil
1457,2022-12-12,Monday,14th Cross Rd,Karnataka,"13.03612022124444, 77.50080560296158",13.03612022124444,77.50080560296158,OR,Hit From Back,1,0,Two Wheeler,Bus,Bengaluru
1458,2022-12-14,Wednesday,Baytu,Rajasthan,"25.897675071850447, 71.77176604440011",25.897675071850447,71.77176604440011,NH,Head On Collision ,2,0,Two Wheeler,Car,Nil
1459,2022-12-14,Wednesday,Phase 10,Punjab,"30.684900126554208, 76.74499190414471",30.684900126554208,76.74499190414471,OR,Run Off Road,1,0,Car,Nil,Nil
1460,2022-12-14,Wednesday,NH 152 Lalru,Punjab,"30.48734362378299, 76.79891913719949",30.48734362378299,76.79891913719949,NH,Hit From Back,1,1,Bicycle,Crane,Nil
1461,2022-12-14,Wednesday,Baddi Rd,Punjab,"30.810866555761788, 76.85171151745232",30.810866555761788,76.85171151745232,OR,Head On Collision ,2,0,Truck,Pick Up,Nil
1462,2022-12-14,Wednesday,Attingal,Kerala,"8.696155339054807, 76.81724495938334",8.696155339054807,76.81724495938334,NH,Hit From Back,1,1,Two Wheeler,Bus,Nil
1463,2022-12-15,Thursday,Sector 94,Punjab,"30.693431210442192, 76.6699544221498",30.693431210442192,76.6699544221498,SH,Others,1,1,Two Wheeler,Car,Nil
1464,2022-12-15,Thursday,Derabassi Flyover,Punjab,"30.58647826398502, 76.84585175212226",30.58647826398502,76.84585175212226,NH,Hit and Run,1,0,Tractor,Unidentified,Nil
1465,2022-12-17,Saturday,Gautam Ghat,Uttar Pradesh,"26.869755709973166, 80.91984789417069",26.869755709973166,80.91984789417069,OR,Run Off Road,3,4,SUV,Nil,Lucknow
1466,2022-12-16,Friday,Mundakayam,Kerala,"9.538467799808627, 76.89153916640065",9.538467799808627,76.89153916640065,NH,Run Off Road,1,17,Bus,Nil,Nil
1467,2022-12-15,Thursday,Piplehda,Uttar Pradesh,"28.68041227741485, 77.55725383190614",28.68041227741485,77.55725383190614,OR,Hit and Run,1,0,Pedestrian,Car,Nil
1468,2022-12-17,Saturday,Bagdiya,Madhya Pradesh,"25.90141627994532, 76.8214269562394",25.90141627994532,76.8214269562394,OR,Head On Collision ,1,2,Two Wheeler,Car,Nil
1469,2022-12-17,Saturday,Dhar,Madhya Pradesh,"22.59100902764541, 75.32170877852036",22.59100902764541,75.32170877852036,OR,Run Off Road,1,3,Two Wheeler,Car,Nil
1470,2022-12-17,Saturday,Shaneshwar Crossing,Uttar Pradesh,"26.481584121907666, 80.27662997344608",26.481584121907666,80.27662997344608,OR,Head On Collision ,1,3,Pedestrian,Truck,Kanpur
1471,2022-12-17,Saturday,Dudhauna,Uttar Pradesh,"27.35598485842003, 79.13376356914402",27.35598485842003,79.13376356914402,OR,Vehicle Overturn,3,4,SUV,Nil,Nil
1472,2022-12-18,Sunday,Bhilai New Police Station,Chhattisgarh,"21.207472348882888, 81.43138407972081",21.207472348882888,81.43138407972081,NH,Hit From Back,1,1,Two Wheeler,Truck,Nil
1473,2022-12-18,Sunday,Hanuman Temple,Chhattisgarh,"21.2092996133413, 81.45636826215157",21.2092996133413,81.45636826215157,OR,Hit and Run,1,0,Pedestrian,Truck,Nil
1474,2022-12-19,Monday,Auraiya,Uttar Pradesh,"26.451259360568113, 79.52251940393027",26.451259360568113,79.52251940393027,NH,Hit From Back,3,9,Bus,Truck,Nil
1475,2022-12-19,Monday,Aligarh,Uttar Pradesh,"27.92569783999121, 78.0766951461395",27.92569783999121,78.0766951461395,NH,Head On Collision ,2,24,Bus,Bus,Nil
1476,2022-12-19,Monday,Khopoli,Maharashtra,"18.791103033740573, 73.33942507747092",18.791103033740573,73.33942507747092,NH,Hit From Back,1,10,Bus,Truck,Nil
1477,2022-12-17,Saturday,Tambaram Sanatorium,Tamil Nadu,"12.945551345190612, 80.12977436023799",12.945551345190612,80.12977436023799,OR,Hit From Back,2,0,Two Wheeler,Van,Chennai
1478,2022-12-18,Sunday,Novel Sugar Mill,Uttar Pradesh,"28.635991170978475, 79.81397162527023",28.635991170978475,79.81397162527023,OR,Others,4,0,Two Wheeler,Truck,Nil
1479,2022-12-18,Sunday,Thuraipakkam Dumpyard,Tamil Nadu,"12.948397109160258, 80.24062782281874",12.948397109160258,80.24062782281874,SH,Fixed Object Collision,1,0,Car,Divider,Chennai
1480,2022-12-17,Saturday,Gaulane,Maharashtra,"19.905088813373514, 73.7412966069139",19.905088813373514,73.7412966069139,OR,Hit From Back,1,0,Two Wheeler,Car,Nil
1481,2022-12-19,Monday,Arattupuzha Bridge,Kerala,"10.416483933072763, 76.22926447676387",10.416483933072763,76.22926447676387,OR,Vehicle Overturn,3,0,Car,River,Nil
1482,2022-12-18,Sunday,Mallanwala,Punjab,"31.04997817676166, 74.8325104025693",31.04997817676166,74.8325104025693,OR,Vehicle Overturn,1,0,Car,Gorge,Nil
1483,2022-12-18,Sunday,Siruvanur Rd,Tamil Nadu,"13.148984663411442, 79.87569621063201",13.148984663411442,79.87569621063201,OR,Head On Collision ,1,0,Two Wheeler,Truck,Nil
1484,2022-12-19,Monday,Lal Gebi Ashram,Gujarat,"23.03074886193254, 72.4548732079096",23.03074886193254,72.4548732079096,OR,Hit and Run,1,0,Pedestrian,Car,Ahmedabad
1485,2022-12-20,Tuesday,Dehlon Rd,Punjab,"30.8326794592739, 75.96842155312031",30.8326794592739,75.96842155312031,OR,Hit From Back,1,1,Two Wheeler,Truck,Nil
1486,2022-12-21,Wednesday,Longsai,Manipur,"24.642423540843076, 93.65379956227731",24.642423540843076,93.65379956227731,SH,Vehicle Overturn,10,35,Bus,Gorge,Nil
1487,2022-12-20,Tuesday,Sukhari,Madhya Pradesh,"22.30972325375101, 79.18429742631339",22.30972325375101,79.18429742631339,OR,Run Off Road,2,14,Van,Nil,Nil
1488,2022-12-20,Tuesday,Yamuna Expressway,Uttar Pradesh,"28.44251283882086, 77.50229321657845",28.44251283882086,77.50229321657845,NH,Hit From Back,1,28,Bus,Truck,Nil
1489,2022-12-20,Tuesday,Arnia,Uttar Pradesh,"28.134252903702578, 77.9165463678531",28.134252903702578,77.9165463678531,OR,Others,1,6,Two Wheeler,Truck,Nil
1490,2022-12-20,Tuesday,Super Corridor,Madhya Pradesh,"22.754767719448875, 75.80483564041853",22.754767719448875,75.80483564041853,OR,Run Off Road,1,1,Car,Nil,Indore
1491,2022-12-19,Monday,Tanda,Madhya Pradesh,"23.460716411897742, 75.68065588698633",23.460716411897742,75.68065588698633,OR,Hit From Back,2,0,Two Wheeler,Truck,Nil
1492,2022-12-19,Monday,Sonkatch,Madhya Pradesh,"22.97841301080496, 76.35531780503722",22.97841301080496,76.35531780503722,NH,Hit and Run,1,0,Two Wheeler,Unidentified,Nil
1493,2022-12-19,Monday,Patharkandi,Assam,"24.609679505103248, 92.320861479876",24.609679505103248,92.320861479876,NH,Head On Collision ,2,0,Auto Rickshaw,Car,Nil
1494,2022-12-21,Wednesday,Banta,Jharkhand,"22.878167905048823, 86.27476231989324",22.878167905048823,86.27476231989324,OR,Head On Collision ,2,6,SUV,Tractor,Nil
1495,2022-12-21,Wednesday,Madhepura,Bihar,"25.92390517517682, 86.79486307089914",25.92390517517682,86.79486307089914,OR,Run Off Road,3,0,Two Wheeler,Nil,Nil
1496,2022-12-21,Wednesday,Thakur Bigha,Bihar,"25.012081168869063, 85.50421450880712",25.012081168869063,85.50421450880712,OR,Hit and Run,1,2,Pedestrian,Tractor,Nil
1497,2022-12-21,Wednesday,Dhamnod,Madhya Pradesh,"22.217417384267296, 75.47774220959037",22.217417384267296,75.47774220959037,SH,Head On Collision ,1,2,Bus,Tractor,Nil
1498,2022-12-23,Friday,Upper Zema,Sikkim,"27.79743874092502, 88.55315509576577",27.79743874092502,88.55315509576577,OR,Vehicle Overturn,16,4,Truck,Gorge,Nil
1499,2022-12-22,Thursday,Tuticorin,Tamil Nadu,"8.789434733640828, 78.14106109477959",8.789434733640828,78.14106109477959,SH,Hit From Back,4,0,Car,Truck,Nil
1500,2022-12-21,Wednesday,Bilkhiria,Madhya Pradesh,"23.13550598493663, 77.45379098563042",23.13550598493663,77.45379098563042,OR,Hit From Back,1,1,Two Wheeler,SUV,Bhopal
1501,2022-12-21,Wednesday,Govindpura,Madhya Pradesh,"22.5344718503156, 75.55545926944136",22.5344718503156,75.55545926944136,OR,Hit and Run,1,0,Pedestrian,Two Wheeler,Nil
1502,2022-12-24,Saturday,Bhilai,Madhya Pradesh,"21.807311125720886, 78.22651285913841",21.807311125720886,78.22651285913841,NH,Hit From Side,4,0,Car,Truck,Nil
1503,2022-12-22,Thursday,Maliyasan,Gujarat,"22.33131034445658, 70.87918638902339",22.33131034445658,70.87918638902339,NH,With Parked Vehicle,4,0,Car,Truck,Nil
1504,2022-12-23,Friday,Behala,West Bengal,"22.50221196190783, 88.31808494940438",22.50221196190783,88.31808494940438,NH,Hit From Back,1,1,Two Wheeler,Truck,Kolkata
1505,2022-12-24,Saturday,Malebettu,Karnataka,"13.23762074835291, 75.0982366574767",13.23762074835291,75.0982366574767,OR,Others,1,2,Auto Rickshaw,Bus,Nil
1506,2022-12-24,Saturday,Vehelna,Uttar Pradesh,"29.42631258067061, 77.69638889689476",29.42631258067061,77.69638889689476,OR,Others,1,1,Two Wheeler,Truck,Nil
1507,2022-12-23,Friday,Kumily,Kerala,"9.599991839974674, 77.16139965795666",9.599991839974674,77.16139965795666,OR,Vehicle Overturn,8,2,Car,Gorge,Nil
1508,2022-12-24,Saturday,Kheda Rd,Gujarat,"22.818350031750544, 72.7574075405846",22.818350031750544,72.7574075405846,OR,Vehicle Overturn,2,0,Car,Ditch,Nil
1509,2022-12-25,Sunday,Jeedimetla,Telangana,"17.517909994790656, 78.44654596487308",17.517909994790656,78.44654596487308,OR,Fixed Object Collision,2,0,Two Wheeler,Divider,Hyderabad
1510,2022-12-25,Sunday,Pedamale,Karnataka,"12.815955764297088, 74.95918385795765",12.815955764297088,74.95918385795765,OR,Head On Collision ,1,0,Pedestrian,Bus,Nil
1511,2022-12-25,Sunday,Garud,Uttarakhand,"30.125616238195484, 78.35483412995099",30.125616238195484,78.35483412995099,OR,Run Off Road,2,0,Car,Gorge,Nil
1512,2022-12-25,Sunday,Hasnapur,Telangana,"19.420669708373815, 78.81012774784739",19.420669708373815,78.81012774784739,OR,Head On Collision ,4,0,Two Wheeler,Two Wheeler,Nil
1513,2022-12-24,Saturday,Pataudi Road,Haryana,"28.43893004749948, 76.97739138772386",28.43893004749948,76.97739138772386,OR,Hit From Back,1,0,Pedestrian,Auto Rickshaw,Nil
1514,2022-12-27,Tuesday,Kannauj,Uttar Pradesh,"27.024072347898148, 79.89404264649157",27.024072347898148,79.89404264649157,NH,Hit From Back,3,0,Car,Truck,Nil
1515,2022-12-25,Sunday,Valadi,Tamil Nadu,"10.87362115565509, 78.75868738722666",10.87362115565509,78.75868738722666,NH,Vehicle Overturn,1,0,Car,Gorge,Nil
1516,2022-12-26,Monday,Madathukulam,Tamil Nadu,"10.561516576833647, 77.35747303456479",10.561516576833647,77.35747303456479,NH,Head On Collision ,4,0,Van,Truck,Nil
1517,2022-12-26,Monday,Gokulam Park Hotel,Tamil Nadu,"11.057700367290801, 77.07029557218127",11.057700367290801,77.07029557218127,SH,Fixed Object Collision,1,1,Car,Divider,Coimbatore
1518,2022-12-26,Monday,Palangarai,Tamil Nadu,"11.20589257326603, 77.30479362726564",11.20589257326603,77.30479362726564,OR,Fixed Object Collision,1,0,Car,Pole,Nil
1519,2022-12-26,Monday,Kelamangalam,Tamil Nadu,"12.60384713085465, 77.85378954006123",12.60384713085465,77.85378954006123,OR,Vehicle Overturn,1,10,Bus,Ditch,Nil
1520,2022-12-26,Monday,Tollygunge Circular Rd,West Bengal,"22.504581972304937, 88.33775300079792",22.504581972304937,88.33775300079792,OR,Hit From Back,1,2,Two Wheeler,Truck,Kolkata
1521,2022-12-25,Sunday,Wipro Red Signal,Telangana,"17.425777571800175, 78.34047686462186",17.425777571800175,78.34047686462186,OR,Others,1,6,Two Wheeler,Truck,Hyderabad
1522,2022-12-27,Tuesday,Mudipu,Karnataka,"12.802733157757457, 74.96409370176929",12.802733157757457,74.96409370176929,OR,Hit and Run,1,0,Pedestrian,Car,Nil
1523,2022-12-27,Tuesday,Gairsain,Uttarakhand,"30.034773524812877, 79.28524189340068",30.034773524812877,79.28524189340068,NH,Vehicle Overturn,1,0,Car,Gorge,Nil
1524,2022-12-26,Monday,Bellandur,Karnataka,"12.954575726062693, 77.70036127835277",12.954575726062693,77.70036127835277,NH,Fixed Object Collision,1,0,Two Wheeler,Divider,Bengaluru
1525,2022-12-26,Monday,Yeshwantpur,Karnataka,"13.026082964679443, 77.54484791257572",13.026082964679443,77.54484791257572,SH,Fixed Object Collision,1,0,Two Wheeler,Divider,Bengaluru
1526,2022-12-26,Monday,Ring Rd 2,Chhattisgarh,"21.277696364332503, 81.60142241090408",21.277696364332503,81.60142241090408,OR,Hit and Run,1,0,Pedestrian,Truck,Raipur
1527,2022-12-26,Monday,Devipuri,Chhattisgarh,"21.20229216217831, 81.68238863159121",21.20229216217831,81.68238863159121,NH,Head On Collision ,1,0,Two Wheeler,Truck,Raipur
1528,2022-12-27,Tuesday,Zare,Maharashtra,"17.46275448011798, 74.7547753495017",17.46275448011798,74.7547753495017,SH,Hit and Run,1,0,Pedestrian,Truck,Nil
1529,2022-12-29,Thursday,Samayanallur,Tamil Nadu,"9.981874688952528, 78.03435076784801",9.981874688952528,78.03435076784801,NH,Fixed Object Collision,2,3,Car,Wall,Nil
1530,2022-12-28,Wednesday,Baliyachauki,Jharkhand,"24.428828820488228, 86.73904514950266",24.428828820488228,86.73904514950266,NH,With Parked Vehicle,2,3,Car,Truck,Nil
1531,2022-12-30,Friday,Timarlaga,Chhattisgarh,"21.699095646278963, 83.22761694238602",21.699095646278963,83.22761694238602,NH,Vehicle Overturn,4,1,Car,Ditch,Nil
1532,2022-12-29,Thursday,Sehke,Punjab,"30.537518821510396, 75.95627502137594",30.537518821510396,75.95627502137594,OR,Others,4,0,Two Wheeler,SUV,Nil
1533,2022-12-30,Friday,Madhavi,Maharashtra,"19.270138499744764, 73.03861035689864",19.270138499744764,73.03861035689864,NH,Hit and Run,1,0,Pedestrian,Truck,Nil
1534,2022-12-30,Friday,Bhiwandi Railway Station,Maharashtra,"19.2696022438228, 73.04280091265291",19.2696022438228,73.04280091265291,OR,Hit From Back,2,1,Two Wheeler,Truck,Nil
1535,2022-12-31,Saturday,Parthan,Gujarat,"21.014419268900934, 72.96274738853366",21.014419268900934,72.96274738853366,OR,Head On Collision ,9,30,SUV,Bus,Nil
1536,2022-12-31,Saturday,Casuarina Road,West Bengal,"22.553686356580563, 88.34395519781927",22.553686356580563,88.34395519781927,OR,Fixed Object Collision,1,1,Car,Tree,Kolkata
1537,2022-12-31,Saturday,Gobinda Khatick Road,West Bengal,"22.551183828647666, 88.3851296863216",22.551183828647666,88.3851296863216,OR,Hit and Run,1,0,Pedestrian,Truck,Kolkata
1538,2022-12-31,Sunday,Amherst Street,West Bengal,"22.578851205469935, 88.36976981886997",22.578851205469935,88.36976981886997,OR,Head On Collision ,1,1,Two Wheeler,Bus,Kolkata
1539,2022-12-30,Friday,Moulali Crossing,West Bengal,"22.56167542543988, 88.36729126676313",22.56167542543988,88.36729126676313,SH,Run Off Road,1,1,Bus,Nil,Kolkata
1540,2022-12-31,Saturday,Arlem Bypass,Goa,"15.3037179400986, 73.96033102612402",15.3037179400986,73.96033102612402,OR,Run Off Road,1,0,Car,Nil,Nil
1541,2022-12-31,Saturday,Kaloor Junction,Kerala,"9.995201870345706, 76.29247607259921",9.995201870345706,76.29247607259921,OR,Others,1,0,Two Wheeler,Bus,Kochi
1542,2022-12-31,Saturday,Neredmet,Telangana,"17.468736111207978, 78.53471899547422",17.468736111207978,78.53471899547422,OR,Fixed Object Collision,1,1,Two Wheeler,Divider,Hyderabad
1543,2023-01-01,Sunday,Adimali ,Kerala,"10.037175149922708, 76.9420282157683",10.037175149922708,76.9420282157683,OR,Run Off Road,1,43,Bus,Nil,Nil
1544,2022-12-30,Friday,Ramapuram,Tamil Nadu,"13.028270123985434, 80.18161456655825",13.028270123985434,80.18161456655825,OR,Run Off Road,1,0,Two Wheeler,Nil,Chennai
1545,2022-12-31,Saturday,Baramati,Maharashtra,"18.18049152506244, 74.60601179548958",18.18049152506244,74.60601179548958,OR,Run Off Road,1,27,Bus,Nil,Nil
1546,2023-01-01,Sunday,Baleguli,Karnataka,"14.692797900184942, 74.30812238664505",14.692797900184942,74.30812238664505,NH,Head On Collision ,4,1,Car,Bus,Nil
1547,2022-12-31,Saturday,Kuan Kheda,Uttar Pradesh,"27.15982200571339, 78.07897704178168",27.15982200571339,78.07897704178168,OR,Run Off Road,3,1,Tractor,Nil,Agra
1548,2023-01-01,Sunday,Nepanagar,Madhya Pradesh,"21.45331884653214, 76.42219546337257",21.45331884653214,76.42219546337257,OR,Run Off Road,1,8,Tractor,Nil,Nil
1549,2023-01-01,Sunday,Aliah University,West Bengal,"22.589767646826175, 88.48736561893595",22.589767646826175,88.48736561893595,OR,Hit and Run,1,0,Pedestrian,Car,Kolkata
1550,2022-12-31,Saturday,Kuravi,Telangana,"17.524465521608498, 80.00438226057065",17.524465521608498,80.00438226057065,OR,Others,2,0,Auto Rickshaw,Lorry,Nil
1551,2023-01-01,Sunday,Sultanpuri,Delhi,"28.699722684674892, 77.06946771329396",28.699722684674892,77.06946771329396,OR,Head On Collision ,1,0,Two Wheeler,Car,Delhi
1552,2022-12-30,Friday,Auraiya,Uttar Pradesh,"26.461853933859054, 79.51136139571986",26.461853933859054,79.51136139571986,OR,Run Off Road,1,0,Car,Nil,Nil
1553,2023-01-01,Sunday,Gardadi,Karnataka,"12.99558928481953, 75.19518672423078",12.99558928481953,75.19518672423078,OR,Head On Collision ,2,0,Car,Bus,Nil
1554,2023-01-02,Monday,Eastern Peripheral ,Uttar Pradesh,"28.44055910193348, 77.58433884975057",28.44055910193348,77.58433884975057,OR,Hit and Run,1,0,Pedestrian,Truck,Nil
1555,2023-01-01,Sunday,Beas,Punjab,"31.513194527679985, 75.28719306335806",31.513194527679985,75.28719306335806,OR,Head On Collision ,4,0,Car,Truck,Nil
1556,2023-01-01,Sunday,Sitra,Tamil Nadu,"11.064074089112388, 77.03789496838768",11.064074089112388,77.03789496838768,OR,Hit From Back,2,0,Two Wheeler,Truck,Coimbatore
1557,2022-12-31,Saturday,GoleWadi,Maharashtra,"17.94981544142759, 73.70360807086074",17.94981544142759,73.70360807086074,OR,Head On Collision ,1,0,Two Wheeler,Truck,Nil
1558,2022-12-31,Saturday,Nimora,Chhattisgarh,"21.14454956616894, 81.72955356130869",21.14454956616894,81.72955356130869,OR,Head On Collision ,2,0,Two Wheeler,Truck,Nil
1559,2022-12-29,Thursday,Piplani,Madhya Pradesh,"23.237494235749704, 77.47280346492697",23.237494235749704,77.47280346492697,OR,Run Off Road,1,0,Two Wheeler,Nil,Bhopal
1560,2022-12-20,Tuesday,Bhagya Homes Society,Punjab,"30.93933816324132, 75.88497323635437",30.93933816324132,75.88497323635437,OR,Run Off Road,1,0,Two Wheeler,Nil,Ludhiana
1561,2022-12-31,Saturday,Nidaghatta,Karnataka,"12.621214109836012, 77.09518662658247",12.621214109836012,77.09518662658247,NH,Head On Collision ,1,1,Two Wheeler,Truck,Nil
1562,2023-01-01,Sunday,Antiyur,Tamil Nadu,"11.578449688633082, 77.58833498559555",11.578449688633082,77.58833498559555,OR,Run Off Road,1,10,Car,Nil,Nil
1563,2023-01-01,Sunday,Bisrasar,Rajasthan,"28.867869821608576, 74.26076082373534",28.867869821608576,74.26076082373534,SH,Head On Collision ,5,0,Car,Truck,Nil
1564,2023-01-01,Sunday,Dhunela,Haryana,"28.290153698045156, 77.06860898836098",28.290153698045156,77.06860898836098,OR,Hit and Run,1,0,Pedestrian,Car,Nil
1565,2023-01-01,Sunday,Gopalan Legacy Mall,Karnataka,"12.958034639059406, 77.55391642187307",12.958034639059406,77.55391642187307,NH,Head On Collision ,1,1,Two Wheeler,Truck,Bengaluru
1566,2023-01-01,Sunday,Khandela,Rajasthan,"27.60447223099627, 75.50184480739385",27.60447223099627,75.50184480739385,OR,Others,11,5,Car,Car,Nil
1567,2022-12-31,Saturday,JP Nagar,Madhya Pradesh,"23.269182762295028, 77.4087917570041",23.269182762295028,77.4087917570041,OR,Head On Collision ,1,11,Car,Car,Bhopal
1568,2023-01-01,Sunday,Jashpur,Chhattisgarh,"22.55833131566401, 83.48838360116625",22.55833131566401,83.48838360116625,NH,Run Off Road,4,6,Car,Nil,Nil
1569,2023-01-01,Sunday,Hathras,Uttar Pradesh,"27.600270636716093, 78.0483115804128",27.600270636716093,78.0483115804128,OR,Head On Collision ,4,2,Car,Truck,Nil
1570,2022-12-31,Saturday,Sodala,Rajasthan,"26.90632797415877, 75.77227415264873",26.90632797415877,75.77227415264873,OR,Hit and Run,1,0,Two Wheeler,Unidentified,Jaipur
1571,2023-01-01,Sunday,Karumbakkam,Tamil Nadu,"12.700599839230854, 80.094554932961",12.700599839230854,80.094554932961,OR,Head On Collision ,3,0,Two Wheeler,Truck,Nil
1572,2023-01-01,Sunday,Valasaravakam,Tamil Nadu,"13.041348652085198, 80.17461933957748",13.041348652085198,80.17461933957748,SH,Fixed Object Collision,1,0,Two Wheeler,Pole,Chennai
1573,2023-01-01,Sunday,Banjara Hills,Telangana,"17.42744157524595, 78.43639703594485",17.42744157524595,78.43639703594485,OR,Hit and Run,2,0,Pedestrian,Car,Hyderabad
1574,2023-01-01,Sunday,Bankura,West Bengal,"23.23510458573922, 87.07799092445548",23.23510458573922,87.07799092445548,OR,Run Off Road,4,0,Truck,Nil,Nil
1575,2023-01-01,Sunday,Sahanali,Rajasthan,"25.676832922609933, 76.46663111525275",25.676832922609933,76.46663111525275,OR,Fixed Object Collision,2,3,Car,Tree,Nil
1576,2023-01-01,Sunday,Rahnal ,Maharashtra,"19.268607458209164, 73.03687758523353",19.268607458209164,73.03687758523353,NH,Hit From Back,1,0,Pedestrian,Truck,Mumbai
1577,2023-01-01,Sunday,Narpoli,Maharashtra,"19.29389811328842, 73.04240638809283",19.29389811328842,73.04240638809283,OR,Hit From Back,1,2,Two Wheeler,Truck,Mumbai
1578,2023-01-03,Tuesday,Damoh,Madhya Pradesh,"23.83309468099323, 79.4390485416747",23.83309468099323,79.4390485416747,OR,Hit From Back,1,3,Car,Bus,Nil
1579,2023-01-02,Monday,MehnaKhera,Haryana,"29.419075603131926, 74.8164360669881",29.419075603131926,74.8164360669881,OR,Fixed Object Collision,5,0,Car,Tree,Nil
1580,2023-01-02,Monday,Hanumangarh,Rajasthan,"29.58286067971856, 74.32721141872302",29.58286067971856,74.32721141872302,OR,Others,3,4,Two Wheeler,Truck,Nil
1581,2023-01-01,Sunday,Ambad Area ,Maharashtra,"19.619085236283162, 75.79652584397118",19.619085236283162,75.79652584397118,OR,Head On Collision ,1,0,Two Wheeler,Car,Nil
1582,2023-01-03,Tuesday,Bobbili,Andhra Pradesh,"18.574005567267335, 83.35785802726657",18.574005567267335,83.35785802726657,SH,Head On Collision ,1,2,Two Wheeler,Car,Nil
1583,2022-12-31,Saturday,Kumbalgodu,Karnataka,"12.88040438743621, 77.44675163586399",12.88040438743621,77.44675163586399,NH,Fixed Object Collision,1,4,Car,Divider,Bengaluru
1584,2022-12-31,Saturday,Sadahalli,Karnataka,"13.211378395930659, 77.64651965848223",13.211378395930659,77.64651965848223,OR,Hit From Back,1,0,Two Wheeler,Two Wheeler,Nil
1585,2023-01-01,Sunday,Tamenahalli,Karnataka,"14.943117742080767, 76.82361577380387",14.943117742080767,76.82361577380387,OR,Fixed Object Collision,1,0,Two Wheeler,Divider,Nil
1586,2023-01-01,Sunday,Solur,Karnataka,"13.070615736389746, 77.2442391567795",13.070615736389746,77.2442391567795,OR,Run Off Road,1,1,Two Wheeler,Nil,Nil
1587,2023-01-03,Tuesday,Veppur,Tamil Nadu,"11.320139718389912, 79.0655698326648",11.320139718389912,79.0655698326648,OR,Others,5,0,Car,Truck,Nil
1588,2022-12-31,Saturday,Dari Pool,Maharashtra,"18.43299491780472, 73.83789595923643",18.43299491780472,73.83789595923643,NH,Head On Collision ,1,1,Two Wheeler,Truck,Pune
1589,2023-01-02,Monday,Ullanje,Karnataka,"13.052789790278402, 74.85923486105287",13.052789790278402,74.85923486105287,OR,Hit and Run,1,0,Pedestrian,Bus,Nil
1590,2023-01-01,Sunday,Durgapur,Jharkhand,"24.49193444233388, 87.53769544911695",24.49193444233388,87.53769544911695,SH,Hit and Run,1,0,Pedestrian,Truck,Nil
1591,2022-12-31,Saturday,Borivali,Maharashtra,"19.23130560920933, 72.85676639435174",19.23130560920933,72.85676639435174,OR,Hit and Run,1,0,Pedestrian,Auto Rickshaw,Mumbai
1592,2023-01-02,Monday,Barmer,Rajasthan,"25.754420818971376, 71.39530660362034",25.754420818971376,71.39530660362034,OR,Run Off Road,1,0,Truck,Nil,Nil
1593,2023-01-01,Sunday,Kona Crossing,West Bengal,"22.61166164644346, 88.28917982629315",22.61166164644346,88.28917982629315,OR,Hit and Run,1,0,Pedestrian,Two Wheeler,Kolkata
1594,2023-01-03,Tuesday,Dindigul,Tamil Nadu,"10.36324448213771, 77.97078818001455",10.36324448213771,77.97078818001455,OR,Run Off Road,1,4,Car,Nil,Nil
1595,2023-01-02,Monday,Dumurjola Stadium,West Bengal,"22.57878807625017, 88.30775751442663",22.57878807625017,88.30775751442663,OR,Others,1,2,Pedestrian,Car,Kolkata
1596,2023-01-01,Sunday,Kakkalur,Tamil Nadu,"13.12741870260027, 79.91947408005024",13.12741870260027,79.91947408005024,OR,Head On Collision ,1,0,Two Wheeler,Bus,Nil
1597,2022-12-31,Saturday,Vilholi ,Maharashtra,"19.924698361094134, 73.71674896905081",19.924698361094134,73.71674896905081,NH,Hit and Run,1,2,Pedestrian,Two Wheeler,Nil
1598,2023-01-02,Monday,Rudrapur,Uttarakhand,"28.98987850583158, 79.41540573010913",28.98987850583158,79.41540573010913,OR,Head On Collision ,2,2,Two Wheeler,Two Wheeler,Nil
1599,2023-01-02,Monday,Lonavla,Maharashtra,"18.7577183925427, 73.40546804471163",18.7577183925427,73.40546804471163,OR,Hit From Back,1,3,Car,Truck,Nil
1600,2023-01-03,Tuesday,TVS Junction,Kerala,"10.052348390065548, 76.31981943953983",10.052348390065548,76.31981943953983,NH,Run Off Road,1,1,Bus,Nil,Kochi
1601,2023-01-03,Tuesday,Dwarka Mor ,Delhi,"28.62358606368807, 77.02758674923975",28.62358606368807,77.02758674923975,OR,Head On Collision ,1,4,Car,Car,Delhi
1602,2023-01-02,Monday,Wadmukhwadi,Maharashtra,"18.650326486154462, 73.88212194946203",18.650326486154462,73.88212194946203,NH,Fixed Object Collision,1,1,Two Wheeler,Divider,Pune
1603,2023-01-03,Tuesday,Thiruvalluvar Nagar,Tamil Nadu,"13.10745245144666, 80.09147884457234",13.10745245144666,80.09147884457234,OR,Hit From Back,1,1,Two Wheeler,Two Wheeler,Chennai
1604,2023-01-02,Monday,Pachpadra,Rajasthan,"25.924969520756463, 72.25993127952653",25.924969520756463,72.25993127952653,OR,Run Off Road,2,5,Car,Nil,Nil
1605,2023-01-02,Monday,Pachpadra,Rajasthan,"25.924787666768037, 72.25961288516892",25.924787666768037,72.25961288516892,OR,Head On Collision ,1,1,Two Wheeler,Truck,Nil
1606,2023-01-03,Tuesday,Burhanpur,Madhya Pradesh,"21.314978785926666, 76.21968271601573",21.314978785926666,76.21968271601573,OR,Run Off Road,3,4,Car,Nil,Nil
1607,2023-01-03,Tuesday,Ullala ,Karnataka,"12.813962455900006, 74.8541490275076",12.813962455900006,74.8541490275076,OR,Others,1,0,Two Wheeler,Truck,Nil
1608,2023-01-02,Monday,Chhatarpur,Delhi,"28.496235398546915, 77.1837104111367",28.496235398546915,77.1837104111367,OR,Head On Collision ,3,0,Two Wheeler,Tractor,Delhi
1609,2023-01-03,Tuesday,Maduravoyal,Tamil Nadu,"13.066510318831135, 80.15801472674717",13.066510318831135,80.15801472674717,OR,Hit From Side,1,0,Two Wheeler,Truck,Chennai
1610,2023-01-05,Thursday,Chinchansur,Karnataka,"17.5168491481395, 76.78376790475305",17.5168491481395,76.78376790475305,OR,Fixed Object Collision,6,0,Car,Tree,Nil
1611,2023-01-03,Tuesday,Jogeshwari,Maharashtra,"19.14072697497783, 72.84338494205106",19.14072697497783,72.84338494205106,OR,Hit From Back,1,1,Truck,Car,Mumbai
1612,2023-01-04,Wednesday,Boluvamputti,Tamil Nadu,"10.966384865224082, 76.80006474741523",10.966384865224082,76.80006474741523,OR,Hit From Back,2,0,Bicycle,Bus,Nil
1613,2023-01-04,Wednesday,NRS Hospital,West Bengal,"22.565465783934, 88.36877744585061",22.565465783934,88.36877744585061,SH,Hit and Run,1,0,Pedestrian,Bus,Kolkata
1614,2023-01-04,Wednesday,Azad Chowk,Haryana,"28.200517251626668, 76.62438637188103",28.200517251626668,76.62438637188103,OR,Run Off Road,1,1,Car,Nil,Nil
1615,2023-01-02,Monday,Vaishnavi Park,Maharashtra,"20.00499824064435, 73.80772491880202",20.00499824064435,73.80772491880202,OR,Fixed Object Collision,1,0,Two Wheeler,Divider,Nashik
1616,2023-01-03,Tuesday,Vaishnavi Park Square,Maharashtra,"20.004463920887577, 73.80751034207185",20.004463920887577,73.80751034207185,OR,Fixed Object Collision,1,0,Two Wheeler,Divider,Nashik
1617,2023-01-04,Wednesday,Hansapuri,Maharashtra,"21.15676352024994, 79.10438102862378",21.15676352024994,79.10438102862378,OR,Run Off Road,1,12,Bus,Nil,Nagpur
1618,2023-01-03,Tuesday,Durjanpur,Haryana,"29.23761517534749, 75.64784279902739",29.23761517534749,75.64784279902739,OR,Run Off Road,1,0,Two Wheeler,Nil,Nil
1619,2023-01-03,Tuesday,Perumbavoor,Kerala,"10.125250734325169, 76.48867078793583",10.125250734325169,76.48867078793583,OR,Head On Collision ,1,1,Two Wheeler,Bus,Nil
1620,2023-01-04,Wednesday,Samdari,Rajasthan,"25.820345958262745, 72.57398667107492",25.820345958262745,72.57398667107492,SH,Head On Collision ,1,0,Two Wheeler,Truck,Nil
1621,2023-01-05,Thursday,Nashik Road PS,Maharashtra,"19.952831476208353, 73.83925949974353",19.952831476208353,73.83925949974353,NH,Hit From Back,1,0,Two Wheeler,Two Wheeler,Nashik
1622,2023-01-05,Thursday,Balawant Nagar,Maharashtra,"20.01318477659503, 73.74218934157051",20.01318477659503,73.74218934157051,OR,Hit and Run,1,1,Pedestrian,Two Wheeler,Nashik
1623,2023-01-06,Friday,Thiruvalakurichy ,Tamil Nadu,"11.105508073011562, 78.84357832099607",11.105508073011562,78.84357832099607,OR,Head On Collision ,2,1,Car,Truck,Nil
1624,2023-01-06,Friday,Mathania,Rajasthan,"26.533076340132286, 72.97960627109842",26.533076340132286,72.97960627109842,OR,Head On Collision ,5,36,Bus,Truck,Nil
1625,2023-01-05,Thursday,Bhullar,Punjab,"30.419904244761156, 74.60157749586261",30.419904244761156,74.60157749586261,OR,Hit and Run,3,2,Pedestrian,Car,Nil
1626,2023-01-06,Friday,Shivnath River Bridge,Chhattisgarh,"21.76395797273016, 81.80925847758728",21.76395797273016,81.80925847758728,NH,Head On Collision ,2,0,Two Wheeler,Car,Nil
1627,2023-01-07,Saturday,Pakadiya Village,Jharkhand,"24.97876770532279, 87.19793192330118",24.97876770532279,87.19793192330118,OR,Head On Collision ,2,1,Two Wheeler,Car,Nil
1628,2023-01-07,Saturday,Sangillyandapuram,Tamil Nadu,"10.802228502569529, 78.68916219300836",10.802228502569529,78.68916219300836,OR,Others,1,1,Two Wheeler,Truck,Trichy
1629,2023-01-07,Saturday,Kalyanpur ,Uttar Pradesh,"26.511849254741424, 80.24593405760726",26.511849254741424,80.24593405760726,NH,Head On Collision ,1,0,Car,Truck,Kanpur
1630,2023-01-05,Thursday,Mahal Road,Rajasthan,"26.80786767080468, 75.85499513620294",26.80786767080468,75.85499513620294,OR,Run Off Road,1,0,Car,Nil,Jaipur
1631,2023-01-07,Saturday,TT Nagar,Madhya Pradesh,"23.23260946866746, 77.39507189917272",23.23260946866746,77.39507189917272,OR,Run Off Road,1,1,Car,Nil,Bhopal
1632,2023-01-08,Sunday,Narappam ,Andhra Pradesh,"17.936889128305822, 83.1439503341395",17.936889128305822,83.1439503341395,OR,Run Off Road,1,0,Two Wheeler,Nil,Nil
1633,2023-01-07,Saturday,Adgaon Naka,Maharashtra,"20.00984340376168, 73.80761369526942",20.00984340376168,73.80761369526942,OR,Hit and Run,1,0,Pedestrian,Truck,Nashik
1634,2023-01-08,Sunday,Unnao,Uttar Pradesh,"26.546319279809325, 80.48673997245287",26.546319279809325,80.48673997245287,NH,Head On Collision ,7,6,Car,Car,Nil
1635,2023-01-09,Monday,Cheranalloor,Kerala,"10.179454829991526, 76.47519922048406",10.179454829991526,76.47519922048406,OR,Others,3,0,Truck,Two Wheeler,Nil
1636,2023-01-09,Monday,Indore ,Madhya Pradesh,"22.740967789788687, 75.88867984164288",22.740967789788687,75.88867984164288,OR,Others,1,3,Two Wheeler,Earth Mover,Indore
1637,2023-01-10,Tuesday,Srirangapatna,Karnataka,"12.416184378576693, 76.69516161629873",12.416184378576693,76.69516161629873,OR,Hit and Run,1,1,Pedestrian,Bus,Nil
1638,2023-01-10,Tuesday,Puthiya road,Kerala,"9.994520324440138, 76.3203612885245",9.994520324440138,76.3203612885245,OR,Head On Collision ,1,0,Two Wheeler,Car,Kochi
1639,2023-01-11,Wednesday,Nashik Road PS,Maharashtra,"19.95393071834278, 73.83776819146888",19.95393071834278,73.83776819146888,NH,Head On Collision ,5,5,Car,Car,Nashik
1640,2023-01-11,Wednesday,Hasanganj,Uttar Pradesh,"26.870057696004118, 80.9465207415041",26.870057696004118,80.9465207415041,OR,Hit From Back,1,2,Two Wheeler,Car,Lucknow
1641,2023-01-10,Tuesday,Jalaun,Uttar Pradesh,"26.13879459814434, 79.33098680734408",26.13879459814434,79.33098680734408,OR,Head On Collision ,1,11,Car,Truck,Nil
1642,2023-01-12,Thursday,Nashik,Maharashtra,"20.00978683520233, 73.80755328018628",20.00978683520233,73.80755328018628,NH,Head On Collision ,10,23,Bus,Truck,Nashik
1643,2023-01-12,Thursday,Srirangapatna,Karnataka,"12.41618767446161, 76.69514474531208",12.41618767446161,76.69514474531208,OR,Hit From Back,1,0,Two Wheeler,Truck,Nil
1644,2023-01-11,Wednesday,Saraikela,Jharkhand,"22.71257533508936, 85.93985307259977",22.71257533508936,85.93985307259977,OR,Run Off Road,4,20,Car,Nil,Nil
1645,2023-01-13,Friday,Kotra Khurd,Madhya Pradesh,"24.99651812987265, 81.62720927120994",24.99651812987265,81.62720927120994,OR,Run Off Road,2,4,Tractor,Ditch,Nil
1646,2023-01-14,Saturday,Greater Noida,Uttar Pradesh,"28.524158243116545, 77.51794183626313",28.524158243116545,77.51794183626313,OR,Others,1,0,Two Wheeler,Truck,Nil
1647,2023-01-13,Friday,Talegaon,Maharashtra,"18.923236083772085, 73.18600950603829",18.923236083772085,73.18600950603829,OR,Others,1,0,Two Wheeler,Unidentified,Nil
1648,2023-01-13,Friday,Bougainvillea Garden,Chandigarh,"30.761430472146674, 76.79048413476853",30.761430472146674,76.79048413476853,OR,Hit and Run,1,0,Bicycle,SUV,Chandigarh
1649,2023-01-15,Sunday,Fort Kochi,Kerala,"9.961796349268864, 76.24288487726623",9.961796349268864,76.24288487726623,OR,Head On Collision ,1,0,Two Wheeler,Bus,Kochi
1650,2023-01-15,Sunday,Teliyarganj,Uttar Pradesh,"25.49948610200275, 81.8564749372517",25.49948610200275,81.8564749372517,OR,Head On Collision ,1,4,Car,Bus,Allahabad
1651,2023-01-15,Sunday,Samrala,Punjab,"30.835311865485288, 76.19253077080046",30.835311865485288,76.19253077080046,NH,Run Off Road,1,0,Car,Nil,Nil
1652,2023-01-17,Tuesday,Brahmavara,Karnataka,"13.427385534583479, 74.7528038114278",13.427385534583479,74.7528038114278,OR,Head On Collision ,2,0,Two Wheeler,Truck,Nil
1653,2023-01-16,Monday,Rugupalem,Andhra Pradesh,"17.508827819959855, 82.79988876161636",17.508827819959855,82.79988876161636,NH,Head On Collision ,1,0,Auto Rickshaw,Car,Nil
1654,2023-01-16,Monday,Tallapalem,Andhra Pradesh,"17.64997009165116, 82.89842976163258",17.64997009165116,82.89842976163258,OR,Head On Collision ,1,3,Two Wheeler,Two Wheeler,Nil
1655,2023-01-15,Sunday,Dhatrawada,Madhya Pradesh,"23.15799017850708, 75.84515074385043",23.15799017850708,75.84515074385043,OR,Run Off Road,1,1,Car,Nil,Nil
1656,2023-01-16,Monday,Korba ,Chhattisgarh,"22.362853946867556, 82.72958307374107",22.362853946867556,82.72958307374107,OR,Head On Collision ,3,0,Car,Truck,Nil
1657,2023-01-17,Tuesday,Korba ,Chhattisgarh,"22.362881310165328, 82.72970971505987",22.362881310165328,82.72970971505987,OR,Hit and Run,2,0,Pedestrian,Car,Nil
1658,2023-01-18,Wednesday,Shahdara,Delhi,"28.66972993610329, 77.26287931544319",28.66972993610329,77.26287931544319,OR,Hit From Back,1,0,Two Wheeler,Car,Delhi
1659,2023-01-18,Wednesday,Maddur,Karnataka,"12.585572680603262, 77.04370090233331",12.585572680603262,77.04370090233331,OR,Hit From Back,1,0,Two Wheeler,Truck,Nil
1660,2023-01-19,Thursday,Bailey Road,Bihar,"25.60427472379467, 85.09775919569167",25.60427472379467,85.09775919569167,OR,Head On Collision ,2,0,Car,Car,Patna
1661,2023-01-19,Thursday,Samruddhi,Maharashtra,"21.016924554312656, 78.99492470433324",21.016924554312656,78.99492470433324,SH,Hit and Run,2,0,Pedestrian,Truck,Nil
1662,2023-01-19,Thursday,Irumbanam,Kerala,"9.959401388680755, 76.3657241107023",9.959401388680755,76.3657241107023,OR,Hit From Back,1,0,Two Wheeler,Truck,Kochi
1663,2023-01-18,Wednesday,Proddatur,Andhra Pradesh,"14.755958066340082, 78.54803298728615",14.755958066340082,78.54803298728615,SH,Run Off Road,4,0,Car,Nil,Nil
1664,2023-01-19,Thursday,Garisepudi,Andhra Pradesh,"16.39982044068534, 81.42123304241854",16.39982044068534,81.42123304241854,NH,Others,2,0,Car,Car,Nil
1665,2023-01-20,Friday,Vizag,Andhra Pradesh,"17.72486042907055, 83.20698956528871",17.72486042907055,83.20698956528871,SH,Hit and Run,1,0,Pedestrian,Car,Vizag
1666,2023-01-21,Saturday,Bhaisma chowk,Chhattisgarh,"22.267886675366654, 82.77602290592881",22.267886675366654,82.77602290592881,SH,Hit From Back,1,1,Two Wheeler,Truck,Nil
1667,2023-01-20,Friday,Dhanu Parol,Jammu,"32.65853649772487, 75.50802673551445",32.65853649772487,75.50802673551445,OR,Run Off Road,5,15,Bus,Gorge,Nil
1668,2023-01-20,Friday,Marol,Maharashtra,"19.10844960055818, 72.87856966107661",19.10844960055818,72.87856966107661,OR,Hit and Run,1,3,Pedestrian,Car,Mumbai
1669,2023-01-20,Friday,Yellandu,Telangana,"17.594423354664716, 80.31430272073665",17.594423354664716,80.31430272073665,NH,Head On Collision ,4,0,Car,Truck,Nil
1670,2023-01-21,Saturday,Sujangarh,Rajasthan,"27.707993603304796, 74.47863863234508",27.707993603304796,74.47863863234508,SH,Head On Collision ,5,0,Car,Truck,Nil
1671,2023-01-22,Sunday,Paldi,Gujarat,"22.648663271326413, 72.43546575092567",22.648663271326413,72.43546575092567,OR,Hit and Run,1,0,Pedestrian,Car,Nil
1672,2023-01-23,Monday,Dhenkanal,Odisha,"20.67814877136634, 85.58354190238664",20.67814877136634,85.58354190238664,OR,Run Off Road,2,40,Bus,Nil,Nil
1673,2023-01-22,Sunday,Kinnaur,Himachal Pradesh,"31.504479002562665, 78.17415666263153",31.504479002562665,78.17415666263153,NH,Run Off Road,2,2,Car,Nil,Nil
1674,2023-01-21,Saturday,Nad Junction,Andhra Pradesh,"17.743172935586, 83.23581086428261",17.743172935586,83.23581086428261,NH,Hit From Back,1,0,Two Wheeler,Truck,Vizag
1675,2023-01-22,Sunday,Nad Junction,Andhra Pradesh,"17.743178844329105, 83.2358014463651",17.743178844329105,83.2358014463651,SH,Fixed Object Collision,1,0,Two Wheeler,Tree,Vizag
1676,2023-01-23,Monday,Dhalli,Himachal Pradesh,"31.10771282045722, 77.21051176523412",31.10771282045722,77.21051176523412,NH,Run Off Road,3,1,Car,Nil,Nil
1677,2023-01-22,Sunday,Sevapuram,Tamil Nadu,"10.949280353620683, 79.42185396688178",10.949280353620683,79.42185396688178,OR,Run Off Road,1,0,Two Wheeler,Nil,Nil
1678,2023-01-23,Monday,Perambakkam,Tamil Nadu,"13.041369405650968, 79.81794645835353",13.041369405650968,79.81794645835353,OR,Run Off Road,1,0,Two Wheeler,Nil,Nil
1679,2023-01-23,Monday,Sikar,Rajasthan,"27.61358064000421, 75.13320676606733",27.61358064000421,75.13320676606733,OR,Head On Collision ,5,0,Car,Truck,Nil
1680,2023-01-22,Sunday,CV Raman Marg,Madhya Pradesh,"23.252301436511594, 77.44309616879049",23.252301436511594,77.44309616879049,OR,Hit From Back,1,1,Two Wheeler,Car,Bhopal
1681,2023-01-24,Tuesday,Periyampatti,Tamil Nadu,"12.248978303946979, 78.1962311280124",12.248978303946979,78.1962311280124,OR,Hit From Back,3,0,Two Wheeler,Truck,Nil
1682,2023-01-25,Wednesday,Kadodara,Gujarat,"21.173108380454853, 72.95847956993534",21.173108380454853,72.95847956993534,NH,Others,1,1,Two Wheeler,Car,Surat
1683,2023-01-25,Wednesday,Chandragiri Mandal,Andhra Pradesh,"13.579198608891383, 79.29604008077945",13.579198608891383,79.29604008077945,NH,Run Off Road,4,5,Car,Nil,Nil
1684,2023-01-25,Wednesday,Dhubri,Assam,"26.024399610149214, 89.97424763522078",26.024399610149214,89.97424763522078,OR,Others,2,5,Car,Truck,Nil
1685,2023-01-25,Wednesday,Bihta ,Bihar,"25.553402437310474, 84.87014290282649",25.553402437310474,84.87014290282649,OR,Hit and Run,2,2,Pedestrian,Car,Nil
1686,2023-01-25,Wednesday,Bharwani,Madhya Pradesh,"24.498392700489962, 79.3851566668203",24.498392700489962,79.3851566668203,OR,Head On Collision ,3,6,Truck,Truck,Nil
1687,2023-01-27,Friday,Kalimpong,West Bengal,"27.062610824255845, 88.46261371304684",27.062610824255845,88.46261371304684,SH,Run Off Road,2,7,Car,Nil,Nil
1688,2023-01-26,Thursday,Trichy,Tamil Nadu,"10.814790239497954, 78.69657812729442",10.814790239497954,78.69657812729442,OR,Head On Collision ,2,0,Two Wheeler,Car,Trichy
1689,2023-01-27,Friday,Keshav Puram,Delhi,"28.68821879083067, 77.16176322272942",28.68821879083067,77.16176322272942,OR,Hit From Back,2,0,Two Wheeler,Car,Delhi
1690,2023-01-27,Friday,Bhosari,Maharashtra,"18.6330605836499, 73.85000951084575",18.6330605836499,73.85000951084575,NH,Hit From Back,1,0,Two Wheeler,Bus,Pune
1691,2023-01-27,Friday,Veldhurty,Andhra Pradesh,"16.349605899435552, 79.36681140894207",16.349605899435552,79.36681140894207,OR,Hit From Back,2,7,Car,Truck,Nil
1692,2023-01-28,Saturday,Churu,Rajasthan,"28.292671092634745, 74.97303805273314",28.292671092634745,74.97303805273314,NH,Head On Collision ,4,4,Car,Truck,Nil
1693,2023-01-28,Saturday,Topkhana,Assam,"24.84970880051635, 92.77336482450421",24.84970880051635,92.77336482450421,SH,Head On Collision ,1,0,Two Wheeler,Truck,Nil
1694,2023-01-28,Saturday,Guntur,Andhra Pradesh,"16.318534344564483, 80.43663462952853",16.318534344564483,80.43663462952853,OR,Run Off Road,1,0,Car,Nil,Nil
1695,2023-01-29,Sunday,Sendurai,Tamil Nadu,"11.255841919075452, 79.17990040031397",11.255841919075452,79.17990040031397,SH,Run Off Road,1,46,Bus,Nil,Nil
1696,2023-01-29,Sunday,Maksi ,Madhya Pradesh,"23.271512243206217, 76.14829219561999",23.271512243206217,76.14829219561999,NH,Hit From Back,1,3,Car,Truck,Nil
1697,2023-01-30,Monday,Dahanu,Maharashtra,"19.986600329913983, 72.7587092352432",19.986600329913983,72.7587092352432,SH,Head On Collision ,4,0,Car,Lorry,Nil
1698,2023-01-30,Monday,Kathua,Jammu,"32.390068775586386, 75.53047191128731",32.390068775586386,75.53047191128731,NH,Hit and Run,1,10,Pedestrian,Car,Nil
1699,2023-01-31,Tuesday,Charoti,Maharashtra,"19.916979601112732, 72.93744106529331",19.916979601112732,72.93744106529331,NH,Head On Collision ,4,4,Car,Bus,Nil
1700,2023-01-30,Monday,Hayathnagar,Telangana,"17.31837592801529, 78.58667691737277",17.31837592801529,78.58667691737277,OR,Hit and Run,1,0,Bicycle,Two Wheeler,Hyderabad
1701,2023-01-31,Tuesday,TSPA ,Telangana,"17.35115808879119, 78.36359413005538",17.35115808879119,78.36359413005538,NH,Hit From Back,2,4,Car,Truck,Hyderabad
1702,2023-01-30,Monday,Einthkhedi,Madhya Pradesh,"23.364299797079866, 77.39996899071792",23.364299797079866,77.39996899071792,OR,Head On Collision ,1,0,Two Wheeler,Truck,Nil
1703,2023-02-01,Wednesday,Parikshitgarh,Uttar Pradesh,"28.97661472026322, 77.93058345128686",28.97661472026322,77.93058345128686,OR,Hit From Back,2,0,Two Wheeler,Car,Nil
1704,2023-02-01,Wednesday,Itwari Market,Madhya Pradesh,"22.716347189505875, 75.84760957495385",22.716347189505875,75.84760957495385,OR,Others,2,0,Two Wheeler,Truck,Indore
1705,2023-02-02,Thursday,IFFCO Chowk,Haryana,"28.47867818997804, 77.0695835884793",28.47867818997804,77.0695835884793,NH,Hit and Run,1,0,Pedestrian,Bus,Nil
1706,2023-02-03,Friday,CTM ,Gujarat,"22.993487666305615, 72.63200095505154",22.993487666305615,72.63200095505154,OR,Hit and Run,1,0,Pedestrian,Truck,Ahmedabad
1707,2023-02-03,Friday,Unnao,Uttar Pradesh,"26.529857996644417, 80.45974618979199",26.529857996644417,80.45974618979199,NH,Head On Collision ,5,3,Car,Car,Nil
1708,2023-02-03,Friday,Shaikpet Flyover,Telangana,"17.41076469707244, 78.3974270663452",17.41076469707244,78.3974270663452,OR,Head On Collision ,1,0,Two Wheeler,Bus,Hyderabad
1709,2023-02-02,Thursday,Dasna,Uttar Pradesh,"28.683233791295855, 77.51062172515469",28.683233791295855,77.51062172515469,NH,Head On Collision ,1,0,Two Wheeler,Truck,Nil
1710,2023-02-03,Friday,Patuli,West Bengal,"22.471240210835514, 88.38570025156555",22.471240210835514,88.38570025156555,OR,Hit From Back,1,1,Two Wheeler,Truck,Kolkata
1711,2023-02-03,Friday,Dhamari,Maharashtra,"18.794395498624322, 74.09452723812849",18.794395498624322,74.09452723812849,SH,Head On Collision ,3,1,Two Wheeler,Truck,Nil
1712,2023-02-04,Saturday,Dundigal Crossroads,Telangana,"17.59284230210187, 78.40756232574495",17.59284230210187,78.40756232574495,OR,Fixed Object Collision,2,14,Van,Divider,Nil
1713,2023-02-04,Saturday,Basanti Highway,West Bengal,"22.304222116344402, 88.69628919976856",22.304222116344402,88.69628919976856,SH,Vehicle Overturn,1,0,Auto Rickshaw,Nil,Nil
1714,2023-02-04,Saturday,Khijargarh,Punjab,"30.556312440427465, 76.7960771774335",30.556312440427465,76.7960771774335,OR,Hit and Run,2,0,Pedestrian,Car,Nil
1715,2023-02-04,Saturday,Bhilai,Chhattisgarh,"21.20362019302649, 81.33008816487066",21.20362019302649,81.33008816487066,OR,Head On Collision ,1,0,Two Wheeler,Car,Nil
1716,2023-02-05,Sunday,Pendra,Chhattisgarh,"22.77305901605205, 81.9614600576058",22.77305901605205,81.9614600576058,SH,Hit and Run,2,0,Pedestrian,Tractor,Nil
1717,2023-02-05,Sunday,Pachipenta,Andhra Pradesh,"18.48009831625044, 83.11301849317604",18.48009831625044,83.11301849317604,SH,Run Off Road,1,1,Tractor,Nil,Nil
1718,2023-02-04,Saturday,Parwaliya,Madhya Pradesh,"23.023422479484815, 74.5204417894011",23.023422479484815,74.5204417894011,SH,Head On Collision ,1,0,Two Wheeler,Car,Nil
1719,2023-02-05,Sunday,Kolar,Karnataka,"13.134075950653155, 78.12809290678786",13.134075950653155,78.12809290678786,SH,Run Off Road,1,2,Two Wheeler,Nil,Nil
1720,2023-02-05,Sunday,Kilimanoor,Kerala,"8.76982405603802, 76.87950199365297",8.76982405603802,76.87950199365297,SH,Head On Collision ,2,4,Car,Bus,Nil
1721,2023-02-06,Monday,Nashik Road ,Maharashtra,"19.97290894947795, 73.82294511554244",19.97290894947795,73.82294511554244,OR,Head On Collision ,1,0,Two Wheeler,Car,Nashik
1722,2023-02-06,Monday,Mumbai-Agra Road Adgaon,Maharashtra,"20.03575836111977, 73.86327345872316",20.03575836111977,73.86327345872316,NH,Hit and Run,1,0,Pedestrian,Car,Nashik
1723,2023-02-05,Sunday,Lakhalgaon,Maharashtra,"19.999959987251188, 73.92352063082193",19.999959987251188,73.92352063082193,SH,Head On Collision ,1,0,Two Wheeler,Two Wheeler,Nil
1724,2023-02-06,Monday,Banduru,Odisha,"19.75830025817645, 83.74343829880976",19.75830025817645,83.74343829880976,OR,Head On Collision ,1,0,Two Wheeler,Auto Rickshaw,Nil
1725,2023-02-06,Monday,Pusapatirega,Andhra Pradesh,"18.08966829915761, 83.55288411268916",18.08966829915761,83.55288411268916,NH,Others,2,0,Two Wheeler,Two Wheeler,Nil
1726,2023-02-07,Tuesday,Suraiya nagar,Madhya Pradesh,"23.101479073614854, 77.46860029561503",23.101479073614854,77.46860029561503,OR,Head On Collision ,2,3,Auto Rickshaw,Tractor,Nil
1727,2023-02-06,Monday,Manjari,Maharashtra,"18.49631458013335, 73.97112235587963",18.49631458013335,73.97112235587963,NH,Hit and Run,2,0,Pedestrian,Truck,Nil
1728,2023-02-07,Tuesday,Shikohabad,Uttar Pradesh,"27.1114680971091, 78.57630170633787",27.1114680971091,78.57630170633787,NH,Others,1,1,Car,Truck,Nil
1729,2023-02-07,Tuesday,Mahuadabra,Uttarakhand,"29.2802784958117, 78.79117307025125",29.2802784958117,78.79117307025125,OR,Head On Collision ,2,0,Two Wheeler,Two Wheeler,Nil
1730,2023-02-08,Wednesday,Kota,Rajasthan,"25.18952492193559, 75.85934569952862",25.18952492193559,75.85934569952862,SH,Head On Collision ,1,3,Two Wheeler,Car,Kota
1731,2023-02-08,Wednesday,Kanker,Chhattisgarh,"20.26728195273725, 81.49265332710237",20.26728195273725,81.49265332710237,SH,Head On Collision ,7,2,Auto Rickshaw,Truck,Nil
1732,2023-02-08,Wednesday,Aunrihar Saidpur,Uttar Pradesh,"25.543208936891695, 83.18793058034369",25.543208936891695,83.18793058034369,OR,Others,2,1,Car,Bus,Nil
1733,2023-02-09,Thursday,MVP Colony,Andhra Pradesh,"17.741056612988817, 83.3354541946666",17.741056612988817,83.3354541946666,SH,Hit From Back,3,0,Two Wheeler,Car,Vizag
1734,2023-02-09,Thursday,Askpalle,Andhra Pradesh,"17.728932279107074, 83.24838601458542",17.728932279107074,83.24838601458542,OR,Head On Collision ,2,0,Car,Car,Vizag
1735,2023-02-09,Thursday,Police Station Jawan,Uttar Pradesh,"28.025298803197632, 78.11343158507096",28.025298803197632,78.11343158507096,OR,Hit and Run,1,5,Pedestrian,Car,Nil
1736,2023-02-09,Thursday,Kulharia Toll Plaza,Bihar,"25.58017738443135, 84.76855965655673",25.58017738443135,84.76855965655673,NH,Head On Collision ,3,3,Auto Rickshaw,Lorry,Nil
1737,2023-02-10,Friday,Batraha,Bihar,"26.350985139019823, 87.38147903838905",26.350985139019823,87.38147903838905,OR,Head On Collision ,4,2,Two Wheeler,Car,Nil
1738,2023-02-10,Friday,Murthal,Haryana,"29.02950768655139, 77.0726051144711",29.02950768655139,77.0726051144711,NH,Fixed Object Collision,1,4,Car,Divider,Nil
1739,2023-02-11,Saturday,Chikkanayakanahalli,Karnataka,"13.41268426570095, 76.62146320014271",13.41268426570095,76.62146320014271,NH,With Parked Vehicle,2,1,Car,Truck,Nil
1740,2023-02-10,Friday,Bhirmarlai,Rajasthan,"25.886353793330183, 71.88867735043006",25.886353793330183,71.88867735043006,OR,Head On Collision ,2,6,Car,Car,Nil
1741,2023-02-11,Saturday,Lalaurikhera,Uttar Pradesh,"28.613569318840522, 79.75231519143145",28.613569318840522,79.75231519143145,OR,Hit From Back,1,0,Two Wheeler,Car,Nil
1742,2023-02-12,Sunday,Gandhi Nagar Avadi,Tamil Nadu,"13.118641458884113, 80.08883142280301",13.118641458884113,80.08883142280301,NH,Hit From Back,4,1,Car,Bus,Chennai
1743,2023-02-12,Sunday,Sahajpur,Uttar Pradesh,"28.138122001416985, 77.60696573144877",28.138122001416985,77.60696573144877,OR,Hit From Back,2,0,Two Wheeler,Truck,Nil
1744,2023-02-12,Sunday,Tara Nagar,Rajasthan,"28.66918084859994, 75.04007199579694",28.66918084859994,75.04007199579694,OR,Hit From Back,2,0,Two Wheeler,Car,Nil
1745,2023-02-13,Monday,Katihar,Bihar,"25.54850499137775, 87.56351374547623",25.54850499137775,87.56351374547623,NH,Head On Collision ,3,0,Car,Truck,Nil
1746,2023-02-13,Monday,Burari Flyover,Delhi,"28.728406334622676, 77.1983702957991",28.728406334622676,77.1983702957991,OR,Fixed Object Collision,1,2,Two Wheeler,Divider,Delhi
1747,2023-02-13,Monday,Burari ,Delhi,"28.7584378219427, 77.1901114138027",28.7584378219427,77.1901114138027,OR,Run Off Road,1,1,Two Wheeler,Nil,Delhi
1748,2023-02-13,Monday,Bhalswa Flyover,Delhi,"28.737049178898317, 77.1687362900571",28.737049178898317,77.1687362900571,OR,Run Off Road,1,3,Auto Rickshaw,Nil,Delhi
1749,2023-02-14,Tuesday,Frasergunj,West Bengal,"21.58399000369459, 88.26299668208235",21.58399000369459,88.26299668208235,NH,Run Off Road,1,2,Two Wheeler,Nil,Nil
1750,2023-02-13,Monday,Shiroli,Maharashtra,"16.747931785167136, 74.28055577538667",16.747931785167136,74.28055577538667,NH,Hit and Run,5,0,Pedestrian,SUV,Nil
1751,2023-02-13,Monday,Charoti,Maharashtra,"19.913677412915188, 72.93856526126405",19.913677412915188,72.93856526126405,NH,Head On Collision ,3,0,Two Wheeler,Truck,Nil
1752,2023-02-14,Tuesday,Shankarpalle,Telangana,"17.45466631734385, 78.13356882175847",17.45466631734385,78.13356882175847,NH,Hit From Back,1,1,Two Wheeler,Truck,Hyderabad
1753,2023-02-14,Tuesday,R Block,Bihar,"25.60013783649366, 85.12578543239339",25.60013783649366,85.12578543239339,NH,Fixed Object Collision,1,1,Two Wheeler,Divider,Patna
1754,2023-02-15,Wednesday,Paprenda,Uttar Pradesh,"25.62471702732815, 80.40424412139579",25.62471702732815,80.40424412139579,NH,Head On Collision ,4,6,Car,Car,Nil
1755,2023-02-15,Wednesday,Yeola,Maharashtra,"20.04103679373564, 74.48479123416908",20.04103679373564,74.48479123416908,SH,Others,1,5,Car,Truck,Nil
1756,2023-02-16,Thursday,Jasanpur,Uttar Pradesh,"28.662225232292823, 79.37041003555649",28.662225232292823,79.37041003555649,OR,Head On Collision ,2,1,Two Wheeler,Truck,Nil
1757,2023-02-16,Thursday,Chitrakoot,Madhya Pradesh,"25.183601540650407, 80.86848391398587",25.183601540650407,80.86848391398587,SH,Hit From Back,5,6,Car,Car,Nil
1758,2023-02-16,Thursday,Veleru,Andhra Pradesh,"16.653144705285644, 80.94164296662107",16.653144705285644,80.94164296662107,OR,Run Off Road,2,0,Car,Nil,Nil
1759,2023-02-17,Friday,Gaurav Path,Gujarat,"21.197535772618984, 72.77030615651559",21.197535772618984,72.77030615651559,OR,Hit and Run,1,0,Pedestrian,Bus,Surat
1760,2023-02-17,Friday,Adajan,Gujarat,"21.196597061210024, 72.79678750866093",21.196597061210024,72.79678750866093,OR,Hit and Run,1,0,Pedestrian,Car,Surat
1761,2023-02-17,Friday,Reasi,Jammu,"33.08017567354572, 74.83694548247958",33.08017567354572,74.83694548247958,OR,Run Off Road,3,19,Bus,Nil,Nil
1762,2023-02-17,Friday,Kolhapur,Maharashtra,"16.702486802598482, 74.23166689391631",16.702486802598482,74.23166689391631,SH,Hit and Run,1,0,Two Wheeler,Unidentified,Nil
1763,2023-02-18,Saturday,Ambala Cantt,Haryana,"30.349064447501075, 76.83356436702338",30.349064447501075,76.83356436702338,OR,With Parked Vehicle,1,1,Car,Truck,Nil
1764,2023-02-18,Saturday,Ratibad,Madhya Pradesh,"23.16778544314543, 77.32696935004472",23.16778544314543,77.32696935004472,OR,Hit and Run,1,0,Pedestrian,Two Wheeler,Nil
1765,2023-02-18,Saturday,Tirupur,Tamil Nadu,"11.111194192253993, 77.3490824237286",11.111194192253993,77.3490824237286,OR,Others,2,0,Pedestrian,Bus,Nil
1766,2023-02-19,Sunday,Adgaon,Maharashtra,"20.036813704707924, 73.86492458204242",20.036813704707924,73.86492458204242,NH,Hit and Run,1,0,Pedestrian,Tractor,Nashik
1767,2023-02-19,Sunday,Gangapur Road,Maharashtra,"20.0238584345291, 73.72272169879399",20.0238584345291,73.72272169879399,OR,Fixed Object Collision,1,0,Two Wheeler,Tree,Nashik
1768,2023-02-19,Sunday,Karattampatti,Tamil Nadu,"11.06295945768091, 78.60036588162819",11.06295945768091,78.60036588162819,OR,Head On Collision ,2,6,Car,Car,Nil
1769,2023-02-20,Monday,Gejjalagere,Karnataka,"12.56873552909432, 76.99957709538816",12.56873552909432,76.99957709538816,NH,Hit From Back,2,3,Car,Truck,Nil
1770,2023-02-21,Tuesday,Kharar,Punjab,"30.75141030221946, 76.63601616448382",30.75141030221946,76.63601616448382,NH,Others,5,0,Car,Car,Nil
1771,2023-02-21,Tuesday,Komarada,Andhra Pradesh,"18.898332862512962, 83.4606423789674",18.898332862512962,83.4606423789674,SH,Hit From Back,5,6,Auto Rickshaw,Car,Nil
1772,2023-02-21,Tuesday,Anakapalle,Andhra Pradesh,"17.69075654219841, 82.99665423162367",17.69075654219841,82.99665423162367,SH,Head On Collision ,1,0,Two Wheeler,Bus,Nil
1773,2023-02-22,Wednesday,Ruheri,Uttar Pradesh,"27.635666524505297, 78.06391030227562",27.635666524505297,78.06391030227562,OR,Head On Collision ,4,12,Tractor,Truck,Nil
1774,2023-02-22,Wednesday,Nagla Bihari Village,Uttar Pradesh,"27.45255388500162, 78.1411516063499",27.45255388500162,78.1411516063499,OR,Head On Collision ,2,12,Truck,Bus,Nil
1775,2023-02-22,Wednesday,Sikandra Rao,Uttar Pradesh,"27.68302557586188, 78.38330210747289",27.68302557586188,78.38330210747289,NH,Run Off Road,1,21,Bus,Nil,Nil
1776,2023-02-22,Wednesday,Erahalli,Tamil Nadu,"12.400595787495737, 78.21790335543135",12.400595787495737,78.21790335543135,NH,Head On Collision ,5,0,Tractor,Car,Nil
1777,2023-02-22,Wednesday,Mehdipatnam,Telangana,"17.393421354353578, 78.43307259943855",17.393421354353578,78.43307259943855,OR,Head On Collision ,1,0,Two Wheeler,Bus,Hyderabad
1778,2023-02-22,Wednesday,Aritha ,Gujarat,"23.655354224043315, 71.95050359563133",23.655354224043315,71.95050359563133,OR,Head On Collision ,6,36,Car,Lorry,Nil
1779,2023-02-23,Thursday,Puzhal,Tamil Nadu,"13.163129541101052, 80.20278569515968",13.163129541101052,80.20278569515968,NH,With Parked Vehicle,1,1,Two Wheeler,Truck,Chennai
1780,2023-02-23,Thursday,Pilibhit,Uttar Pradesh,"28.630697064120476, 79.80091977497594",28.630697064120476,79.80091977497594,OR,Hit and Run,5,0,Pedestrian,Car,Nil
1781,2023-02-24,Friday,Neulpur,Odisha,"20.713805695837255, 86.1458883888021",20.713805695837255,86.1458883888021,OR,With Parked Vehicle,7,0,Car,Truck,Nil
1782,2023-02-24,Friday,Badaun,Uttar Pradesh,"28.035118796368014, 79.12208580926463",28.035118796368014,79.12208580926463,NH,Run Off Road,1,12,Tractor,Nil,Nil
1783,2023-02-23,Thursday,Gangavalli,Tamil Nadu,"11.496156545955508, 78.65090563505865",11.496156545955508,78.65090563505865,OR,Others,2,0,Two Wheeler,Truck,Nil
1784,2023-02-24,Friday,Narayanwadi,Gujarat,"22.27395043789818, 73.15556502016597",22.27395043789818,73.15556502016597,OR,Head On Collision ,5,0,Auto Rickshaw,Car,Vadodara
1785,2023-02-24,Friday,Dharmavaram,Andhra Pradesh,"14.410595240898246, 77.71677105329138",14.410595240898246,77.71677105329138,SH,Head On Collision ,2,12,Car,Bus,Nil
1786,2023-02-24,Friday,Pattanampudur,Tamil Nadu,"10.984226473584144, 77.06208937861989",10.984226473584144,77.06208937861989,OR,Hit and Run,1,0,Pedestrian,Car,Nil
1787,2023-02-25,Saturday,Chutuplau,Jharkhand,"23.564966521009897, 85.51827995523895",23.564966521009897,85.51827995523895,OR,Hit From Back,4,0,Two Wheeler,Truck,Nil
1788,2023-02-26,Sunday,Cariappa Vihar,Delhi,"28.60463551318197, 77.13928890774781",28.60463551318197,77.13928890774781,OR,Hit and Run,1,0,Pedestrian,Car,Delhi
1789,2023-02-26,Sunday,Nedunuru,Andhra Pradesh,"16.642348784132633, 81.99064479545731",16.642348784132633,81.99064479545731,OR,With Parked Vehicle,2,1,Two Wheeler,Car,Nil
1790,2023-02-26,Sunday,Guindy,Tamil Nadu,"13.00309921125404, 80.22407085306739",13.00309921125404,80.22407085306739,OR,Fixed Object Collision,1,3,Car,Divider,Chennai
1791,2023-02-26,Sunday,Yikhum,Nagaland,"26.14836788390282, 94.25190209751244",26.14836788390282,94.25190209751244,SH,Run Off Road,3,0,Car,Nil,Nil
1792,2023-02-27,Monday,Mathura,Uttar Pradesh,"27.48540830302259, 77.68420701981113",27.48540830302259,77.68420701981113,SH,Hit and Run,2,1,Two Wheeler,Unidentified,Nil
1793,2023-02-27,Monday,Antroli,Gujarat,"21.323118202859387, 72.94009101091191",21.323118202859387,72.94009101091191,SH,Hit and Run,4,1,Pedestrian,Truck,Nil
1794,2023-02-27,Monday,Manekpor,Gujarat,"21.099785932985778, 73.23359911090596",21.099785932985778,73.23359911090596,NH,Run Off Road,2,0,Two Wheeler,Nil,Nil
1795,2023-02-27,Monday,Dewas,Madhya Pradesh,"22.963719755005297, 76.04103684495739",22.963719755005297,76.04103684495739,OR,Hit and Run,2,0,Pedestrian,Unidentified,Nil
1796,2023-02-27,Monday,Ujjain,Madhya Pradesh,"23.172463206948912, 75.7938766040389",23.172463206948912,75.7938766040389,SH,Others,2,1,Two Wheeler,Car,Nil
1797,2023-02-28,Tuesday,Barmer,Rajasthan,"25.75952281088887, 71.40905025522528",25.75952281088887,71.40905025522528,OR,Head On Collision ,1,1,Tractor,Truck,Nil
1798,2023-02-28,Tuesday,Raidurgam,Telangana,"17.41953190160989, 78.38682215493436",17.41953190160989,78.38682215493436,OR,Hit and Run,1,0,Pedestrian,Unidentified,Hyderabad
1799,2023-03-01,Wednesday,Achru Ladhora,Uttar Pradesh,"27.532641662667373, 77.76155895227633",27.532641662667373,77.76155895227633,NH,Hit and Run,2,1,Two Wheeler,Unidentified,Nil
1800,2023-03-01,Wednesday,Mirahchi,Uttar Pradesh,"27.729416775232174, 78.62487273433857",27.729416775232174,78.62487273433857,OR,Head On Collision ,2,2,Two Wheeler,Two Wheeler,Nil
1801,2023-02-28,Tuesday,Narpoli,Maharashtra,"19.28721340063112, 73.05359494857555",19.28721340063112,73.05359494857555,NH,Hit and Run,2,0,Two Wheeler,Truck,Nil
1802,2023-03-01,Wednesday,Venakannapalem,Andhra Pradesh,"17.826418638423103, 82.94036062503535",17.826418638423103,82.94036062503535,OR,Hit From Back,1,0,Two Wheeler,Bus,Nil
1803,2023-03-02,Thursday,Mangar,Haryana,"28.38030673644645, 77.17123485709538",28.38030673644645,77.17123485709538,OR,Hit and Run,6,0,Car,Truck,Nil
1804,2023-03-03,Friday,Madurantkam,Tamil Nadu,"12.506301421564855, 79.87983197057235",12.506301421564855,79.87983197057235,NH,Head On Collision ,2,1,Car,Truck,Nil
1805,2023-03-03,Friday,Maraimalai Nagar,Tamil Nadu,"12.781820796354866, 80.01247029114411",12.781820796354866,80.01247029114411,NH,Hit From Side,2,0,Two Wheeler,Truck,Nil
1806,2023-03-02,Thursday,Rajendra Nagar,Uttar Pradesh,"28.677641124586483, 77.35772429579728",28.677641124586483,77.35772429579728,SH,Hit and Run,1,0,Pedestrian,Car,Gaziabad
1807,2023-03-03,Friday,Ramakrishnapuram,Delhi,"28.564461548874235, 77.17831944243868",28.564461548874235,77.17831944243868,OR,Head On Collision ,2,0,Car,Lorry,Delhi
1808,2023-03-03,Friday,Navlakha,Madhya Pradesh,"22.700909866754937, 75.87590461094962",22.700909866754937,75.87590461094962,OR,Hit and Run,2,0,Pedestrian,Unidentified,Indore
1809,2023-03-04,Saturday,Chandan,Rajasthan,"26.99153819715475, 71.3139033954726",26.99153819715475,71.3139033954726,NH,Hit and Run,1,0,Two Wheeler,Unidentified,Nil
1810,2023-03-04,Saturday,Hamira,Rajasthan,"26.998228935128232, 71.07666298871925",26.998228935128232,71.07666298871925,OR,Run Off Road,2,1,Two Wheeler,Nil,Nil
1811,2023-03-04,Saturday,Utta ki Dhani,Rajasthan,"26.355271408673943, 72.2303974110623",26.355271408673943,72.2303974110623,OR,Hit From Back,1,0,Pedestrian,Car,Nil
1812,2023-03-04,Saturday,Champawat,Uttarakhand,"29.332320457431514, 80.09371356279989",29.332320457431514,80.09371356279989,OR,Run Off Road,3,0,Car,Gorge,Nil
1813,2023-03-05,Sunday,Jaspur,Uttarakhand,"29.278219403602304, 78.83104556181792",29.278219403602304,78.83104556181792,NH,Head On Collision ,1,3,Two Wheeler,Tractor,Nil
1814,2023-03-05,Sunday,Bherughat,Madhya Pradesh,"22.48316324791414, 75.94264156585476",22.48316324791414,75.94264156585476,OR,Run Off Road,2,37,Bus,River,Nil
1815,2023-03-05,Sunday,Subhash Nagar,Delhi,"28.63700909089924, 77.11576511867642",28.63700909089924,77.11576511867642,OR,Head On Collision ,1,1,Two Wheeler,Two Wheeler,Delhi
1816,2023-03-06,Monday,Rohilla Sarai,Delhi,"28.660650057276982, 77.18358612967157",28.660650057276982,77.18358612967157,OR,Fixed Object Collision,1,2,Two Wheeler,Tree,Delhi
1817,2023-03-06,Monday,Lambakheda,Madhya Pradesh,"23.326833798525776, 77.4039347191681",23.326833798525776,77.4039347191681,OR,Others,1,2,Two Wheeler,Two Wheeler,Nil
1818,2023-03-06,Monday,Dharampur,Himachal Pradesh,"30.899531332832087, 77.02292180786368",30.899531332832087,77.02292180786368,NH,Hit and Run,5,4,Pedestrian,Car,Nil
1819,2023-03-06,Monday,Tikamgarh,Madhya Pradesh,"24.752130921540008, 78.83266744348137",24.752130921540008,78.83266744348137,NH,Run Off Road,5,8,Car,Nil,Nil
1820,2023-03-05,Sunday,Nalgonda,Telangana,"17.05400888550831, 79.26573834777881",17.05400888550831,79.26573834777881,SH,Hit From Back,2,1,Two Wheeler,Lorry,Nil
1821,2023-03-07,Tuesday,Howrah,West Bengal,"22.585825289725033, 88.28579398062789",22.585825289725033,88.28579398062789,OR,Others,8,3,Two Wheeler,Two Wheeler,Kolkata
1822,2023-03-07,Tuesday,Sirmaur,Himachal Pradesh,"30.50914220674196, 77.36354745539467",30.50914220674196,77.36354745539467,NH,Run Off Road,3,0,Car,Nil,Nil
1823,2023-03-08,Wednesday,Igatpuri,Maharashtra,"19.693824475310084, 73.57101734000653",19.693824475310084,73.57101734000653,OR,Others,4,0,Car,Truck,Nil
1824,2023-03-08,Wednesday,Kattankulathur,Tamil Nadu,"12.816215625950617, 80.03410672422817",12.816215625950617,80.03410672422817,NH,Hit and Run,1,1,Pedestrian,Two Wheeler,Nil
1825,2023-03-08,Wednesday,Hinjewadi,Maharashtra,"18.604791909996045, 73.72808986772682",18.604791909996045,73.72808986772682,OR,Hit From Back,1,0,Two Wheeler,Car,Nil
1826,2023-03-09,Thursday,Sachendi,Uttar Pradesh,"26.425431684961872, 80.17028082269964",26.425431684961872,80.17028082269964,OR,Head On Collision ,3,0,Auto Rickshaw,Truck,Nil
1827,2023-03-09,Thursday,Akbarpur,Uttar Pradesh,"26.38091193084999, 79.95236990920769",26.38091193084999,79.95236990920769,OR,Head On Collision ,1,0,Two Wheeler,Car,Nil
1828,2023-03-09,Thursday,Hamirpur,Uttar Pradesh,"25.952207042130503, 80.15526426751072",25.952207042130503,80.15526426751072,SH,Fixed Object Collision,1,0,Car,Tree,Nil
1829,2023-03-09,Thursday,Sadh Police Station,Delhi,"28.604153068440787, 77.09427306134901",28.604153068440787,77.09427306134901,OR,Head On Collision ,3,0,Two Wheeler,Two Wheeler,Delhi
1830,2023-03-09,Thursday,Geddapalem,Andhra Pradesh,"17.445483054137515, 82.77254637827217",17.445483054137515,82.77254637827217,OR,Hit and Run,1,0,Pedestrian,Unidentified,Nil
1831,2023-03-10,Friday,Banthara,Uttar Pradesh,"27.923955876067, 79.8228828129718",27.923955876067,79.8228828129718,OR,Hit and Run,3,0,Pedestrian,Car,Nil
1832,2023-03-10,Friday,Sirhind Canal,Punjab,"30.693672192458152, 76.37940392910018",30.693672192458152,76.37940392910018,OR,Head On Collision ,1,0,Car,Truck,Nil
1833,2023-03-10,Friday,Markatola,Chhattisgarh,"20.435864688498064, 81.30538272460667",20.435864688498064,81.30538272460667,OR,Head On Collision ,5,1,Car,Truck,Nil
1834,2023-03-10,Friday,Mahasamund,Chhattisgarh,"21.112165780566855, 82.09571512439688",21.112165780566855,82.09571512439688,NH,Hit From Back,2,0,Two Wheeler,Car,Nil
1835,2023-03-09,Thursday,Sakti,Chhattisgarh,"22.02191283383127, 82.96121996674816",22.02191283383127,82.96121996674816,OR,Others,6,0,Two Wheeler,Two Wheeler,Nil
1836,2023-03-10,Friday,Katghora,Chhattisgarh,"22.504628255909914, 82.54522766676159",22.504628255909914,82.54522766676159,NH,Head On Collision ,3,0,Two Wheeler,Truck,Nil
1837,2023-03-10,Friday,Bilaspur,Chhattisgarh,"22.079494679854644, 82.14030363605772",22.079494679854644,82.14030363605772,NH,Run Off Road,1,0,Two Wheeler,Nil,Nil
1838,2023-03-09,Thursday,Sukhi Sewaniya,Madhya Pradesh,"23.352465678952587, 77.48584369376677",23.352465678952587,77.48584369376677,SH,Hit and Run,1,0,Pedestrian,Truck,Nil
1839,2023-03-10,Friday,Raghukul chowk,Maharashtra,"21.128438672968088, 79.11308059556073",21.128438672968088,79.11308059556073,SH,Hit and Run,1,0,Pedestrian,Car,Nagpur
1840,2023-03-10,Friday,Surat,Gujarat,"21.200707372400473, 72.83117220905311",21.200707372400473,72.83117220905311,OR,Run Off Road,1,0,Auto Rickshaw,Nil,Surat
1841,2023-03-11,Saturday,Ganeshpuri,Goa,"15.61260525203423, 73.80771640892812",15.61260525203423,73.80771640892812,OR,Others,1,0,Two Wheeler,Car,Nil
1842,2023-03-11,Saturday,Kanadiya,Madhya Pradesh,"22.73575567938444, 75.96764645327764",22.73575567938444,75.96764645327764,OR,Hit and Run,1,1,Pedestrian,Car,Nil
1843,2023-03-11,Saturday,Boisar,Maharashtra,"19.7971398237136, 72.74161276483503",19.7971398237136,72.74161276483503,OR,Fixed Object Collision,1,1,Car,Tree,Nil
1844,2023-03-12,Sunday,Avadi,Tamil Nadu,"13.107473226228473, 80.08750075010681",13.107473226228473,80.08750075010681,OR,Hit and Run,1,0,Pedestrian,Bus,Chennai
1845,2023-03-12,Sunday,Dharmapuri,Tamil Nadu,"12.120875589019194, 78.15242689411538",12.120875589019194,78.15242689411538,OR,Run Off Road,3,0,Car,Nil,Nil
1846,2023-03-12,Sunday,Lalgudi,Tamil Nadu,"10.876011564202729, 78.81814953769333",10.876011564202729,78.81814953769333,OR,Hit From Back,2,0,Two Wheeler,Truck,Nil
1847,2023-03-11,Saturday,Jamui,Bihar,"24.921858626918695, 86.22392053428582",24.921858626918695,86.22392053428582,NH,Head On Collision ,2,11,Auto Rickshaw,Truck,Nil
1848,2023-03-12,Sunday,Pallavaram,Tamil Nadu,"12.971856332312628, 80.15111063772092",12.971856332312628,80.15111063772092,SH,Head On Collision ,1,0,Two Wheeler,Lorry,Chennai
1849,2023-03-11,Saturday,Sultanpuri,Uttar Pradesh,"26.248046876868372, 82.04854952826037",26.248046876868372,82.04854952826037,NH,Head On Collision ,5,0,Car,Truck,Nil
1850,2023-03-12,Sunday,Nasirpur,Uttar Pradesh,"26.99101233570847, 78.57987472457431",26.99101233570847,78.57987472457431,OR,With Parked Vehicle,5,9,Car,Car,Nil
1851,2023-03-13,Monday,Kahalgaon,Bihar,"25.25847168998199, 87.2576984821901",25.25847168998199,87.2576984821901,OR,Head On Collision ,2,0,Two Wheeler,Truck,Nil
1852,2023-03-13,Monday,Indalwai,Telangana,"18.541330822820626, 78.22511289364212",18.541330822820626,78.22511289364212,OR,Head On Collision ,4,0,Car,Truck,Nil
1853,2023-03-14,Tuesday,Sunam,Punjab,"30.133160901191047, 75.79733969585159",30.133160901191047,75.79733969585159,SH,Head On Collision ,4,4,Car,Car,Nil
1854,2023-03-12,Sunday,Raghvendra Colony,Telangana,"17.47033808434841, 78.3592432979106",17.47033808434841,78.3592432979106,OR,Hit and Run,1,0,Pedestrian,Car,Hyderabad
1855,2023-03-14,Tuesday,Silk Board Junction,Karnataka,"12.916613216838668, 77.6231252030437",12.916613216838668,77.6231252030437,OR,Head On Collision ,2,0,Pedestrian,Car,Bengaluru
1856,2023-03-15,Wednesday,Maddur,Karnataka,"12.953625059403288, 77.54537348982699",12.953625059403288,77.54537348982699,OR,Hit From Back,1,0,Two Wheeler,Truck,Bengaluru
1857,2023-03-15,Wednesday,Bhumikanagar,Goa,"15.413179533185945, 74.08072808719616",15.413179533185945,74.08072808719616,NH,Run Off Road,1,3,Car,Nil,Nil
1858,2023-03-14,Tuesday,Awadhpuri,Madhya Pradesh,"23.219949356408538, 77.48939633256278",23.219949356408538,77.48939633256278,OR,Fixed Object Collision,1,0,Two Wheeler,Pole,Bhopal
1859,2023-03-14,Tuesday,Lawada Toll ,Madhya Pradesh,"21.859620821365688, 80.10667517124682",21.859620821365688,80.10667517124682,NH,Hit From Back,2,0,Two Wheeler,Truck,Nil
1860,2023-03-16,Thursday,Sector A Govindpura,Madhya Pradesh,"23.24752587627288, 77.4390617035431",23.24752587627288,77.4390617035431,OR,Run Off Road,1,0,Two Wheeler,Nil,Bhopal
1861,2023-03-16,Thursday,Tonca,Goa,"15.476902912090955, 73.8101421980208",15.476902912090955,73.8101421980208,OR,With Parked Vehicle,1,0,Car,Car,Nil
1862,2023-03-17,Friday,Mangaluru,Karnataka,"12.92509655490791, 74.86017670756665",12.92509655490791,74.86017670756665,SH,Hit From Back,2,0,Two Wheeler,Truck,Nil
1863,2023-03-17,Friday,Pulwama,Jammu,"33.87227068902071, 74.8981725551864",33.87227068902071,74.8981725551864,OR,Run Off Road,4,28,Bus,Nil,Nil
1864,2023-03-17,Friday,Holy Trinity Church,Goa,"15.557999613609708, 73.77615756660006",15.557999613609708,73.77615756660006,OR,Hit From Back,1,1,Two Wheeler,Car,Nil
1865,2023-03-18,Saturday,Thiruvasi,Tamil Nadu,"10.890277518040069, 78.66502228187609",10.890277518040069,78.66502228187609,OR,Others,6,3,Car,Truck,Nil
1866,2023-03-17,Friday,Uppal,Telangana,"17.40143950321319, 78.56118302395446",17.40143950321319,78.56118302395446,NH,Hit and Run,1,0,Pedestrian,Truck,Hyderabad
1867,2023-03-18,Saturday,Palakonda,Andhra Pradesh,"18.598929531576108, 83.75998195480416",18.598929531576108,83.75998195480416,SH,Hit From Back,1,0,Two Wheeler,Tractor,Nil
1868,2023-03-19,Sunday,Pauri Gharwal,Uttarakhand,"29.921224052858303, 78.7494101037674",29.921224052858303,78.7494101037674,OR,Run Off Road,3,0,Car,Nil,Nil
1869,2023-03-20,Monday,Puzhal,Tamil Nadu,"13.163475782988757, 80.20261466026616",13.163475782988757,80.20261466026616,NH,Hit and Run,1,0,Pedestrian,Unidentified,Chennai
1870,2023-03-20,Monday,Malkapur,Maharashtra,"20.88764173542081, 76.20258696969705",20.88764173542081,76.20258696969705,NH,Hit and Run,1,0,Pedestrian,Bus,Nil
1871,2023-03-21,Tuesday,Bagnan,West Bengal,"22.46929481714896, 87.97077795802866",22.46929481714896,87.97077795802866,NH,Head On Collision ,3,9,Car,Bus,Nil
1872,2023-03-21,Tuesday,Pannamgadu,Andhra Pradesh,"13.498775573490473, 80.09824666138948",13.498775573490473,80.09824666138948,NH,Fixed Object Collision,2,0,Two Wheeler,Divider,Nil
1873,2023-03-21,Tuesday,Bisauli,Uttar Pradesh,"28.30216715369752, 78.93737890927409",28.30216715369752,78.93737890927409,OR,With Parked Vehicle,3,0,Car,Tractor,Nil
1874,2023-03-22,Wednesday,Pavagarh,Gujarat,"22.47752553098864, 73.54509718025132",22.47752553098864,73.54509718025132,SH,With Parked Vehicle,2,0,Car,Truck,Nil
1875,2023-03-22,Wednesday,Kamarajar Salai,Tamil Nadu,"9.915775206893661, 78.13533240594049",9.915775206893661,78.13533240594049,OR,Hit From Back,2,0,Two Wheeler,Bus,Madurai
1876,2023-03-23,Thursday,Kovvuru,Andhra Pradesh,"16.938739804274626, 82.1956095827933",16.938739804274626,82.1956095827933,OR,With Parked Vehicle,2,0,Lorry,Lorry,Nil
1877,2023-03-23,Thursday,Rau Circle,Madhya Pradesh,"22.628736104053228, 75.80688630526035",22.628736104053228,75.80688630526035,NH,Head On Collision ,2,2,Two Wheeler,Truck,Indore
1878,2023-03-22,Wednesday,LCT Ghat,Bihar,"25.63084949673489, 85.11847639990069",25.63084949673489,85.11847639990069,OR,Hit From Back,1,0,Two Wheeler,Car,Patna
1879,2023-03-23,Thursday,Kattankulathur,Tamil Nadu,"12.817659303042586, 80.03492212422816",12.817659303042586,80.03492212422816,NH,Hit From Back,1,4,Car,Truck,Nil
1880,2023-03-24,Friday,Khai Pheme ki,Punjab,"30.90792911127208, 74.54982229588168",30.90792911127208,74.54982229588168,SH,Head On Collision ,4,10,Car,Bus,Nil
1881,2023-03-24,Friday,Betma,Madhya Pradesh,"22.6810038446497, 75.61568141314599",22.6810038446497,75.61568141314599,NH,Hit From Side,1,1,Two Wheeler,Car,Nil
1882,2023-03-24,Friday,Purangiri,Uttarakhand,"29.207729359434605, 80.05255621784814",29.207729359434605,80.05255621784814,OR,Head On Collision ,1,0,Pedestrian,Tractor,Nil
1883,2023-03-25,Saturday,Pali,Rajasthan,"25.774432346096834, 73.32995743987973",25.774432346096834,73.32995743987973,SH,Hit From Back,3,0,Car,Truck,Nil
1884,2023-03-25,Saturday,Pali,Rajasthan,"25.8045257901479, 73.32847181963568",25.8045257901479,73.32847181963568,SH,Hit From Back,1,1,Two Wheeler,Car,Nil
1885,2023-03-24,Friday,Dumkar,Assam,"24.974435754815755, 92.57073628403671",24.974435754815755,92.57073628403671,OR,Head On Collision ,1,0,Two Wheeler,Car,Nil
1886,2023-03-24,Friday,Dahod,Gujarat,"22.837367790515938, 74.25489130462206",22.837367790515938,74.25489130462206,SH,Hit and Run,1,1,Pedestrian,Bus,Nil
1887,2023-03-25,Saturday,Amrutnagar,Maharashtra,"19.100681721692794, 72.91464020775827",19.100681721692794,72.91464020775827,OR,Others,1,0,Two Wheeler,Truck,Mumbai
1888,2023-03-25,Saturday,Kagal,Maharashtra,"16.590846468990318, 74.31345338011027",16.590846468990318,74.31345338011027,OR,With Parked Vehicle,1,0,Two Wheeler,Tractor,Nil
1889,2023-03-25,Saturday,Ichalkaranji,Maharashtra,"16.714498269856126, 74.46349589529295",16.714498269856126,74.46349589529295,OR,Hit and Run,1,0,Pedestrian,Tractor,Nil
1890,2023-03-26,Sunday,Etawah,Uttar Pradesh,"26.79098194522772, 79.03458473991348",26.79098194522772,79.03458473991348,NH,Hit and Run,2,0,Pedestrian,Car,Nil
1891,2023-03-26,Sunday,Pondi,Chhattisgarh,"22.11974361493067, 81.26294804162548",22.11974361493067,81.26294804162548,OR,Head On Collision ,1,1,Truck,Truck,Nil
1892,2023-03-26,Sunday,Maduravoyal,Tamil Nadu,"13.064098973502292, 80.17009086655877",13.064098973502292,80.17009086655877,NH,Head On Collision ,1,0,Two Wheeler,Truck,Chennai
1893,2023-03-26,Sunday,Vilholi ,Maharashtra,"19.923676564160594, 73.71709342049778",19.923676564160594,73.71709342049778,OR,Head On Collision ,1,0,Two Wheeler,Lorry,Nil
1894,2023-03-27,Monday,Bicholi Mardana,Madhya Pradesh,"22.70596168474931, 75.92424781094977",22.70596168474931,75.92424781094977,OR,Hit and Run,1,0,Two Wheeler,Unidentified,Indore
1895,2023-03-28,Tuesday,Tejaji Nagar,Madhya Pradesh,"22.64186097749554, 75.88190831094798",22.64186097749554,75.88190831094798,OR,With Parked Vehicle,1,0,Car,Tractor,Indore
1896,2023-03-28,Tuesday,Peraiyur,Tamil Nadu,"9.735206016029098, 77.78994570884457",9.735206016029098,77.78994570884457,OR,Head On Collision ,3,0,Two Wheeler,Truck,Nil
1897,2023-03-29,Wednesday,Mylaram,Telangana,"17.679892061174687, 79.60535739547875",17.679892061174687,79.60535739547875,NH,Head On Collision ,1,2,Tractor,Bus,Nil
1898,2023-03-29,Wednesday,Nanded,Maharashtra,"19.125838739849623, 77.31349003362546",19.125838739849623,77.31349003362546,NH,Head On Collision ,5,8,Auto Rickshaw,Truck,Nil
1899,2023-03-29,Wednesday,Mohali,Punjab,"30.714828436522865, 76.6912179763154",30.714828436522865,76.6912179763154,NH,With Parked Vehicle,1,0,Car,Truck,Chandigarh
1900,2023-03-29,Wednesday,Chalivagu,Telangana,"18.157311206356123, 79.71528494917405",18.157311206356123,79.71528494917405,NH,Head On Collision ,2,15,Tractor,Car,Nil
1901,2023-03-30,Thursday,Sasan Sambalpur,Odisha,"21.49482897114961, 83.9803901090609",21.49482897114961,83.9803901090609,NH,Run Off Road,7,4,Car,Nil,Nil
1902,2023-03-30,Thursday,Yelahanka,Karnataka,"13.11689003429553, 77.60816184447648",13.11689003429553,77.60816184447648,NH,Fixed Object Collision,2,0,Two Wheeler,Divider,Bengaluru
1903,2023-03-30,Thursday,Kapren,Rajasthan,"25.403040552793772, 76.07311316141266",25.403040552793772,76.07311316141266,SH,Head On Collision ,2,2,Two Wheeler,Ambulance,Nil
1904,2023-03-30,Thursday,Rajam,Andhra Pradesh,"18.450406516026728, 83.65679589361318",18.450406516026728,83.65679589361318,SH,Head On Collision ,1,0,Pedestrian,Bus,Nil
1905,2023-03-30,Thursday,Payakaraopeta,Andhra Pradesh,"17.367120596620456, 82.55921143706841",17.367120596620456,82.55921143706841,NH,With Parked Vehicle,2,4,Car,Lorry,Nil
1906,2023-03-30,Thursday,Bhawarkuwan Chowk,Madhya Pradesh,"22.692533996459403, 75.86776842784847",22.692533996459403,75.86776842784847,OR,Head On Collision ,2,6,Pedestrian,Car,Indore
1907,2023-03-31,Friday,Phalodi,Rajasthan,"27.127663956484888, 72.36765128949328",27.127663956484888,72.36765128949328,OR,Head On Collision ,5,2,Car,Truck,Nil
1908,2023-03-30,Thursday,Neem Bus Stand,Haryana,"28.45772429263937, 77.07133946702187",28.45772429263937,77.07133946702187,OR,Fixed Object Collision,6,1,Car,Tree,Nil
1909,2023-03-30,Thursday,Najadela Village,Haryana,"29.593335188859783, 75.06850713702296",29.593335188859783,75.06850713702296,OR,Others,5,2,Car,Car,Nil
1910,2023-03-31,Friday,Phaphamau bridge,Uttar Pradesh,"25.505211697365453, 81.86680967789664",25.505211697365453,81.86680967789664,NH,Head On Collision ,3,0,Truck,Truck,Allahabad
1911,2023-04-01,Saturday,Mayo Road,West Bengal,"22.560175061997256, 88.34842541892549",22.560175061997256,88.34842541892549,OR,Hit From Side,1,18,Two Wheeler,Bus,Kolkata
1912,2023-03-31,Friday,Bishalkhinda,Odisha,"21.549316324416324, 84.08549431200336",21.549316324416324,84.08549431200336,OR,Run Off Road,7,4,Bus,Nil,Nil
1913,2023-04-02,Sunday,ITBP Camp,Uttarakhand,"30.739160261180874, 78.38705460367342",30.739160261180874,78.38705460367342,NH,Run Off Road,2,38,Bus,Nil,Nil
1914,2023-03-31,Friday,Bilaspur,Haryana,"28.28118396083902, 76.8573095553763",28.28118396083902,76.8573095553763,OR,Hit and Run,2,0,Pedestrian,Car,Nil
1915,2023-03-31,Friday,Bhora Kalan,Haryana,"28.292388760284624, 76.85081106891568",28.292388760284624,76.85081106891568,OR,Hit and Run,1,0,Pedestrian,Lorry,Nil
1916,2023-03-30,Thursday,Hotel Mirchi Signal,Maharashtra,"20.006810800000004, 73.82907051547642",20.006810800000004,73.82907051547642,OR,Hit From Back,1,0,Two Wheeler,Truck,Nashik
1917,2023-04-02,Sunday,Keshav Puram,Delhi,"28.689752185182716, 77.15284853969729",28.689752185182716,77.15284853969729,SH,Others,1,1,Two Wheeler,Crane,Delhi
1918,2023-04-03,Monday,Gujuwaka Police Station,Andhra Pradesh,"17.683412580042823, 83.19348971455995",17.683412580042823,83.19348971455995,SH,Head On Collision ,1,1,Two Wheeler,Lorry,Vizag
1919,2023-04-02,Sunday,Okkanadu,Tamil Nadu,"10.629017102973886, 79.33151345046126",10.629017102973886,79.33151345046126,OR,Run Off Road,2,40,Bus,Nil,Nil
1920,2023-04-01,Saturday,Khatauli,Uttar Pradesh,"29.27707987653549, 77.73198330383843",29.27707987653549,77.73198330383843,OR,Fixed Object Collision,3,2,Car,Divider,Nil
1921,2023-04-03,Monday,Malhara,Madhya Pradesh,"25.04151482302364, 79.67594136903999",25.04151482302364,79.67594136903999,OR,Head On Collision ,3,4,Car,Car,Nil
1922,2023-04-03,Monday,SGVP Campus,Gujarat,"23.131001744185244, 72.54113402849829",23.131001744185244,72.54113402849829,NH,Hit and Run,1,0,Pedestrian,Car,Ahmedabad
1923,2023-04-02,Sunday,Hosakerehalli Junction,Karnataka,"12.930613594464603, 77.54342051445626",12.930613594464603,77.54342051445626,OR,Run Off Road,2,0,Two Wheeler,Nil,Bengaluru
1924,2023-04-02,Sunday,Sabarapalya,Karnataka,"13.21270671326738, 77.25706492244831",13.21270671326738,77.25706492244831,NH,Hit From Back,2,0,Two Wheeler,Car,Nil
1925,2023-04-04,Tuesday,Baroj,Maharashtra,"18.747029322036084, 73.50182810952452",18.747029322036084,73.50182810952452,NH,Hit From Back,2,2,Car,Truck,Nil
1926,2023-04-04,Tuesday,Park street Metro Station,West Bengal,"22.554461384066304, 88.3498626900912",22.554461384066304,88.3498626900912,OR,Head On Collision ,1,0,Pedestrian,Bus,Kolkata
1927,2023-04-04,Tuesday,Hoogly,West Bengal,"22.89569541954505, 88.38194903784427",22.89569541954505,88.38194903784427,OR,Hit From Side,1,0,Pedestrian,Bus,Nil
1928,2023-04-02,Sunday,Pimpri Phata Igatpuri,Maharashtra,"19.644750819724997, 73.58795868496483",19.644750819724997,73.58795868496483,OR,Others,1,0,Two Wheeler,Truck,Nil
1929,2023-04-02,Sunday,Samruddhi Flyover,Maharashtra,"19.970868187894858, 75.37618209267553",19.970868187894858,75.37618209267553,NH,Run Off Road,1,0,Two Wheeler,Nil,Nil
1930,2023-04-06,Thursday,Kuano Road,Uttar Pradesh,"27.386658313776113, 82.11578040716533",27.386658313776113,82.11578040716533,NH,Run Off Road,1,19,Bus,Nil,Nil
1931,2023-04-03,Monday,Ambedkar Nagar ,Maharashtra,"18.4581321002698, 73.8857624000292",18.4581321002698,73.8857624000292,OR,Hit and Run,1,0,Pedestrian,Truck,Pune
1932,2023-04-06,Thursday,Vagarampalayam,Tamil Nadu,"11.143644943472834, 77.13599671196714",11.143644943472834,77.13599671196714,OR,Hit From Back,2,0,Two Wheeler,Bus,Nil
1933,2023-04-06,Thursday,DC Office,Karnataka,"12.971812074654078, 77.58485023640233",12.971812074654078,77.58485023640233,OR,Head On Collision ,1,0,Two Wheeler,Bus,Bengaluru
1934,2023-04-05,Wednesday,Gondhankheda,Maharashtra,"20.185983804269025, 76.00922235448691",20.185983804269025,76.00922235448691,OR,Head On Collision ,2,2,Two Wheeler,Two Wheeler,Nil
1935,2023-04-06,Thursday,Narayanapura,Karnataka,"13.06635121695945, 77.6408056811058",13.06635121695945,77.6408056811058,OR,Hit From Back,1,0,Two Wheeler,Truck,Bengaluru
1936,2023-04-07,Friday,Manmad,Maharashtra,"20.250493535643056, 74.43753322923654",20.250493535643056,74.43753322923654,OR,Fixed Object Collision,2,0,Bus,Tree,Nil
1937,2023-04-06,Thursday,Kathumar,Rajasthan,"27.31843744177335, 77.07591526839532",27.31843744177335,77.07591526839532,SH,Others,4,0,Tractor,Auto Rickshaw,Nil
1938,2023-04-08,Saturday,Malad,Maharashtra,"19.181433012183504, 72.86765313751188",19.181433012183504,72.86765313751188,OR,Run Off Road,1,36,Bus,Nil,Mumbai
1939,2023-04-08,Saturday,Vishambharpur,Uttar Pradesh,"26.409981838668646, 84.0196292003985",26.409981838668646,84.0196292003985,OR,Head On Collision ,6,0,Car,Truck,Nil
1940,2023-04-06,Thursday,Chandwara,Jharkhand,"24.403106862417058, 85.48702862929295",24.403106862417058,85.48702862929295,NH,Head On Collision ,4,0,Car,Truck,Nil
1941,2023-04-07,Friday,Milind Nagar,Maharashtra,"19.693384337125394, 73.56576786265454",19.693384337125394,73.56576786265454,OR,With Parked Vehicle,1,12,Bus,Truck,Nil
1942,2023-04-07,Friday,Khanugaon,Madhya Pradesh,"23.26144182018956, 77.37028704506541",23.26144182018956,77.37028704506541,OR,Fixed Object Collision,1,6,Car,Divider,Bhopal
1943,2023-04-06,Thursday,Lokeshwaram,Telangana,"19.03051888682999, 78.08491943714861",19.03051888682999,78.08491943714861,OR,Run Off Road,1,0,Two Wheeler,Nil,Nil
1944,2023-04-07,Friday,Bhainsa,Telangana,"19.10521710167578, 77.96406476339503",19.10521710167578,77.96406476339503,OR,Hit From Back,2,0,Car,Lorry,Nil
1945,2023-04-08,Saturday,Malad,Maharashtra,"18.131496211761934, 74.57297900680291",18.131496211761934,74.57297900680291,OR,Run Off Road,1,36,Bus,Ditch,Nil
1946,2023-04-08,Saturday,Reni,Rajasthan,"27.16638157014947, 76.73994763408493",27.16638157014947,76.73994763408493,OR,Hit From Back,3,1,Car,Truck,Nil
1947,2023-04-08,Saturday,Venur,Karnataka,"13.013171225005415, 75.13861696906555",13.013171225005415,75.13861696906555,OR,Hit and Run,1,0,Pedestrian,Car,Nil
1948,2023-04-10,Monday,Dumdum Park,West Bengal,"22.607154278500804, 88.41535569419973",22.607154278500804,88.41535569419973,OR,Hit From Back,4,0,Car,Truck,Kolkata
1949,2023-04-09,Sunday,Ambattukavu,Kerala,"10.07952354475091, 76.33883575117814",10.07952354475091,76.33883575117814,NH,Run Off Road,2,0,Two Wheeler,Nil,Nil
1950,2023-04-09,Sunday,Baloda Bazar,Chhattisgarh,"21.65515313387467, 82.15363772261948",21.65515313387467,82.15363772261948,OR,Others,1,1,Two Wheeler,Truck,Nil
1951,2023-04-09,Sunday,Mangalagiri Bypass,Andhra Pradesh,"16.426747366165387, 80.57701701134462",16.426747366165387,80.57701701134462,SH,Fixed Object Collision,1,1,Two Wheeler,Divider,Nil
1952,2023-04-09,Sunday,Charmadi Ghat,Karnataka,"13.0896434371692, 75.47440086657268",13.0896434371692,75.47440086657268,NH,Run Off Road,1,5,Car,Nil,Nil
1953,2023-04-10,Monday,JDB Girls College,Rajasthan,"25.189212091448756, 75.85805363621088",25.189212091448756,75.85805363621088,NH,Hit From Back,1,0,Bicycle,Truck,Kota
1954,2023-04-10,Monday,Baraut Road,Uttar Pradesh,"29.28214460779216, 77.47075913821857",29.28214460779216,77.47075913821857,OR,Fixed Object Collision,3,0,Car,Tree,Nil
1955,2023-04-10,Monday,Bheru Chowki,Madhya Pradesh,"22.730854919043495, 75.87361659545292",22.730854919043495,75.87361659545292,OR,Hit and Run,4,0,Pedestrian,Lorry,Indore
1956,2023-04-10,Monday,Dhanua,Uttar Pradesh,"26.944947312626333, 78.88233733316099",26.944947312626333,78.88233733316099,OR,Others,2,0,Truck,Truck,Nil
1957,2023-04-11,Tuesday,Nehrunagar,Maharashtra,"18.63382311138524, 73.81981939185421",18.63382311138524,73.81981939185421,OR,Others,1,0,Pedestrian,Car,Pune
1958,2023-04-12,Wednesday,Guru Ravidas Shrine,Punjab,"31.21172371258255, 76.13999646794984",31.21172371258255,76.13999646794984,OR,Hit and Run,7,20,Pedestrian,Tractor,Nil
1959,2023-04-12,Wednesday,Garhi Mansoval,Punjab,"31.28383203890068, 76.28216719649537",31.28383203890068,76.28216719649537,OR,Run Off Road,3,11,Tractor,Nil,Nil
1960,2023-04-12,Wednesday,Bhatwari,Uttarakhand,"30.816682624096508, 78.6185180761094",30.816682624096508,78.6185180761094,NH,Run Off Road,1,2,Car,Nil,Nil
1961,2023-04-11,Tuesday,Lower Parel,Maharashtra,"19.0089437225072, 72.83320259445769",19.0089437225072,72.83320259445769,OR,Hit and Run,1,0,Pedestrian,Car,Mumbai
1962,2023-04-12,Wednesday,Jakribettu,Karnataka,"12.90262406918254, 75.05241391074983",12.90262406918254,75.05241391074983,NH,Hit From Back,1,0,Two Wheeler,Bus,Nil
1963,2023-04-12,Wednesday,KPT Junction,Karnataka,"12.890603343285644, 74.8542449298",12.890603343285644,74.8542449298,NH,Hit and Run,1,0,Pedestrian,Car,Nil
1964,2023-04-12,Wednesday,Vatika Chowk,Haryana,"28.40132736898762, 77.04484494982212",28.40132736898762,77.04484494982212,NH,With Parked Vehicle,1,1,Two Wheeler,Truck,Nil
1965,2023-04-14,Friday,Pahawati Check Post,Uttar Pradesh,"28.40715625138495, 77.85867373343567",28.40715625138495,77.85867373343567,OR,Head On Collision ,3,0,Two Wheeler,Tractor,Nil
1966,2023-04-14,Friday,Sampaje Ghat,Karnataka,"12.493297355734947, 75.56675563538025",12.493297355734947,75.56675563538025,NH,Head On Collision ,6,2,Car,Bus,Nil
1967,2023-04-14,Friday,Sira,Karnataka,"13.749242545427194, 76.89773046669693",13.749242545427194,76.89773046669693,NH,Head On Collision ,5,7,Car,Bus,Nil
1968,2023-04-14,Friday,Balighattam,Andhra Pradesh,"17.65181220101838, 82.60479552737301",17.65181220101838,82.60479552737301,SH,Run Off Road,1,0,Two Wheeler,Nil,Nil
1969,2023-04-14,Friday,Nehru Road,Maharashtra,"19.10051492243447, 73.00169500591446",19.10051492243447,73.00169500591446,OR,Hit From Back,1,0,Two Wheeler,Bus,Mumbai
1970,2023-04-14,Friday,Narangi Bypass Road,Maharashtra,"19.45488493380509, 72.80365870904767",19.45488493380509,72.80365870904767,OR,Hit From Side,3,0,Two Wheeler,Truck,Nil
1971,2023-04-14,Friday,Sahnewal Chowk,Punjab,"30.837589439206663, 75.9713340767604",30.837589439206663,75.9713340767604,SH,Hit and Run,1,2,Pedestrian,Car,Nil
1972,2023-04-15,Saturday,Sonrai ,Uttar Pradesh,"24.327403337780197, 78.76465117431884",24.327403337780197,78.76465117431884,OR,Fixed Object Collision,6,8,Car,Tree,Nil
1973,2023-04-14,Friday,Dahisar,Maharashtra,"19.49459701117855, 72.86477698159715",19.49459701117855,72.86477698159715,OR,Head On Collision ,1,1,Two Wheeler,Excavator,Nil
1974,2023-04-14,Friday,Bellandur,Karnataka,"12.942606523034783, 77.67294492948002",12.942606523034783,77.67294492948002,OR,Hit From Back,1,0,Two Wheeler,Car,Bengaluru
1975,2023-04-14,Friday,Gaziabad Railway Station,Uttar Pradesh,"28.653709092632695, 77.42862887310945",28.653709092632695,77.42862887310945,OR,Hit From Back,1,1,Two Wheeler,Car,Gaziabad
1976,2023-04-14,Friday,Cidco Nashik,Maharashtra,"19.9719436750349, 73.7584227171603",19.9719436750349,73.7584227171603,OR,Others,1,2,Two Wheeler,Truck,Nashik
1977,2023-04-16,Sunday,Itikyala,Telangana,"16.08612490848828, 77.897145670451",16.08612490848828,77.897145670451,NH,Run Off Road,1,0,Car,Nil,Nil
1978,2023-04-16,Sunday,Farasgaon,Chhattisgarh,"19.620220097803628, 81.21583122872953",19.620220097803628,81.21583122872953,OR,Hit From Back,1,3,Two Wheeler,Car,Nil
1979,2023-04-16,Sunday,Refinery Road,Kerala,"9.959636561666672, 76.36682561018053",9.959636561666672,76.36682561018053,OR,Run Off Road,1,0,Two Wheeler,Nil,Kochi
1980,2023-04-15,Saturday,Kothapalli Cross,Andhra Pradesh,"13.873371243859461, 79.38325475494909",13.873371243859461,79.38325475494909,NH,Head On Collision ,4,0,Car,Car,Nil
1981,2023-04-16,Sunday,Chennur,Andhra Pradesh,"14.564179469860731, 78.80192847916217",14.564179469860731,78.80192847916217,OR,Head On Collision ,3,0,Two Wheeler,Two Wheeler,Nil
1982,2023-04-16,Sunday,Varadaiahpalem,Andhra Pradesh,"13.599821645066168, 79.93485739431621",13.599821645066168,79.93485739431621,SH,Head On Collision ,2,0,Two Wheeler,Two Wheeler,Nil
1983,2023-04-16,Sunday,Tripayar,Kerala,"10.415109843665219, 76.10703178694608",10.415109843665219,76.10703178694608,NH,Head On Collision ,3,2,Car,Bus,Nil
1984,2023-04-17,Monday,Mankhurd,Maharashtra,"19.050693530331937, 72.93526869382312",19.050693530331937,72.93526869382312,OR,Hit From Back,1,0,Two Wheeler,Truck,Mumbai
1985,2023-04-16,Sunday,Dhakerwa,Uttar Pradesh,"28.1715609742706, 80.98955873120727",28.1715609742706,80.98955873120727,SH,With Parked Vehicle,2,4,Two Wheeler,Tractor,Nil
1986,2023-04-17,Monday,Koovappady,Kerala,"10.15221651503815, 76.48146926201447",10.15221651503815,76.48146926201447,OR,Hit and Run,3,0,Pedestrian,Van,Nil
1987,2023-04-15,Saturday,Chinchwad,Maharashtra,"18.640559983337212, 73.79345917935015",18.640559983337212,73.79345917935015,NH,Head On Collision ,1,0,Two Wheeler,Auto Rickshaw,Pune
1988,2023-04-18,Tuesday,Kadaba,Karnataka,"12.746682356544753, 75.47992051573739",12.746682356544753,75.47992051573739,SH,Head On Collision ,4,20,Car,Car,Nil
1989,2023-04-17,Monday,PVUN,Jharkhand,"23.641782123890078, 85.2916313676579",23.641782123890078,85.2916313676579,OR,Hit and Run,2,0,Pedestrian,Unidentified,Nil
1990,2023-04-17,Monday,Murpa ,Jharkhand,"23.614305113134943, 85.73827291346988",23.614305113134943,85.73827291346988,OR,With Parked Vehicle,3,10,Bus,Tractor,Nil
1991,2023-04-18,Tuesday,Bareilly,Uttar Pradesh,"28.374996766787003, 79.42056223729173",28.374996766787003,79.42056223729173,OR,Hit From Back,2,1,Two Wheeler,Truck,Nil
1992,2023-04-17,Monday,Shri Dungargarh,Rajasthan,"28.0877536839245, 74.00482260614261",28.0877536839245,74.00482260614261,NH,Head On Collision ,3,0,Two Wheeler,Two Wheeler,Nil
1993,2023-04-17,Monday,Bisau Road,Rajasthan,"28.25342850921654, 75.0568469487743",28.25342850921654,75.0568469487743,SH,Head On Collision ,2,4,Bus,Truck,Nil
1994,2023-04-18,Tuesday,T S Marg ,Delhi,"28.567308365816174, 77.17555758155977",28.567308365816174,77.17555758155977,OR,Hit and Run,1,0,Pedestrian,Bus,Delhi
1995,2023-04-20,Thursday,Semartal,Chhattisgarh,"22.188742110969773, 82.16176974821357",22.188742110969773,82.16176974821357,OR,Head On Collision ,1,0,Two Wheeler,Tractor,Nil
1996,2023-04-20,Thursday,Seemartal,Chhattisgarh,"22.187073137000965, 82.16031062649938",22.187073137000965,82.16031062649938,OR,Hit and Run,1,0,Pedestrian,Truck,Nil
1997,2023-04-18,Tuesday,Ghora Road,West Bengal,"22.11177237982256, 88.35714307235678",22.11177237982256,88.35714307235678,OR,Head On Collision ,2,0,Two Wheeler,Truck,Nil
1998,2023-04-20,Thursday,Mahananda Nagar,Madhya Pradesh,"23.154224820895575, 75.8022517187342",23.154224820895575,75.8022517187342,OR,Fixed Object Collision,3,2,Car,Divider,Nil
1999,2023-04-18,Tuesday,Jawaddi Kalan,Punjab,"30.883091935887933, 75.83132948802441",30.883091935887933,75.83132948802441,NH,Hit From Back,1,0,Two Wheeler,Truck,Ludhiana
2000,2023-04-20,Thursday,Faizganj,Uttar Pradesh,"28.382981757124575, 78.84840823954143",28.382981757124575,78.84840823954143,SH,Others,3,1,Van,Truck,Nil
2001,2023-04-20,Thursday,Allapur,Uttar Pradesh,"27.912591644359523, 79.24136538816711",27.912591644359523,79.24136538816711,OR,Hit From Back,1,2,Two Wheeler,Truck,Nil
2002,2023-04-19,Wednesday,Siswaan,Punjab,"30.86607248735446, 76.74418132203557",30.86607248735446,76.74418132203557,OR,Hit and Run,1,0,Pedestrian,Car,Nil
2003,2023-04-20,Thursday,Nandikandi,Telangana,"17.61320385456023, 77.99287683256648",17.61320385456023,77.99287683256648,NH,Hit and Run,2,1,Pedestrian,Lorry,Nil
2004,2023-04-21,Friday,Gorakhpur,Uttar Pradesh,"26.755430201364007, 83.37249397249452",26.755430201364007,83.37249397249452,NH,Head On Collision ,7,40,Bus,Truck,Nil
2005,2023-04-19,Wednesday,Ravathur Junction,Tamil Nadu,"11.027787769552601, 77.0973729162235",11.027787769552601,77.0973729162235,OR,Run Off Road,1,0,Two Wheeler,Nil,Nil
2006,2023-04-20,Thursday,Manikandam,Tamil Nadu,"10.739353025557556, 78.63788096856274",10.739353025557556,78.63788096856274,NH,Hit and Run,1,0,Pedestrian,Car,Nil
2007,2023-04-20,Thursday,Manachanallur,Tamil Nadu,"10.912790837142484, 78.70051098654667",10.912790837142484,78.70051098654667,SH,Hit and Run,1,0,Pedestrian,Car,Nil
2008,2023-04-21,Friday,West Phaileng,Mizoram,"23.700529315557393, 92.48446008284039",23.700529315557393,92.48446008284039,OR,Run Off Road,5,0,Truck,Nil,Nil
2009,2023-04-22,Saturday,Panjri,Maharashtra,"21.030519213776508, 78.95163906106585",21.030519213776508,78.95163906106585,OR,Hit and Run,1,0,Pedestrian,Truck,Nil
2010,2023-04-21,Friday,Hingna,Maharashtra,"21.075189801119496, 78.95931949797702",21.075189801119496,78.95931949797702,OR,Hit and Run,1,0,Pedestrian,Unidentified,Nil
2011,2023-04-21,Friday,Jamtha,Maharashtra,"21.03125373108368, 78.99767998571575",21.03125373108368,78.99767998571575,NH,Hit From Back,1,1,Two Wheeler,Truck,Nil
2012,2023-04-23,Sunday,Muri,Jammu,"33.27776721728793, 75.34123935373457",33.27776721728793,75.34123935373457,OR,Head On Collision ,1,4,Car,Car,Nil
2013,2023-04-22,Saturday,B V Gandhi Petrol Pump,Gujarat,"22.773708946168735, 73.62608718031045",22.773708946168735,73.62608718031045,OR,Hit and Run,1,0,Pedestrian,Truck,Nil
2014,2023-04-22,Saturday,Poopara,Kerala,"9.98049413789311, 77.21153829474197",9.98049413789311,77.21153829474197,NH,Run Off Road,3,17,Bus,Nil,Nil
2015,2023-04-23,Sunday,BAPS Mandir,Maharashtra,"18.44111584178156, 73.83708508798998",18.44111584178156,73.83708508798998,OR,Hit From Back,5,22,Bus,Truck,Pune
2016,2023-04-22,Saturday,Bilapura,Madhya Pradesh,"23.70441094212234, 76.71576909753821",23.70441094212234,76.71576909753821,OR,With Parked Vehicle,3,2,Car,Truck,Nil
2017,2023-04-24,Monday,Main MArket Gudamalani,Rajasthan,"25.19690261728406, 71.7177629474118",25.19690261728406,71.7177629474118,OR,Head On Collision ,3,1,Tractor,Truck,Nil
2018,2023-04-23,Sunday,Khardani,Rajasthan,"26.953790013235153, 75.7191935304557",26.953790013235153,75.7191935304557,OR,Hit and Run,1,0,Pedestrian,Truck,Jaipur
2019,2023-04-22,Saturday,Dhanas,Punjab,"30.766652590680902, 76.74827931674533",30.766652590680902,76.74827931674533,OR,Run Off Road,1,0,Two Wheeler,Nil,Chandigarh
2020,2023-04-22,Saturday,Budha Kalan,Uttar Pradesh,"26.80707489874564, 82.93775973729146",26.80707489874564,82.93775973729146,OR,Hit and Run,3,0,Pedestrian,Car,Nil
2021,2023-04-22,Saturday,Pinna ,Uttar Pradesh,"29.46512048897689, 77.63664722217857",29.46512048897689,77.63664722217857,OR,Hit and Run,1,1,Pedestrian,Unidentified,Nil
2022,2023-04-24,Monday,Tehri,Uttarakhand,"30.385630179703266, 78.47090234457103",30.385630179703266,78.47090234457103,NH,Vehicle Overturn,2,2,Car,Gorge,Nil
2023,2023-04-24,Monday,Bhatagaon,Chhattisgarh,"21.21523168769535, 81.62407807498008",21.21523168769535,81.62407807498008,OR,Hit and Run,1,0,Pedestrian,Car,Raipur
2024,2023-04-24,Monday,Kasiya Petrol Pump,Uttar Pradesh,"25.618106094876154, 81.74841195326984",25.618106094876154,81.74841195326984,OR,Hit From Back,3,3,Two Wheeler,Truck,Nil
2025,2023-04-24,Monday,NH 91 Dadri,Uttar Pradesh,"28.55820078612504, 77.54909754664351",28.55820078612504,77.54909754664351,OR,Others,1,1,Two Wheeler,Truck,Nil
2026,2023-04-24,Monday,Berasia,Madhya Pradesh,"23.626753029720287, 77.43149030104155",23.626753029720287,77.43149030104155,OR,Head On Collision ,3,2,Auto Rickshaw,Truck,Nil
2027,2023-04-25,Tuesday,Amble ,Maharashtra,"18.70526914229611, 74.3484512397775",18.70526914229611,74.3484512397775,OR,Head On Collision ,1,0,Two Wheeler,Car,Nil
2028,2023-04-25,Tuesday,Mangod,Madhya Pradesh,"22.586354236800176, 75.11984992774293",22.586354236800176,75.11984992774293,NH,Others,1,5,Two Wheeler,Truck,Nil
2029,2023-04-26,Wednesday,Motichur,Uttarakhand,"29.986002902454587, 78.18459396329668",29.986002902454587,78.18459396329668,NH,Hit From Back,3,0,Two Wheeler,Bus,Nil
2030,2023-04-26,Wednesday,Barla,Uttar Pradesh,"29.611054424936135, 77.79354569788273",29.611054424936135,77.79354569788273,OR,Head On Collision ,2,0,Two Wheeler,Tractor,Nil
2031,2023-04-27,Thursday,Ronda,Uttar Pradesh,"28.393650964431906, 78.01407485172604",28.393650964431906,78.01407485172604,OR,Fixed Object Collision,2,1,Car,Divider,Nil
2032,2023-04-26,Wednesday,Vanthalamamidi,Andhra Pradesh,"17.956500778564017, 82.73723287990069",17.956500778564017,82.73723287990069,SH,Vehicle Overturn,3,1,Car,Gorge,Nil
2033,2023-04-25,Tuesday,Shaninagar Chowk,Maharashtra,"18.442794083110098, 73.84764448667295",18.442794083110098,73.84764448667295,OR,Hit From Back,1,0,Two Wheeler,Truck,Pune
2034,2023-04-27,Thursday,Nattika,Kerala,"10.428512094451971, 76.10076900553693",10.428512094451971,76.10076900553693,NH,Others,2,4,Car,Truck,Nil
2035,2023-04-27,Thursday,Valapad,Kerala,"10.398528070416612, 76.11468661815233",10.398528070416612,76.11468661815233,NH,Fixed Object Collision,1,0,Two Wheeler,Wall,Nil
2036,2023-04-26,Wednesday,Mannanchery,Kerala,"9.572256898245197, 76.34714934080493",9.572256898245197,76.34714934080493,OR,Hit From Back,1,0,Bicycle,Car,Nil
2037,2023-04-27,Thursday,Tata Steel Power Gate,Jharkhand,"22.79219434835248, 86.18748478605511",22.79219434835248,86.18748478605511,OR,Hit From Back,1,0,Two Wheeler,Truck,Jamshedpur
2038,2023-04-27,Thursday,Dussehra Maidan,Rajasthan,"25.14207751223157, 75.95096886854019",25.14207751223157,75.95096886854019,OR,Hit and Run,1,1,Pedestrian,Car,Nil
2039,2023-04-28,Friday,Lohia Nagar,Uttar Pradesh,"28.93667478005163, 77.72695015884814",28.93667478005163,77.72695015884814,NH,Head On Collision ,2,0,Two Wheeler,Truck,Meerut 
2040,2023-04-25,Tuesday,Adarsh Sweets Nashik,Maharashtra,"19.9918711517342, 73.76588566124866",19.9918711517342,73.76588566124866,OR,Hit and Run,1,1,Pedestrian,Two Wheeler,Nashik
2041,2023-04-28,Friday,Saragaon,Chhattisgarh,"21.36786556812, 81.80450461787673",21.36786556812,81.80450461787673,NH,Others,3,3,Car,Truck,Nil
2042,2023-04-29,Saturday,Dungi Nala,Jammu,"33.141788957037114, 74.02397721149029",33.141788957037114,74.02397721149029,SH,Vehicle Overturn,2,0,Ambulance,Gorge,Nil
2043,2023-04-28,Friday,Siwana Bypass Road,Rajasthan,"25.81081235325925, 72.58025094335498",25.81081235325925,72.58025094335498,SH,Hit and Run,1,0,Pedestrian,Unidentified,Nil
2044,2023-04-28,Friday,Loonwa Jageer,Rajasthan,"25.249384424455496, 71.87864711475676",25.249384424455496,71.87864711475676,SH,Hit and Run,1,0,Pedestrian,Car,Nil
2045,2023-04-29,Saturday,Devi Garh,Jammu,"33.058703991082076, 74.95230370937718",33.058703991082076,74.95230370937718,OR,Vehicle Overturn,3,0,Car,Gorge,Nil
2046,2023-04-29,Saturday,SH 29 Saidpur,Uttar Pradesh,"28.672552692420048, 79.84303160847519",28.672552692420048,79.84303160847519,SH,Head On Collision ,2,0,Two Wheeler,Car,Nil
2047,2023-04-29,Saturday,Jugiana,Punjab,"30.846881184737146, 75.9437952903955",30.846881184737146,75.9437952903955,OR,Hit From Back,1,0,Bicycle,Truck,Nil
2048,2023-04-29,Saturday,Poliganj,Uttarakhand,"28.791870185687273, 79.89221101463178",28.791870185687273,79.89221101463178,OR,Others,2,1,Two Wheeler,Auto Rickshaw,Nil
2049,2023-04-29,Saturday,Amdi ,Maharashtra,"19.802987256875635, 79.46382794249628",19.802987256875635,79.46382794249628,NH,Hit From Side,3,1,Two Wheeler,Truck,Nil
2050,2023-04-29,Saturday,Thethupatti,Tamil Nadu,"10.7155199926116, 77.92904930288495",10.7155199926116,77.92904930288495,NH,With Parked Vehicle,1,22,Bus,Truck,Nil
2051,2023-04-28,Friday,Peepalkheda,Madhya Pradesh,"23.4875430468775, 77.33307953687671",23.4875430468775,77.33307953687671,OR,Hit From Back,2,1,Two Wheeler,Tractor,Nil
2052,2023-04-30,Sunday,Shadnagar,Telangana,"17.06817761808438, 78.20821283801763",17.06817761808438,78.20821283801763,OR,Hit From Back,1,0,Two Wheeler,Car,Nil
2053,2023-04-29,Saturday,Kharag Rampur,Uttar Pradesh,"25.286107057064548, 82.76666044864001",25.286107057064548,82.76666044864001,NH,Hit From Back,5,0,Car,Tractor,Nil
2054,2023-04-30,Sunday,Vasco,Goa,"15.39855049197742, 73.81216611077971",15.39855049197742,73.81216611077971,OR,Hit From Back,3,0,Two Wheeler,Bus,Nil
2055,2023-04-30,Sunday,Utorda Junction,Goa,"15.322388361713076, 73.90641821326788",15.322388361713076,73.90641821326788,OR,Head On Collision ,1,0,Car,Truck,Nil
2056,2023-04-29,Saturday,Mandana ,Rajasthan,"24.944997406645737, 75.94504056452261",24.944997406645737,75.94504056452261,OR,Head On Collision ,4,0,Car,Tractor,Nil
2057,2023-05-01,Monday,Dolphin Crossing,Uttar Pradesh,"26.455809474908392, 80.33398051169056",26.455809474908392,80.33398051169056,NH,Head On Collision ,1,5,Auto Rickshaw,Car,Kanpur
2058,2023-05-01,Monday,Jayapura Gate,Karnataka,"12.737501645151866, 77.24687929674452",12.737501645151866,77.24687929674452,NH,Hit From Back,3,0,Two Wheeler,Car,Nil
2059,2023-05-01,Monday,Kalpatru Warehouse,Rajasthan,"25.140245316977275, 75.91607514407205",25.140245316977275,75.91607514407205,SH,Hit and Run,1,0,Pedestrian,Car,Kota
2060,2023-05-03,Wednesday,Dalomajra,Punjab,"30.560154454806753, 76.45889996678083",30.560154454806753,76.45889996678083,OR,Hit From Back,2,4,Bus,Truck,Nil
2061,2023-05-02,Tuesday,Airport Gate 3 ,West Bengal,"22.65238866923563, 88.43824606334564",22.65238866923563,88.43824606334564,NH,Hit and Run,1,0,Pedestrian,Bus,Kolkata
2062,2023-05-01,Monday,Vaikkalmedu,Tamil Nadu,"11.39935820841471, 77.66316464258352",11.39935820841471,77.66316464258352,OR,Hit and Run,1,0,Pedestrian,Car,Nil
2063,2023-05-03,Wednesday,Baruhi ,Himachal Pradesh,"31.6017210186808, 76.18017553156638",31.6017210186808,76.18017553156638,SH,Hit and Run,1,6,Pedestrian,Bus,Nil
2064,2023-05-02,Tuesday,Jeedikal,Telangana,"17.95962501684719, 79.82035918397776",17.95962501684719,79.82035918397776,OR,Hit From Side,2,0,Car,Car,Nil
2065,2023-05-02,Tuesday,Banganga,Madhya Pradesh,"22.7546557412041, 75.85729038342714",22.7546557412041,75.85729038342714,OR,Others,4,1,Two Wheeler,Crane,Indore
2066,2023-05-03,Wednesday,Ashram Chowk,Delhi,"28.57451968336526, 77.25691701349963",28.57451968336526,77.25691701349963,OR,Hit From Back,1,1,Two Wheeler,Car,Delhi
2067,2023-05-01,Monday,Vajreshwari Nagar,Maharashtra,"19.97269680919329, 73.85235748365143",19.97269680919329,73.85235748365143,OR,Hit and Run,1,0,Pedestrian,Truck,Nashik
2068,2023-05-03,Wednesday,Dairy Farm Road,Telangana,"17.48545375968675, 78.49244323202527",17.48545375968675,78.49244323202527,OR,Hit From Back,1,1,Two Wheeler,Car,Hyderabad
2069,2023-05-03,Wednesday,Jagtar ,Chhattisgarh,"20.625028833212188, 81.43843067398436",20.625028833212188,81.43843067398436,NH,Head On Collision ,11,0,Car,Truck,Nil
2070,2023-05-03,Wednesday,FCI Godown Pakari,Bihar,"25.578165791113243, 85.06348526814892",25.578165791113243,85.06348526814892,OR,Others,7,4,Auto Rickshaw,Truck,Patna
2071,2023-05-04,Thursday,Tappal,Uttar Pradesh,"28.05154731247504, 77.58609266766818",28.05154731247504,77.58609266766818,OR,Fixed Object Collision,1,0,Two Wheeler,Divider,Nil
2072,2023-05-03,Wednesday,Jarda ,Jharkhand,"23.076722605683937, 84.17267225269534",23.076722605683937,84.17267225269534,NH,Run Off Road,4,27,Van,Nil,Nil
2073,2023-05-03,Wednesday,Valavanthi,Tamil Nadu,"11.021290570294054, 78.49143504722358",11.021290570294054,78.49143504722358,SH,Run Off Road,1,6,Truck,Nil,Nil
2074,2023-05-04,Thursday,Dudu,Rajasthan,"26.679616281761497, 75.233806381689",26.679616281761497,75.233806381689,NH,Head On Collision ,8,1,Car,Truck,Nil
2075,2023-05-05,Friday,Bahraich,Uttar Pradesh,"27.575468594193907, 81.59666179665567",27.575468594193907,81.59666179665567,OR,Head On Collision ,5,10,Auto Rickshaw,Truck,Nil
2076,2023-05-05,Friday,Khairmal,Odisha,"20.56295580656635, 83.03815881212822",20.56295580656635,83.03815881212822,OR,Run Off Road,3,7,Tractor,Nil,Nil
2077,2023-05-03,Wednesday,Gokare,Karnataka,"13.248392425813659, 77.72462376370694",13.248392425813659,77.72462376370694,OR,Head On Collision ,2,1,Two Wheeler,Car,Nil
2078,2023-05-03,Wednesday,Kamakshipalya,Karnataka,"12.985285181342368, 77.52719233064428",12.985285181342368,77.52719233064428,OR,Hit From Back,1,1,Two Wheeler,Truck,Bengaluru
2079,2023-05-03,Wednesday,Laggere,Karnataka,"13.009881082847603, 77.52406756626428",13.009881082847603,77.52406756626428,OR,Head On Collision ,1,1,Auto Rickshaw,Car,Bengaluru
2080,2023-05-03,Wednesday,RV Road ,Karnataka,"12.921462201571574, 77.58007870517255",12.921462201571574,77.58007870517255,OR,Hit and Run,1,0,Pedestrian,Auto Rickshaw,Bengaluru
2081,2023-05-04,Thursday,Khadali,Rajasthan,"25.32609922770117, 71.65962831481846",25.32609922770117,71.65962831481846,OR,Run Off Road,2,3,Car,Nil,Nil
2082,2023-05-05,Friday,Bandiyawas,Rajasthan,"25.91412566795665, 72.31023065831702",25.91412566795665,72.31023065831702,OR,Run Off Road,1,3,Car,Nil,Nil
2083,2023-05-05,Friday,Mayur Vihar Flyover,Delhi,"28.5909810508708, 77.29568122969583",28.5909810508708,77.29568122969583,OR,Others,1,1,Van,Bus,Delhi
2084,2023-05-04,Thursday,Ujhari,Uttar Pradesh,"28.662612424737198, 78.356981279008",28.662612424737198,78.356981279008,SH,Others,4,0,Two Wheeler,Car,Nil
2085,2023-05-05,Friday,Bahraich,Uttar Pradesh,"27.56685624012287, 81.58740553066244",27.56685624012287,81.58740553066244,SH,Hit From Side,5,10,Auto Rickshaw,Truck,Nil
2086,2023-05-06,Saturday,Gopalpura,Uttar Pradesh,"25.341136427083192, 78.50286120310551",25.341136427083192,78.50286120310551,OR,Vehicle Overturn,5,15,Bus,Ditch,Nil
2087,2023-05-07,Sunday,Khaikhata,Uttar Pradesh,"28.90439500764484, 78.90665556762137",28.90439500764484,78.90665556762137,OR,Head On Collision ,10,13,Van,Truck,Nil
2088,2023-05-07,Sunday,Mankote,Jammu,"33.603829428807344, 74.10514068753182",33.603829428807344,74.10514068753182,OR,Vehicle Overturn,1,6,Van,Gorge,Nil
2089,2023-05-07,Sunday,Teynampet,Tamil Nadu,"13.043122221705456, 80.24759251536257",13.043122221705456,80.24759251536257,OR,Hit From Back,1,1,Two Wheeler,Lorry,Chennai
2090,2023-05-07,Sunday,Palm Beach Road,Maharashtra,"19.049621769342938, 73.00857706667283",19.049621769342938,73.00857706667283,OR,Others,1,0,Two Wheeler,Car,Mumbai
2091,2023-05-06,Saturday,Kadiyakurichi,Tamil Nadu,"10.857146326326387, 78.69266952040016",10.857146326326387,78.69266952040016,OR,Head On Collision ,1,2,Two Wheeler,Car,Trichy
2092,2023-05-07,Sunday,Sinnar,Maharashtra,"19.850415050274034, 73.98651167121642",19.850415050274034,73.98651167121642,NH,Hit From Back,1,1,Two Wheeler,Two Wheeler,Nil
2093,2023-05-07,Sunday,Pimpalgaon,Maharashtra,"20.167807535644705, 73.98751131295157",20.167807535644705,73.98751131295157,NH,Head On Collision ,1,0,Two Wheeler,Two Wheeler,Nil
2094,2023-05-06,Saturday,Hatli,Himachal Pradesh,"32.23429913353346, 76.1762272258208",32.23429913353346,76.1762272258208,OR,Head On Collision ,2,0,Two Wheeler,Car,Nil
2095,2023-05-07,Sunday,GPO Square,Maharashtra,"21.15365432194846, 79.06734058813915",21.15365432194846,79.06734058813915,OR,Hit From Back,1,1,Two Wheeler,Car,Nagpur
2096,2023-05-07,Sunday,Wanadongri,Maharashtra,"21.089943951912193, 78.97300939871607",21.089943951912193,78.97300939871607,SH,Run Off Road,1,0,Two Wheeler,Nil,Nil
2097,2023-05-07,Sunday,Prakasha,Maharashtra,"21.514575845891937, 74.35556522285192",21.514575845891937,74.35556522285192,OR,Head On Collision ,3,2,Van,Truck,Nil
2098,2023-05-09,Tuesday,Phaphamau Bridge,Uttar Pradesh,"25.534601460173963, 81.86362816831097",25.534601460173963,81.86362816831097,OR,Others,2,0,Two Wheeler,Van,Nil
2099,2023-05-09,Tuesday,Gaintala,Odisha,"20.724352570447266, 83.52779202523914",20.724352570447266,83.52779202523914,OR,Hit From Back,3,0,Two Wheeler,Bus,Nil
2100,2023-05-10,Wednesday,Rewa Ghat,Bihar,"25.98607620515849, 85.04328041754458",25.98607620515849,85.04328041754458,OR,Hit and Run,3,1,Pedestrian,Truck,Nil
2101,2023-05-09,Tuesday,Ron ,Madhya Pradesh,"23.768609720060077, 79.22034680671614",23.768609720060077,79.22034680671614,SH,Head On Collision ,4,0,Two Wheeler,Truck,Nil
2102,2023-05-11,Thursday,Thirumullaivoyal,Tamil Nadu,"13.130730575403609, 80.13450679503472",13.130730575403609,80.13450679503472,NH,Hit From Back,1,1,Two Wheeler,Lorry,Chennai
2103,2023-05-11,Thursday,Thiruvottiyur,Tamil Nadu,"13.168960794866294, 80.3045393197912",13.168960794866294,80.3045393197912,OR,Hit and Run,1,0,Pedestrian,Bus,Chennai
2104,2023-05-11,Thursday,Dauki,Uttar Pradesh,"27.081225829234068, 78.19298777211536",27.081225829234068,78.19298777211536,SH,Hit and Run,3,3,Pedestrian,Car,Nil
2105,2023-05-11,Thursday,Kakolu,Karnataka,"13.188737795776015, 77.51035982948848",13.188737795776015,77.51035982948848,OR,Hit From Back,2,1,Two Wheeler,Car,Nil
2106,2023-05-12,Friday,Vanch,Gujarat,"22.94266625508189, 72.69006764521849",22.94266625508189,72.69006764521849,OR,Fixed Object Collision,1,0,Car,Divider,Nil
2107,2023-05-12,Friday,Vardhman Chowk,Punjab,"30.90578009256739, 75.89221019065047",30.90578009256739,75.89221019065047,NH,Others,1,1,Two Wheeler,Truck,Ludhiana
2108,2023-05-14,Sunday,Ramehr,Himachal Pradesh,"31.977733810307488, 76.52043738292936",31.977733810307488,76.52043738292936,OR,Vehicle Overturn,5,3,Truck,Gorge,Nil
2109,2023-05-14,Sunday,Tallarevu,Andhra Pradesh,"16.778425387223518, 82.2335408769899",16.778425387223518,82.2335408769899,NH,Others,7,7,Auto Rickshaw,Car,Nil
2110,2023-05-14,Sunday,Down Ghat Road,Andhra Pradesh,"13.665835253772624, 79.35545376279207",13.665835253772624,79.35545376279207,OR,Hit From Back,2,15,Car,Car,Nil
2111,2023-05-12,Friday,Manavanur,Tamil Nadu,"10.662304008166837, 78.48712223302037",10.662304008166837,78.48712223302037,OR,Hit and Run,1,0,Pedestrian,Unidentified,Nil
2112,2023-05-13,Saturday,Injivila,Kerala,"8.336072038159156, 77.16521481414783",8.336072038159156,77.16521481414783,OR,Others,1,3,Van,Truck,Nil
2113,2023-05-12,Friday,Rudraram,Telangana,"17.56342679834879, 78.16770899013699",17.56342679834879,78.16770899013699,NH,Others,2,5,Car,Lorry,Nil
2114,2023-05-13,Saturday,Goda Bridge,Jharkhand,"24.80025772501129, 87.15824578520979",24.80025772501129,87.15824578520979,OR,Others,6,0,Van,Truck,Nil
2115,2023-05-15,Monday,Eturu,Andhra Pradesh,"16.62935579167121, 80.29636849992056",16.62935579167121,80.29636849992056,OR,Head On Collision ,7,7,Car,Truck,Nil
2116,2023-05-14,Sunday,Rampir Chowkdi,Gujarat,"22.311075697733802, 70.76787272628474",22.311075697733802,70.76787272628474,OR,Others,1,0,Two Wheeler,Car,Rajkot
2117,2023-05-14,Sunday,Radhanagar,Odisha,"21.051306281360723, 83.91365567008084",21.051306281360723,83.91365567008084,OR,Hit and Run,1,0,Pedestrian,Car,Nil
2118,2023-05-14,Sunday,Ashti,Maharashtra,"18.804968416390004, 75.17015042127169",18.804968416390004,75.17015042127169,NH,Hit and Run,1,0,Pedestrian,Truck,Nil
2119,2023-05-16,Tuesday,Chilli Road ,Uttar Pradesh,"25.62757885056971, 79.63697950278241",25.62757885056971,79.63697950278241,OR,Head On Collision ,9,2,Truck,Truck,Nil
2120,2023-05-15,Monday,Dhola Sadiya Bridge,Assam,"27.76943733746193, 95.65374721111075",27.76943733746193,95.65374721111075,NH,Others,3,0,Van,Truck,Nil
2121,2023-05-14,Sunday,Sector 106,Uttar Pradesh,"28.49618001981984, 77.00253347934087",28.49618001981984,77.00253347934087,OR,Hit From Side,2,2,Car,Car,Nil
2122,2023-05-14,Sunday,Alimudinpur,Haryana,"28.433092443942915, 76.77249975598184",28.433092443942915,76.77249975598184,OR,Head On Collision ,1,0,Two Wheeler,Two Wheeler,Nil
2123,2023-05-14,Sunday,Farukh Nagar,Haryana,"28.446692741063604, 76.82678614415475",28.446692741063604,76.82678614415475,OR,Head On Collision ,2,0,Two Wheeler,Car,Nil
2124,2023-05-16,Tuesday,Sorubhogia,Assam,"26.58042910620352, 92.97227385644999",26.58042910620352,92.97227385644999,NH,Head On Collision ,1,0,Car,Truck,Nil
2125,2023-05-17,Wednesday,Pallipadu,Telangana,"17.209109244273062, 80.325958696251",17.209109244273062,80.325958696251,SH,Others,6,6,Auto Rickshaw,Truck,Nil
2126,2023-05-15,Monday,Bambooliya,Rajasthan,"25.57648446034837, 76.33329118678887",25.57648446034837,76.33329118678887,SH,Hit and Run,2,0,Two Wheeler,Unidentified,Nil
2127,2023-05-16,Tuesday,Yernagudem,Andhra Pradesh,"17.00076294621888, 81.5062003930243",17.00076294621888,81.5062003930243,SH,Others,3,1,Car,Lorry,Nil
2128,2023-05-15,Monday,Muttarasanallur,Tamil Nadu,"10.866736127743652, 78.64833877259802",10.866736127743652,78.64833877259802,NH,Hit From Side,2,1,Two Wheeler,Truck,Nil
2129,2023-05-18,Thursday,Maksi,Madhya Pradesh,"23.26370761395095, 76.14744145850553",23.26370761395095,76.14744145850553,NH,Head On Collision ,5,12,Bus,Tractor,Nil
2130,2023-05-17,Wednesday,Pondugala,Andhra Pradesh,"16.67926935007853, 79.66248211341204",16.67926935007853,79.66248211341204,NH,Head On Collision ,6,12,Auto Rickshaw,Lorry,Nil
2131,2023-05-17,Wednesday,Kailash nagar Road,Punjab,"30.946015011751513, 75.87469597708284",30.946015011751513,75.87469597708284,OR,Hit From Back,1,0,Bicycle,Truck,Ludhiana
2132,2023-05-14,Sunday,Bali Temple Chowk,Maharashtra,"20.019610619058987, 73.83157767368121",20.019610619058987,73.83157767368121,NH,Hit and Run,1,0,Pedestrian,Car,Nashik
2133,2023-05-18,Thursday,Maraila,Bihar,"25.158006354303094, 84.57618368224203",25.158006354303094,84.57618368224203,OR,Hit and Run,2,3,Pedestrian,Truck,Nil
2134,2023-05-18,Thursday,Potheri,Tamil Nadu,"12.823057474988138, 80.03896235121917",12.823057474988138,80.03896235121917,NH,Fixed Object Collision,1,3,Car,Divider,Nil
2135,2023-05-19,Friday,Khanapur,Telangana,"17.399204732101218, 78.2978296792505",17.399204732101218,78.2978296792505,OR,Head On Collision ,4,8,Car,Truck,Hyderabad
2136,2023-05-19,Friday,Pandav Gufa ,Madhya Pradesh,"22.458929431952306, 78.43159187029599",22.458929431952306,78.43159187029599,OR,Others,2,1,Two Wheeler,Bus,Nil
2137,2023-05-19,Friday,Amkha Jamkha Temple,Madhya Pradesh,"22.546919588305357, 75.11433040537862",22.546919588305357,75.11433040537862,SH,Others,2,0,Two Wheeler,Van,Nil
2138,2023-05-19,Friday,Avinashi,Tamil Nadu,"11.178657535974327, 77.28351918035565",11.178657535974327,77.28351918035565,NH,Head On Collision ,1,0,Two Wheeler,Truck,Nil
2139,2023-05-21,Sunday,Dau Ki Dhani,Rajasthan,"26.289380122248215, 72.98903516477132",26.289380122248215,72.98903516477132,OR,Hit and Run,3,3,Pedestrian,Car,Jodhpur
2140,2023-05-20,Saturday,Allapalli,Telangana,"17.831677149948206, 80.47934896924103",17.831677149948206,80.47934896924103,OR,Hit and Run,1,0,Pedestrian,Truck,Nil
2141,2023-05-19,Friday,Barabanki,Uttar Pradesh,"26.926113113328356, 81.19154588524788",26.926113113328356,81.19154588524788,OR,Fixed Object Collision,2,0,Two Wheeler,Divider,Nil
2142,2023-05-19,Friday,Panjappur,Tamil Nadu,"10.746921559423647, 78.6455010530811",10.746921559423647,78.6455010530811,NH,Hit and Run,1,0,Pedestrian,Unidentified,Nil
2143,2023-05-19,Friday,Kondayampatti,Tamil Nadu,"10.051890874482725, 78.02665165658672",10.051890874482725,78.02665165658672,OR,Hit From Back,1,2,Two Wheeler,Car,Nil
2144,2023-05-20,Saturday,Hathnewra,Chhattisgarh,"21.99116294346415, 82.67920013557844",21.99116294346415,82.67920013557844,OR,Head On Collision ,3,1,Truck,Truck,Nil
2145,2023-05-21,Sunday,Turra ,Uttar Pradesh,"25.253720506975284, 80.62226774171855",25.253720506975284,80.62226774171855,OR,Fixed Object Collision,4,3,Car,Tree,Nil
2146,2023-05-21,Sunday,Moti Nagar Metro Station,Delhi,"28.657938863884233, 77.14284095346959",28.657938863884233,77.14284095346959,OR,Head On Collision ,1,0,Two Wheeler,Car,Delhi
2147,2023-05-21,Sunday,Sector 44,Chandigarh,"30.712085035693633, 76.75594125815886",30.712085035693633,76.75594125815886,OR,Hit From Back,1,0,Two Wheeler,Car,Chandigarh
2148,2023-05-21,Sunday,Crown Plaza,Delhi,"28.528629314704364, 77.27201529697041",28.528629314704364,77.27201529697041,OR,Hit and Run,1,0,Two Wheeler,Unidentified,Delhi
2149,2023-05-20,Saturday,Thimmanayakanpatti,Tamil Nadu,"11.584178081246849, 78.43565184391947",11.584178081246849,78.43565184391947,SH,Others,2,1,Two Wheeler,Two Wheeler,Nil
2150,2023-05-22,Monday,Bahiyari Baghel,Uttar Pradesh,"26.27985704650891, 84.02809963900654",26.27985704650891,84.02809963900654,NH,Head On Collision ,5,2,Car,Truck,Nil
2151,2023-05-20,Saturday,Bilhaur,Uttar Pradesh,"26.840230265993203, 80.06125384380458",26.840230265993203,80.06125384380458,SH,Hit and Run,2,0,Pedestrian,Unidentified,Nil
2152,2023-05-21,Sunday,Sukhalpur,Madhya Pradesh,"23.15479893747073, 80.02441612541712",23.15479893747073,80.02441612541712,OR,Hit and Run,3,0,Two Wheeler,Unidentified,Nil
2153,2023-05-21,Sunday,NIBM Road,Maharashtra,"18.465853555443914, 73.90236271808875",18.465853555443914,73.90236271808875,OR,Others,1,2,Two Wheeler,Bus,Pune
2154,2023-05-22,Monday,Singhpur Intersection,Uttar Pradesh,"26.52308826379063, 80.25936286737951",26.52308826379063,80.25936286737951,OR,Head On Collision ,1,5,Car,Truck,Kanpur
2155,2023-05-23,Tuesday,Sindkhed Raja,Maharashtra,"19.9557426189721, 76.12676823183878",19.9557426189721,76.12676823183878,NH,Others,6,10,Bus,Truck,Nil
2156,2023-05-23,Tuesday,Bhagirthipet,Telangana,"18.254448229292652, 79.79804790757784",18.254448229292652,79.79804790757784,NH,Hit From Back,2,0,Two Wheeler,Bus,Nil
2157,2023-05-21,Sunday,Raghunath Mall,Uttarakhand,"29.919611675072307, 78.05949750276415",29.919611675072307,78.05949750276415,NH,Run Off Road,3,0,Car,Nil,Nil
2158,2023-05-22,Monday,Kalyan Tola,Bihar,"25.29871835646036, 86.56513074018348",25.29871835646036,86.56513074018348,OR,Head On Collision ,2,19,Tractor,Truck,Nil
2159,2023-05-23,Tuesday,Daryapur-Anjanpur Road,Maharashtra,"20.933124777983238, 77.31047292439219",20.933124777983238,77.31047292439219,SH,Others,5,7,Car,Truck,Nil
2160,2023-05-21,Sunday,Samrala-Khanna Road ,Punjab,"30.720272946060447, 76.21287250565365",30.720272946060447,76.21287250565365,OR,Hit and Run,2,1,Pedestrian,Car,Nil
2161,2023-05-22,Monday,Ananthasagar,Telangana,"18.185689871947872, 78.99827938163496",18.185689871947872,78.99827938163496,SH,Hit and Run,2,0,Two Wheeler,Unidentified,Nil
2162,2023-05-23,Tuesday,Dwarka Flyover ,Maharashtra,"19.995374057489297, 73.79922775340391",19.995374057489297,73.79922775340391,NH,Hit From Back,2,2,Pedestrian,Truck,Nashik
2163,2023-05-24,Wednesday,Dachan,Jammu,"33.974810793483904, 74.59033277424749",33.974810793483904,74.59033277424749,OR,Vehicle Overturn,7,3,Car,Gorge,Nil
2164,2023-05-22,Monday,Pragati Maidan Tunnel,Delhi,"28.61638510313593, 77.23915280946918",28.61638510313593,77.23915280946918,OR,Fixed Object Collision,1,0,Two Wheeler,Crash Barrier,Delhi
2165,2023-05-23,Tuesday,Ahirwan Petrol Pump,Uttar Pradesh,"26.39260624312494, 80.40648150720796",26.39260624312494,80.40648150720796,NH,Head On Collision ,2,5,Auto Rickshaw,Truck,Kanpur
2166,2023-05-24,Wednesday,Gavhan Phata,Maharashtra,"18.959125416155533, 73.03754264490712",18.959125416155533,73.03754264490712,NH,Hit From Back,1,0,Truck,Truck,Mumbai
2167,2023-05-24,Wednesday,Pudukkottai,Tamil Nadu,"10.383572324507266, 78.80021343583162",10.383572324507266,78.80021343583162,OR,Hit From Side,2,3,Car,Bus,Nil
2168,2023-05-24,Wednesday,Thiruvaiyaru,Tamil Nadu,"10.87957559210605, 79.10592880631965",10.87957559210605,79.10592880631965,SH,Head On Collision ,2,0,Two Wheeler,Truck,Nil
2169,2023-05-25,Thursday,Malegaon Phata,Maharashtra,"20.96527777650913, 76.04176327335774",20.96527777650913,76.04176327335774,SH,Hit From Back,4,1,Truck,Truck,Nil
2170,2023-05-25,Thursday,Welcome Metro Station,Delhi,"28.67231676164302, 77.27617292569107",28.67231676164302,77.27617292569107,OR,Hit From Back,2,4,Truck,Truck,Delhi
2171,2023-05-24,Wednesday,Umaria ,Madhya Pradesh,"23.54055054162176, 80.85060766024782",23.54055054162176,80.85060766024782,NH,Run Off Road,3,4,Bus,Nil,Nil
2172,2023-05-24,Wednesday,Khandwa,Madhya Pradesh,"21.827937304606596, 76.35258632220565",21.827937304606596,76.35258632220565,OR,Others,4,2,Auto Rickshaw,Truck,Nil
2173,2023-05-23,Tuesday,Padi Flyover,Tamil Nadu,"13.102038565817605, 80.19456946948829",13.102038565817605,80.19456946948829,NH,Hit From Side,1,1,Two Wheeler,Van,Chennai
2174,2023-05-24,Wednesday,Pilkhuni,Uttar Pradesh,"28.052591408060994, 78.29483000047574",28.052591408060994,78.29483000047574,OR,Fixed Object Collision,4,1,Car,Tree,Nil
2175,2023-05-24,Wednesday,Trimbak Road,Maharashtra,"19.98531286231017, 73.72266561422636",19.98531286231017,73.72266561422636,NH,Fixed Object Collision,2,0,Two Wheeler,Divider,Nashik
2176,2023-05-25,Thursday,PU Patiala,Punjab,"30.3552132898427, 76.45288901520625",30.3552132898427,76.45288901520625,NH,Fixed Object Collision,1,3,Car,Divider,Nil
2177,2023-05-24,Wednesday,Amaltas Hotel,Madhya Pradesh,"22.73001473024037, 75.88893329697535",22.73001473024037,75.88893329697535,OR,Others,1,2,Two Wheeler,Van,Indore
2178,2023-05-26,Friday,Pathak Para,West Bengal,"22.507262235093524, 88.31799068197438",22.507262235093524,88.31799068197438,OR,Hit From Back,1,5,Two Wheeler,Car,Kolkata
2179,2023-05-26,Friday,Ladpura,Uttar Pradesh,"28.430318137116966, 77.58849206933408",28.430318137116966,77.58849206933408,OR,Head On Collision ,1,27,Bus,Truck,Nil
2180,2023-05-26,Friday,Vadgam,Gujarat,"24.07743199621307, 72.4930467900081",24.07743199621307,72.4930467900081,OR,Run Off Road,2,5,Van,Nil,Nil
2181,2023-05-25,Thursday,Lohia Nagar,Uttarakhand,"28.924500965627992, 80.02175010701443",28.924500965627992,80.02175010701443,OR,Vehicle Overturn,5,0,Car,Gorge,Nil
2182,2023-05-27,Saturday,Prithviganj bazar,Uttar Pradesh,"25.857059061121298, 82.03654266740922",25.857059061121298,82.03654266740922,OR,Others,4,4,Two Wheeler,Car,Nil
2183,2023-05-27,Saturday,Manasa-Mandsaur Road,Madhya Pradesh,"24.323199162589155, 75.09684306102972",24.323199162589155,75.09684306102972,OR,Hit From Back,3,5,Van,Tractor,Nil
2184,2023-05-27,Saturday,Kalapipal,Madhya Pradesh,"23.338487479479618, 76.84109290842527",23.338487479479618,76.84109290842527,OR,Head On Collision ,3,1,Two Wheeler,Two Wheeler,Nil
2185,2023-05-27,Saturday,Bazarwada,Maharashtra,"20.9559731304577, 78.2432261280754",20.9559731304577,78.2432261280754,NH,With Parked Vehicle,2,2,Two Wheeler,Truck,Nil
2186,2023-05-27,Saturday,Ghunki Phata,Maharashtra,"16.888652627320347, 74.29689048934819",16.888652627320347,74.29689048934819,NH,Head On Collision ,2,4,Car,Road Roller,Nil
2187,2023-05-27,Saturday,Gangadevipalli,Andhra Pradesh,"14.974872964051963, 77.9708180280057",14.974872964051963,77.9708180280057,OR,Head On Collision ,1,0,Car,Bus,Nil
2188,2023-05-27,Saturday,Koraon,Uttar Pradesh,"24.99746969684642, 82.07063786109495",24.99746969684642,82.07063786109495,NH,Run Off Road,4,3,Tractor,Nil,Nil
2189,2023-05-27,Saturday,Talera Bypas,Rajasthan,"25.3159040742894, 75.72513591395585",25.3159040742894,75.72513591395585,OR,Head On Collision ,2,0,Two Wheeler,Car,Nil
2190,2023-05-28,Sunday,Anta-Mangrole Route,Rajasthan,"25.24145090449659, 76.4170516201448",25.24145090449659,76.4170516201448,OR,Vehicle Overturn,2,0,Two Wheeler,Ditch,Nil
2191,2023-05-28,Sunday,Kharsia,Chhattisgarh,"21.99161539930445, 83.10276624312077",21.99161539930445,83.10276624312077,OR,Head On Collision ,2,2,Two Wheeler,Truck,Nil
2192,2023-05-28,Sunday,Sumatia ,Uttar Pradesh,"25.15918784043028, 82.29764974462974",25.15918784043028,82.29764974462974,OR,Head On Collision ,3,0,Two Wheeler,Truck,Nil
2193,2023-05-28,Sunday,Sanwara,Rajasthan,"24.723486672093372, 72.69215949811516",24.723486672093372,72.69215949811516,NH,Hit and Run,1,0,Pedestrian,Truck,Nil
2194,2023-05-28,Sunday,Alandi,Maharashtra,"18.671285439418426, 73.89176004586301",18.671285439418426,73.89176004586301,NH,Others,2,0,Two Wheeler,Truck,Nil
2195,2023-05-28,Sunday,Oddanchatram,Tamil Nadu,"10.488928534399184, 77.75423363918173",10.488928534399184,77.75423363918173,OR,Head On Collision ,4,0,Two Wheeler,Two Wheeler,Nil
2196,2023-05-30,Tuesday,Nagya-Sakya Dam,Maharashtra,"20.351560447588792, 74.61469924021402",20.351560447588792,74.61469924021402,SH,Run Off Road,3,0,Car,Nil,Nil
2197,2023-05-29,Monday,Jalukbari,Assam,"26.142538562492177, 91.6433789711754",26.142538562492177,91.6433789711754,NH,Fixed Object Collision,7,6,Car,Divider,Nil
2198,2023-05-29,Monday,Gate 2 Eco Park,West Bengal,"22.60023985705244, 88.47126723572954",22.60023985705244,88.47126723572954,NH,Hit From Back,1,0,Two Wheeler,Car,Kolkata
2199,2023-05-28,Sunday,Faguha,Uttar Pradesh,"26.996916394213308, 79.82457331197028",26.996916394213308,79.82457331197028,NH,Hit and Run,4,0,Car,Divider,Nil
2200,2023-05-29,Monday,Kochbong,Jharkhand,"23.265102757441678, 85.35964941884438",23.265102757441678,85.35964941884438,NH,Head On Collision ,2,0,Two Wheeler,Truck,Nil
2201,2023-05-29,Monday,Deulgaon,Maharashtra,"20.023097137337786, 76.05391096253284",20.023097137337786,76.05391096253284,NH,Fixed Object Collision,3,0,Car,Crash Barrier,Nil
2202,2023-05-30,Tuesday,Kotli Jhajjar,Jammu,"32.89352148056466, 74.95023232201062",32.89352148056466,74.95023232201062,OR,Vehicle Overturn,10,57,Bus,Gorge,Nil
2203,2023-05-29,Monday,Brengi Nala,Jammu,"33.63836597789224, 75.18143463279759",33.63836597789224,75.18143463279759,OR,Run Off Road,4,1,Car,Nil,Nil
2204,2023-05-28,Sunday,Mhalunge,Maharashtra,"18.741503255343982, 73.80679903280713",18.741503255343982,73.80679903280713,OR,Hit From Back,1,0,Two Wheeler,Truck,Nil
2205,2023-05-29,Monday,Nagpur Rural,Maharashtra,"21.022126387967447, 79.05837239652519",21.022126387967447,79.05837239652519,NH,Hit From Back,2,1,Two Wheeler,Truck,Nil
2206,2023-05-29,Monday,Raigad,Maharashtra,"18.236795838980232, 73.43018324281921",18.236795838980232,73.43018324281921,OR,Fixed Object Collision,3,0,Two Wheeler,Crash Barrier,Nil
2207,2023-05-30,Tuesday,Chasapada,Odisha,"20.207506530603148, 86.23957723738448",20.207506530603148,86.23957723738448,OR,Others,2,2,Two Wheeler,Truck,Nil
2208,2023-05-30,Tuesday,Fakirtilla,Assam,"24.756062862717506, 92.79783840938212",24.756062862717506,92.79783840938212,SH,Hit and Run,1,0,Pedestrian,Car,Nil
2209,2023-05-29,Monday,Angamaly,Kerala,"10.206891963020581, 76.3816975284847",10.206891963020581,76.3816975284847,NH,Hit From Back,1,0,Two Wheeler,Truck,Nil
2210,2023-05-30,Tuesday,Dola ,Madhya Pradesh,"23.2207786763906, 82.1391344491615",23.2207786763906,82.1391344491615,NH,Fixed Object Collision,1,8,Van,Wall,Nil
2211,2023-05-30,Tuesday,Merlapaka,Andhra Pradesh,"13.701738469291202, 79.61565202413612",13.701738469291202,79.61565202413612,NH,Head On Collision ,3,2,Car,Bus,Nil
2212,2023-05-29,Monday,Dhana Kalan,Haryana,"29.08479135674568, 76.02049168666043",29.08479135674568,76.02049168666043,NH,With Parked Vehicle,5,0,Car,Truck,Nil
2213,2023-05-31,Wednesday,Kardana Valley,Chhattisgarh,"22.906604242045166, 83.3411406397845",22.906604242045166,83.3411406397845,OR,Vehicle Overturn,4,2,Auto Rickshaw,Gorge,Nil
2214,2023-05-29,Monday,Prahaladapura,Rajasthan,"26.729754265943544, 75.88821050471624",26.729754265943544,75.88821050471624,NH,Run Off Road,1,0,Truck,Nil,Nil
2215,2023-05-30,Tuesday,Bara Chowki,Uttarakhand,"28.867241360189695, 79.60380266975899",28.867241360189695,79.60380266975899,NH,Others,1,3,Two Wheeler,Truck,Nil
2216,2023-05-28,Sunday,Bhumi World,Maharashtra,"19.263252623284735, 73.07385798382778",19.263252623284735,73.07385798382778,NH,Run Off Road,3,4,Auto Rickshaw,Nil,Nil
2217,2023-05-29,Monday,Konijerla,Telangana,"17.221873806921188, 80.28852864196776",17.221873806921188,80.28852864196776,SH,Others,3,1,Car,Truck,Nil
2218,2023-06-01,Thursday,Chuttupalu,Jharkhand,"23.55822930484313, 85.51819526709328",23.55822930484313,85.51819526709328,NH,Head On Collision ,1,4,Two Wheeler,Truck,Nil
2219,2023-05-31,Wednesday,Kesampet,Telangana,"16.952227067226254, 78.34649925869014",16.952227067226254,78.34649925869014,OR,Run Off Road,2,0,Tractor,Nil,Nil
2220,2023-06-01,Thursday,Nemawar Road,Madhya Pradesh,"22.6816174328255, 75.91844288078036",22.6816174328255,75.91844288078036,SH,Head On Collision ,3,0,Two Wheeler,Bus,Indore
2221,2023-05-31,Wednesday,Rishpur,Haryana,"29.375490482597172, 77.11159937852136",29.375490482597172,77.11159937852136,OR,Hit From Side,4,14,Pick Up,Truck,Nil
2222,2023-06-03,Saturday,Pulicherla,Andhra Pradesh,"13.599974583481439, 79.04166918566283",13.599974583481439,79.04166918566283,SH,Head On Collision ,4,8,SUV,Truck,Nil
2223,2023-06-04,Sunday,Alwalpur,Uttar Pradesh,"25.65614839446144, 84.00098268937968",25.65614839446144,84.00098268937968,OR,Others,1,0,Two Wheeler,Tractor,Nil
2224,2023-06-04,Sunday,Dehat,Uttar Pradesh,"27.430886099799, 82.18028626782547",27.430886099799,82.18028626782547,NH,Run Off Road,1,11,Van,Nil,Nil
2225,2023-06-02,Friday,Dhamna,Maharashtra,"21.137338770033, 78.84364499167924",21.137338770033,78.84364499167924,NH,Hit and Run,1,0,Pedestrian,Bus,Nil
2226,2023-06-02,Friday,Awasthi Nagar,Maharashtra,"21.18648474209671, 79.0697431617838",21.18648474209671,79.0697431617838,SH,Hit From Side,1,0,Two Wheeler,Car,Nagpur
2227,2023-06-02,Friday,Shirdi,Maharashtra,"19.845762413377276, 74.50046317872258",19.845762413377276,74.50046317872258,OR,Fixed Object Collision,3,0,Car,Divider,Nil
2228,2023-06-05,Monday,Perambalur,Tamil Nadu,"11.230915053951833, 78.89193494330785",11.230915053951833,78.89193494330785,NH,Hit From Side,3,5,Ambulance,Van,Nil
2229,2023-06-05,Monday,Jagtial,Telangana,"18.79004629083924, 78.91567433760554",18.79004629083924,78.91567433760554,NH,Fixed Object Collision,2,0,Two Wheeler,Divider,Nil
2230,2023-06-03,Saturday,Kancheepuram,Tamil Nadu,"12.818942558404942, 79.6939373649415",12.818942558404942,79.6939373649415,SH,With Parked Vehicle,5,1,SUV,Truck,Nil
2231,2023-06-03,Saturday,Rangwasa Road,Madhya Pradesh,"22.63910341870802, 75.80651258605481",22.63910341870802,75.80651258605481,OR,Hit and Run,1,3,Two Wheeler,Unidentified,Indore
2232,2023-06-03,Saturday,Nagarda,Chhattisgarh,"22.09674098360512, 82.81789459589393",22.09674098360512,82.81789459589393,OR,Hit From Back,1,1,Two Wheeler,Car,Nil
2233,2023-06-03,Saturday,Mouda,Maharashtra,"21.15219895095875, 79.39686137048565",21.15219895095875,79.39686137048565,SH,Hit From Back,2,0,Two Wheeler,Truck,Nil
2234,2023-06-06,Tuesday,Balichakra Cross,Karnataka,"16.677020159979705, 77.2576421846236",16.677020159979705,77.2576421846236,NH,With Parked Vehicle,5,13,SUV,Lorry,Nil
2235,2023-06-04,Sunday,Mada Market,Madhya Pradesh,"23.277120236616327, 77.46591561454059",23.277120236616327,77.46591561454059,OR,Others,2,0,Two Wheeler,Truck,Bhopal
2236,2023-06-04,Sunday,Rushikonda,Andhra Pradesh,"17.791708971512524, 83.38208920437141",17.791708971512524,83.38208920437141,OR,Fixed Object Collision,2,1,Two Wheeler,Tree,Vizag
2237,2023-06-05,Monday,Meesalur Junction,Tamil Nadu,"9.552181595887037, 77.92605153296493",9.552181595887037,77.92605153296493,OR,Head On Collision ,2,0,Two Wheeler,Bus,Nil
2238,2023-06-05,Monday,Narayan Temple Narhe,Maharashtra,"18.442636108492092, 73.83795009781468",18.442636108492092,73.83795009781468,NH,Hit and Run,1,1,Two Wheeler,Unidentified,Pune
2239,2023-06-05,Monday,Warje,Maharashtra,"18.487444956836356, 73.79553133382488",18.487444956836356,73.79553133382488,NH,Fixed Object Collision,1,0,Van,Divider,Pune
2240,2023-06-06,Tuesday,Kakra,Uttar Pradesh,"29.376789849487103, 77.57564302635546",29.376789849487103,77.57564302635546,OR,Run Off Road,1,4,Car,Nil,Nil
2241,2023-06-08,Thursday,Dol,Madhya Pradesh,"24.39397454147242, 82.184398592748",24.39397454147242,82.184398592748,OR,Hit From Side,7,2,SUV,Truck,Nil
2242,2023-06-07,Wednesday,Sikar Fatehpur,Rajasthan,"27.98310030694659, 74.95927813972753",27.98310030694659,74.95927813972753,NH,Head On Collision ,4,0,Car,Truck,Nil
2243,2023-06-08,Thursday,Kalyanpur,Uttar Pradesh,"28.621003810007025, 79.88569340043732",28.621003810007025,79.88569340043732,OR,Fixed Object Collision,2,1,Two Wheeler,Tree,Nil
2244,2023-06-08,Thursday,Hanuman Temple,Uttar Pradesh,"28.420436211949628, 80.61075215362085",28.420436211949628,80.61075215362085,SH,Others,4,0,Two Wheeler,SUV,Nil
2245,2023-06-08,Thursday,Sector 105,Punjab,"30.657921507594924, 76.68126626279295",30.657921507594924,76.68126626279295,OR,Others,1,0,Two Wheeler,Car,Chandigarh
2246,2023-06-08,Thursday,Lalru,Punjab,"30.486880645140086, 76.79866452861589",30.486880645140086,76.79866452861589,NH,Others,1,1,Two Wheeler,Car,Nil
2247,2023-06-09,Friday,Dilippur,Uttar Pradesh,"25.900823158335076, 82.03348339821075",25.900823158335076,82.03348339821075,OR,Hit and Run,1,0,Pedestrian,Car,Nil
2248,2023-06-08,Thursday,NLU Crossing,Delhi,"28.598511871145497, 77.022208942851",28.598511871145497,77.022208942851,OR,Hit From Back,3,2,Two Wheeler,Car,Delhi
2249,2023-06-07,Wednesday,Sector 74,Haryana,"28.41172315510464, 77.01410199627452",28.41172315510464,77.01410199627452,OR,Head On Collision ,1,1,Two Wheeler,Truck,Nil
2250,2023-06-07,Wednesday,Paud Phata Flyover,Maharashtra,"18.506485494909512, 73.82415909499015",18.506485494909512,73.82415909499015,NH,Hit and Run,1,0,Two Wheeler,Unidentified,Pune
2251,2023-06-09,Friday,Dhar,Madhya Pradesh,"22.596254016898165, 75.3053349208528",22.596254016898165,75.3053349208528,SH,Fixed Object Collision,1,2,Car,Divider,Nil
2252,2023-06-09,Friday,Madora ,Uttar Pradesh,"27.696920279188575, 77.96077334358009",27.696920279188575,77.96077334358009,OR,Hit and Run,3,2,Pedestrian,Truck,Nil
2253,2023-06-11,Sunday,Sector 62,Uttar Pradesh,"28.632289493423333, 77.36539524201442",28.632289493423333,77.36539524201442,NH,Others,2,0,Two Wheeler,Pick Up,Nil
2254,2023-06-09,Friday,Sakalo ,Chhattisgarh,"23.185176355581998, 83.20007518788057",23.185176355581998,83.20007518788057,SH,Hit From Back,2,0,Two Wheeler,Tractor,Nil
2255,2023-06-11,Sunday,SV Puram Toll Plaza,Andhra Pradesh,"13.525494674057821, 79.53284088005621",13.525494674057821,79.53284088005621,NH,Head On Collision ,5,8,Car,Van,Nil
2256,2023-06-12,Monday,Khambale,Maharashtra,"19.959401850114677, 73.62838369715573",19.959401850114677,73.62838369715573,NH,Fixed Object Collision,4,0,SUV,Wall,Nil
2257,2023-06-12,Monday,Ananthapalle,Telangana,"18.548883113647605, 78.92095323598625",18.548883113647605,78.92095323598625,OR,Head On Collision ,7,2,Car,Lorry,Nil
2258,2023-06-10,Saturday,Tikri,Uttar Pradesh,"29.226897674090505, 77.35537421261732",29.226897674090505,77.35537421261732,OR,Head On Collision ,2,0,Car,Tractor,Nil
2259,2023-06-10,Saturday,Baheri,Bihar,"25.842486533799722, 86.15846883478056",25.842486533799722,86.15846883478056,SH,With Parked Vehicle,3,3,SUV,Truck,Nil
2260,2023-06-09,Friday,Jalan Industrial Complex,West Bengal,"22.596841299135423, 88.22499293827853",22.596841299135423,88.22499293827853,NH,Hit From Back,1,0,Two Wheeler,Truck,Nil
2261,2023-06-11,Sunday,Bassi,Rajasthan,"26.857110735518543, 76.05251985209249",26.857110735518543,76.05251985209249,NH,Hit and Run,1,7,SUV,Unidentified,Nil
2262,2023-06-11,Sunday,Varve,Maharashtra,"18.300659178926384, 73.87327571238676",18.300659178926384,73.87327571238676,NH,Others,2,11,Bus,Bus,Nil
2263,2023-06-13,Tuesday,Khandala Ghat,Maharashtra,"18.766786409968578, 73.36808732810299",18.766786409968578,73.36808732810299,NH,Run Off Road,3,2,Truck,Nil,Nil
2264,2023-06-11,Sunday,Narmadapuram,Madhya Pradesh,"22.745317860282693, 77.71886225449711",22.745317860282693,77.71886225449711,SH,Vehicle Overturn,1,2,Car,Nil,Nil
2265,2023-06-11,Sunday,Dwarikapuri,Madhya Pradesh,"22.68975654233917, 75.81658010159019",22.68975654233917,75.81658010159019,OR,Others,2,0,Two Wheeler,Two Wheeler,Indore
2266,2023-06-11,Sunday,Vanasthalipuram,Telangana,"17.328789071705273, 78.57527231688721",17.328789071705273,78.57527231688721,OR,Head On Collision ,1,0,Two Wheeler,Car,Hyderabad
2267,2023-06-13,Tuesday,Bilkhiriya Kalan,Madhya Pradesh,"23.256171756488932, 77.58396859018498",23.256171756488932,77.58396859018498,NH,Fixed Object Collision,1,1,Car,Divider,Nil
2268,2023-06-14,Wednesday,Chintapalle,Andhra Pradesh,"17.864449840793693, 82.35669410632896",17.864449840793693,82.35669410632896,SH,Vehicle Overturn,1,5,Auto Rickshaw,Gorge,Nil
2269,2023-06-12,Monday,Water Park,Uttar Pradesh,"26.90359105736207, 80.74522051742348",26.90359105736207,80.74522051742348,NH,Head On Collision ,2,0,Two Wheeler,Truck,Nil
2270,2023-06-13,Tuesday,Basavanalagaddi,Karnataka,"16.458666461870724, 74.610610324329",16.458666461870724,74.610610324329,NH,Head On Collision ,3,0,Two Wheeler,Truck,Nil
2271,2023-06-14,Wednesday,Mohali,Punjab,"30.744455685753547, 76.65300091998748",30.744455685753547,76.65300091998748,NH,Head On Collision ,2,3,Car,Truck,Nil
2272,2023-06-14,Wednesday,Khanpur ,Punjab,"30.75464311684099, 76.62702085801223",30.75464311684099,76.62702085801223,NH,Hit and Run,1,1,Two Wheeler,Unidentified,Nil
2273,2023-06-14,Wednesday,Bashona,Himachal Pradesh,"31.871031353069032, 77.17674375720803",31.871031353069032,77.17674375720803,OR,Vehicle Overturn,2,5,Bus,Gorge,Nil
2274,2023-06-14,Wednesday,Ideal corner,Maharashtra,"18.93511912853356, 72.83320592256824",18.93511912853356,72.83320592256824,OR,Hit From Back,2,0,Two Wheeler,Car,Mumbai
2275,2023-06-15,Thursday,Sendivakkam,Tamil Nadu,"12.456115475442362, 79.80665086504534",12.456115475442362,79.80665086504534,OR,Hit and Run,3,0,Two Wheeler,Unidentified,Nil
2276,2023-06-15,Thursday,Sholavaram,Tamil Nadu,"13.23587436451, 80.16353683437387",13.23587436451,80.16353683437387,OR,Hit From Back,3,0,Van,Truck,Nil
2277,2023-06-15,Thursday,Dumar Kachhar,Madhya Pradesh,"23.220569810001827, 82.14021984486837",23.220569810001827,82.14021984486837,NH,Hit From Side,2,1,Two Wheeler,Tractor,Nil
2278,2023-06-15,Thursday,Mattam Bhimavaram,Andhra Pradesh,"17.77508388188508, 81.93230487674732",17.77508388188508,81.93230487674732,OR,Run Off Road,3,23,Car,Nil,Nil
2279,2023-06-16,Friday,Gundlapalli,Telangana,"18.1910150092227, 79.94125134695838",18.1910150092227,79.94125134695838,NH,Fixed Object Collision,2,0,Two Wheeler,Divider,Nil
2280,2023-06-15,Thursday,Cheragi,Assam,"24.319184264505672, 92.3935605339114",24.319184264505672,92.3935605339114,OR,Head On Collision ,1,5,Two Wheeler,Two Wheeler,Nil
2281,2023-06-16,Friday,Golai,Assam,"27.364983421131786, 95.63581024948334",27.364983421131786,95.63581024948334,NH,Fixed Object Collision,4,0,Car,Tree,Nil
2282,2023-06-16,Friday,Sadiq,Punjab,"30.70778960736176, 74.5862918130782",30.70778960736176,74.5862918130782,NH,Hit From Back,2,0,Two Wheeler,Car,Nil
2283,2023-06-17,Saturday,Madiki ,Andhra Pradesh,"16.853922537345586, 81.83287099647276",16.853922537345586,81.83287099647276,OR,Head On Collision ,5,8,Van,Car,Nil
2284,2023-06-16,Friday,Patara,Uttar Pradesh,"26.23328811501155, 80.19739508037516",26.23328811501155,80.19739508037516,NH,Hit From Back,2,0,Two Wheeler,Truck,Nil
2285,2023-06-16,Friday,Kudrail,Uttar Pradesh,"26.908299948636813, 79.32611242580302",26.908299948636813,79.32611242580302,SH,With Parked Vehicle,2,0,Two Wheeler,Truck,Nil
2286,2023-06-17,Saturday,Light Point,Punjab,"30.691489027661596, 76.80276584159046",30.691489027661596,76.80276584159046,OR,Others,2,2,Car,Pick Up,Chandigarh
2287,2023-06-18,Sunday,Gopa Thanda,Telangana,"17.45545988105435, 80.03897049783521",17.45545988105435,80.03897049783521,OR,Fixed Object Collision,1,0,Car,Tree,Nil
2288,2023-06-18,Sunday,Nakkala Gutta,Telangana,"17.99746582469721, 79.55341351504958",17.99746582469721,79.55341351504958,NH,Hit From Back,1,0,Two Wheeler,Tractor,Nil
2289,2023-06-18,Sunday,Hosur,Karnataka,"13.350788599372498, 78.12633462478937",13.350788599372498,78.12633462478937,OR,Head On Collision ,1,0,Two Wheeler,Two Wheeler,Nil
2290,2023-06-17,Saturday,Ulwe ,Maharashtra,"18.95911023747639, 73.03754993419261",18.95911023747639,73.03754993419261,NH,Fixed Object Collision,1,8,Car,Divider,Mumbai
2291,2023-06-19,Monday,Aji Dam,Gujarat,"22.277910961179764, 70.83712461683756",22.277910961179764,70.83712461683756,SH,Hit and Run,1,0,Pedestrian,Unidentified,Rajkot
2292,2023-06-18,Sunday,Peddemul,Telangana,"17.33957787635739, 77.65964276766196",17.33957787635739,77.65964276766196,OR,Run Off Road,1,7,Car,Nil,Nil
2293,2023-06-19,Monday,Kamalam,Gujarat,"23.14767795817291, 72.63447060232629",23.14767795817291,72.63447060232629,SH,Hit From Back,2,0,Two Wheeler,SUV,Nil
2294,2023-06-18,Sunday,Andalpuram,Tamil Nadu,"9.910021498271881, 78.1026413210903",9.910021498271881,78.1026413210903,OR,Hit From Back,1,1,Two Wheeler,Bus,Madurai
2295,2023-06-21,Wednesday,Mahavan,Uttar Pradesh,"27.432897597797343, 77.74385250237044",27.432897597797343,77.74385250237044,OR,Hit From Back,2,4,Car,Car,Nil
2296,2023-06-20,Tuesday,Tanda,Uttarakhand,"29.08143734978924, 79.4343409189833",29.08143734978924,79.4343409189833,OR,Hit From Back,1,3,Car,Bus,Nil
2297,2023-06-20,Tuesday,Rudrapur,Uttarakhand,"28.98335325862951, 79.39969602063346",28.98335325862951,79.39969602063346,NH,Head On Collision ,1,1,Two Wheeler,Car,Nil
2298,2023-06-20,Tuesday,Phase 3 ,Chandigarh,"30.701206517740417, 76.73811454173993",30.701206517740417,76.73811454173993,OR,Hit From Side,1,0,Two Wheeler,Car,Chandigarh
2299,2023-06-19,Monday,Sanskruti Restaurant,Maharashtra,"19.97185408552217, 73.67979012376445",19.97185408552217,73.67979012376445,NH,Head On Collision ,2,0,Two Wheeler,Car,Nil
2300,2023-06-20,Tuesday,Nirjan,Haryana,"29.332361839831194, 76.37216804741239",29.332361839831194,76.37216804741239,SH,Others,5,0,Two Wheeler,Truck,Nil
2301,2023-06-19,Monday,Muradpur chowk,Bihar,"26.009284444916908, 85.45375751333216",26.009284444916908,85.45375751333216,OR,With Parked Vehicle,3,3,Auto Rickshaw,Truck,Nil
2302,2023-06-21,Wednesday,Dhola Sadiya Bridge,Assam,"27.77358509486043, 95.67086946778453",27.77358509486043,95.67086946778453,NH,Others,2,2,Car,Truck,Nil
2303,2023-06-22,Thursday,Munsyari,Uttarakhand,"30.073308494026286, 80.23227754186095",30.073308494026286,80.23227754186095,OR,Vehicle Overturn,9,2,Van,Ditch,Nil
2304,2023-06-20,Tuesday,Trichy-Chennai Highway,Tamil Nadu,"12.847072511762255, 80.06271346863879",12.847072511762255,80.06271346863879,NH,Others,1,1,Truck,Bus,Nil
2305,2023-06-23,Friday,Dilawarpur,Uttar Pradesh,"27.814941762985036, 79.76385319067194",27.814941762985036,79.76385319067194,OR,Hit and Run,5,0,Two Wheeler,Unidentified,Nil
2306,2023-06-21,Wednesday,Vellarada,Kerala,"8.450163992481496, 77.19757532729035",8.450163992481496,77.19757532729035,SH,Head On Collision ,1,1,Two Wheeler,Bus,Nil
2307,2023-06-22,Thursday,Ashewadi,Maharashtra,"20.083073793949193, 73.77859641679767",20.083073793949193,73.77859641679767,NH,Head On Collision ,1,18,Bus,Truck,Nil
2308,2023-06-22,Thursday,Betma,Madhya Pradesh,"22.68327527925999, 75.59793443490256",22.68327527925999,75.59793443490256,NH,Hit From Side,1,0,Tractor,Pick Up,Nil
2309,2023-06-23,Friday,"Container Road, Kothad",Kerala,"10.051053118430016, 76.27806293541411",10.051053118430016,76.27806293541411,NH,Head On Collision ,1,0,Two Wheeler,Truck,Kochi
2310,2023-06-23,Friday,"Bus Stand, Khanna",Punjab,"30.70024014344755, 76.23035644118198",30.70024014344755,76.23035644118198,NH,Hit From Back,1,3,Two Wheeler,Car,Nil
2311,2023-06-25,Sunday,Manapparai,Tamil Nadu,"10.61183830601981, 78.42016708282694",10.61183830601981,78.42016708282694,NH,Head On Collision ,5,43,Car,Bus,Nil
2312,2023-06-25,Sunday,Ratibad,Madhya Pradesh,"23.167945289815453, 77.3267537652711",23.167945289815453,77.3267537652711,OR,Run Off Road,1,0,Two Wheeler,Nil,Nil
2313,2023-06-24,Saturday,Nadaan Toll Plaza,Madhya Pradesh,"23.147531539038862, 77.49416701923114",23.147531539038862,77.49416701923114,NH,Others,2,2,Car,Truck,Bhopal
2314,2023-06-25,Sunday,Pathipakka,Telangana,"18.120734574152223, 79.75291085449805",18.120734574152223,79.75291085449805,OR,Head On Collision ,4,2,Car,Truck,Nil
2315,2023-06-26,Monday,Labhandi,Chhattisgarh,"21.242615785247907, 81.71692281259834",21.242615785247907,81.71692281259834,OR,Hit From Side,1,1,Two Wheeler,Truck,Nil
2316,2023-06-25,Sunday,Sahara City,Madhya Pradesh,"22.69082489617324, 75.92354945767228",22.69082489617324,75.92354945767228,NH,Hit and Run,1,2,Car,Unidentified,Indore
2317,2023-06-24,Saturday,Heera Nagar,Madhya Pradesh,"22.761970283369127, 75.87019988551579",22.761970283369127,75.87019988551579,OR,Hit and Run,1,2,Pedestrian,Truck,Indore
2318,2023-06-25,Sunday,Digapahandi,Odisha,"19.379155917903457, 84.56402811194185",19.379155917903457,84.56402811194185,SH,Head On Collision ,12,7,Bus,Bus,Nil
2319,2023-06-26,Monday,Asud,Maharashtra,"17.783140945007844, 73.14286877145818",17.783140945007844,73.14286877145818,SH,Head On Collision ,8,7,Auto Rickshaw,Truck,Nil
2320,2023-06-24,Saturday,Chandausi,Uttar Pradesh,"28.462468848143303, 78.78201806861269",28.462468848143303,78.78201806861269,SH,With Parked Vehicle,4,2,Car,Tractor,Nil
2321,2023-06-26,Monday,Lake Town Signal,West Bengal,"22.599929666572297, 88.40657926212091",22.599929666572297,88.40657926212091,SH,Others,3,0,Car,Bus,Kolkata
2322,2023-06-27,Tuesday,Pungar,Odisha,"18.60637277246491, 82.8891851360104",18.60637277246491,82.8891851360104,NH,Head On Collision ,3,0,Car,Truck,Nil
2323,2023-06-26,Monday,Tengraha,Bihar,"26.086922458388713, 86.42599986691215",26.086922458388713,86.42599986691215,OR,Hit and Run,3,3,Car,Unidentified,Nil
2324,2023-06-25,Sunday,Kamrajar Salai,Tamil Nadu,"13.051380004620876, 80.1969697187545",13.051380004620876,80.1969697187545,OR,Head On Collision ,2,1,Two Wheeler,Two Wheeler,Chennai
2325,2023-06-26,Monday,Parimal Underpass,Gujarat,"23.01695205478013, 72.55818940250673",23.01695205478013,72.55818940250673,OR,Hit From Back,1,0,Two Wheeler,Auto Rickshaw,Ahmedabad
2326,2023-06-27,Tuesday,Buhara ,Madhya Pradesh,"25.74849216956742, 78.60550516097877",25.74849216956742,78.60550516097877,OR,Vehicle Overturn,5,45,Truck,Gorge,Nil
2327,2023-06-27,Tuesday,Khankra,Uttarakhand,"30.243923473720816, 78.91689244931618",30.243923473720816,78.91689244931618,NH,Vehicle Overturn,2,0,Car,Gorge,Nil
2328,2023-06-27,Tuesday,Hokara,Uttarakhand,"30.022750832765524, 80.08423925666357",30.022750832765524,80.08423925666357,OR,Vehicle Overturn,2,0,Car,Gorge,Nil
2329,2023-06-27,Tuesday,Pungar,Odisha,"18.606254762435785, 82.88917481988419",18.606254762435785,82.88917481988419,NH,Head On Collision ,3,0,Car,Truck,Nil
2330,2023-06-28,Wednesday,Sohila ,Uttar Pradesh,"26.98310578465751, 82.37030535846033",26.98310578465751,82.37030535846033,OR,Head On Collision ,3,0,Two Wheeler,Car,Nil
2331,2023-06-28,Wednesday,Bhainsa Square,Madhya Pradesh,"22.988988433898864, 78.80014586648151",22.988988433898864,78.80014586648151,OR,Run Off Road,1,8,Van,Nil,Nil
2332,2023-06-28,Wednesday,Kashipur,Odisha,"21.629953725719254, 85.61631793560692",21.629953725719254,85.61631793560692,OR,Hit and Run,5,9,Pedestrian,Truck,Nil
2333,2023-06-30,Friday,Shirwalwadi,Maharashtra,"17.596038642393033, 76.31305673706431",17.596038642393033,76.31305673706431,NH,Others,6,11,SUV,Truck,Nil
2334,2023-06-28,Wednesday,Manglia,Madhya Pradesh,"22.810110459173696, 75.93722145561746",22.810110459173696,75.93722145561746,NH,Head On Collision ,1,2,Two Wheeler,Truck,Indore
2335,2023-06-29,Thursday,Rara Sahib,Punjab,"30.728382993920068, 75.9467774174068",30.728382993920068,75.9467774174068,OR,Head On Collision ,1,1,Two Wheeler,SUV,Nil
2336,2023-06-29,Thursday,Semri,Madhya Pradesh,"23.12517650408234, 77.43122168083849",23.12517650408234,77.43122168083849,OR,Run Off Road,3,1,Two Wheeler,Nil,Nil
2337,2023-06-29,Thursday,Kamasin,Uttar Pradesh,"25.51412910106251, 80.90581824127567",25.51412910106251,80.90581824127567,SH,With Parked Vehicle,7,2,SUV,Truck,Nil
2338,2023-06-29,Thursday,Bhaji Dongar,Chhattisgarh,"22.32919666548033, 81.38604223361452",22.32919666548033,81.38604223361452,SH,Head On Collision ,1,3,Two Wheeler,Pick Up,Nil
2339,2023-06-30,Friday,Dausa,Rajasthan,"26.90059176967747, 76.33635413685414",26.90059176967747,76.33635413685414,SH,Head On Collision ,2,19,Jugaad Vehicle,Truck,Nil
2340,2023-06-30,Friday,Halena ,Rajasthan,"27.112444707730653, 77.1548691860056",27.112444707730653,77.1548691860056,NH,Run Off Road,2,8,Pick Up,Nil,Nil
2341,2023-06-30,Friday,Jai Narayan Vyas,Rajasthan,"28.013547302257724, 73.35226656572068",28.013547302257724,73.35226656572068,OR,Hit and Run,1,0,Pedestrian,Car,Nil
2342,2023-06-30,Friday,Vani,Maharashtra,"20.330139318991897, 73.8890371514754",20.330139318991897,73.8890371514754,NH,Head On Collision ,4,9,Car,SUV,Nil
2343,2023-06-30,Friday,Kopargaon City,Maharashtra,"19.880345770990324, 74.47938383785612",19.880345770990324,74.47938383785612,OR,Hit From Back,3,6,SUV,Truck,Nil
2344,2023-06-29,Thursday,Kondhwa,Maharashtra,"18.4705841414359, 73.88885344339833",18.4705841414359,73.88885344339833,OR,Hit and Run,1,0,Pedestrian,Bus,Pune
2345,2023-07-01,Saturday,Pimpalkhuta,Maharashtra,"20.89986930559506, 78.17192850782284",20.89986930559506,78.17192850782284,SH,Fixed Object Collision,25,8,Bus,Crash Barrier,Nil
2346,2023-06-29,Thursday,Sainathnagar,Maharashtra,"18.539647938202, 73.9283280399473",18.539647938202,73.9283280399473,OR,Hit and Run,1,0,Pedestrian,Auto Rickshaw,Pune
2347,2023-07-01,Saturday,Telugu Thalli Flyover,Andhra Pradesh,"17.72488384227943, 83.3037833385651",17.72488384227943,83.3037833385651,OR,Others,2,1,Two Wheeler,Car,Vizag
2348,2023-06-30,Friday,Maruvathur,Tamil Nadu,"11.19728614761356, 78.61163488702934",11.19728614761356,78.61163488702934,OR,Hit From Back,2,1,Two Wheeler,Tractor,Nil
2349,2023-06-30,Friday,Shirawalwadi,Maharashtra,"17.596085112964335, 76.31330807698083",17.596085112964335,76.31330807698083,NH,Head On Collision ,6,0,Car,Pick Up,Nil
2350,2023-06-29,Thursday,Undri,Maharashtra,"18.45034931455479, 73.9148294059731",18.45034931455479,73.9148294059731,NH,Head On Collision ,1,1,Two Wheeler,Car,Pune
2351,2023-07-01,Saturday,Shashtri Bridge,Uttar Pradesh,"25.437825022209882, 81.88547858967368",25.437825022209882,81.88547858967368,NH,Hit and Run,2,0,Two Wheeler,Unidentified,Allahabad
2352,2023-07-01,Saturday,Bhora Sahib,Punjab,"30.8043089563217, 75.69175211087017",30.8043089563217,75.69175211087017,OR,Hit and Run,1,0,Two Wheeler,Unidentified,Nil
2353,2023-07-01,Saturday,Goregaon Check Nala,Maharashtra,"19.166759445653202, 72.85840991085807",19.166759445653202,72.85840991085807,OR,Others,2,1,Auto Rickshaw,Bus,Mumbai
2354,2023-07-02,Sunday,Mandovi Bridge,Goa,"15.505507126829208, 73.83663008794925",15.505507126829208,73.83663008794925,NH,Run Off Road,1,1,Two Wheeler,Nil,Nil
2355,2023-07-02,Sunday,Chimbel,Goa,"15.496465152302967, 73.86806130220374",15.496465152302967,73.86806130220374,OR,Head On Collision ,1,0,Two Wheeler,Auto Rickshaw,Nil
2356,2023-07-02,Sunday,Ganur,Maharashtra,"20.297218992215775, 74.21705064714425",20.297218992215775,74.21705064714425,OR,Head On Collision ,2,1,Two Wheeler,Car,Nil
2357,2023-07-02,Sunday,Ambad Industrial Area,Maharashtra,"19.963175090842803, 73.73522265877085",19.963175090842803,73.73522265877085,NH,Hit and Run,1,0,Pedestrian,Unidentified,Nashik
2358,2023-07-01,Saturday,Bhima Nagar,Tamil Nadu,"10.811428715965414, 78.68686747851596",10.811428715965414,78.68686747851596,OR,Run Off Road,1,0,Two Wheeler,Nil,Trichy
2359,2023-07-03,Monday,Nangloi Metro Station,Delhi,"28.682190636621815, 77.06482883540139",28.682190636621815,77.06482883540139,NH,Hit and Run,1,0,Pedestrian,Truck,Delhi
2360,2023-07-03,Monday,Farah,Uttar Pradesh,"27.333046991355754, 77.74108850720583",27.333046991355754,77.74108850720583,NH,Hit From Back,5,30,Car,Tractor,Nil
2361,2023-07-04,Tuesday,Meenakunte,Karnataka,"13.182861576948532, 77.64042676134564",13.182861576948532,77.64042676134564,NH,Hit and Run,2,0,Pedestrian,Car,Nil
2362,2023-07-04,Tuesday,Palm Hotel,Gujarat,"23.030548105592654, 72.67462986022305",23.030548105592654,72.67462986022305,NH,Others,2,0,Two Wheeler,Car,Ahmedabad
2363,2023-07-05,Wednesday,Jharsa,Uttar Pradesh,"28.446434514603936, 77.0515799763355",28.446434514603936,77.0515799763355,OR,With Parked Vehicle,4,4,Car,Truck,Nil
2364,2023-07-04,Tuesday,Todi,Uttar Pradesh,"28.800595985874217, 77.69155531814538",28.800595985874217,77.69155531814538,OR,Vehicle Overturn,3,2,Tractor,Ditch,Nil
2365,2023-07-04,Tuesday,Sithio,Jharkhand,"23.2733146828234, 85.26786617014713",23.2733146828234,85.26786617014713,OR,Hit and Run,2,1,Two Wheeler,Unidentified,Nil
2366,2023-07-05,Wednesday,Thanamandi,Jammu,"33.53860004073549, 74.3692130013987",33.53860004073549,74.3692130013987,OR,Vehicle Overturn,4,8,Van,Gorge,Nil
2367,2023-07-03,Monday,Chitahra,Madhya Pradesh,"24.8569900532828, 80.85815517650241",24.8569900532828,80.85815517650241,OR,With Parked Vehicle,3,0,Two Wheeler,Truck,Nil
2368,2023-07-04,Tuesday,Palasner,Maharashtra,"21.526491901985015, 75.04541360448518",21.526491901985015,75.04541360448518,OR,Others,10,27,Car,Truck,Nil
2369,2023-07-03,Monday,Kheragarh,Uttar Pradesh,"26.948526055877437, 77.82213721435726",26.948526055877437,77.82213721435726,OR,Others,6,3,Auto Rickshaw,SUV,Nil
2370,2023-07-05,Wednesday,Kanhai,Haryana,"28.445938739417365, 77.07586156983061",28.445938739417365,77.07586156983061,OR,Hit and Run,1,0,Bicycle,Unidentified,Nil
2371,2023-07-04,Tuesday,Lehra ,Punjab,"30.70780887921616, 75.85052128077854",30.70780887921616,75.85052128077854,OR,With Parked Vehicle,2,0,Two Wheeler,Truck,Nil
2372,2023-07-05,Wednesday,Dharasu Bridge,Uttarakhand,"30.61041510823068, 78.31587557296793",30.61041510823068,78.31587557296793,NH,Vehicle Overturn,2,1,Car,Gorge,Nil
2373,2023-07-05,Wednesday,Baldeo,Uttar Pradesh,"27.4130121143715, 77.83634673994776",27.4130121143715,77.83634673994776,OR,Run Off Road,1,1,Two Wheeler,Nil,Nil
2374,2023-07-05,Wednesday,Vyttila,Kerala,"9.96918123226607, 76.31808030797357",9.96918123226607,76.31808030797357,NH,Fixed Object Collision,1,2,Car,Tree,Kochi
2375,2023-07-06,Thursday,Devasamudaram Lake,Andhra Pradesh,"14.112205728450064, 79.14641142399371",14.112205728450064,79.14641142399371,OR,Hit From Back,2,0,Two Wheeler,Truck,Nil
2376,2023-07-04,Tuesday,Jalapur,Maharashtra,"20.023174278879043, 73.72377053609887",20.023174278879043,73.72377053609887,OR,Hit and Run,1,0,Pedestrian,Car,Nashik
2377,2023-07-05,Wednesday,Nanekarwadi,Maharashtra,"18.749417898684058, 73.850356039103",18.749417898684058,73.850356039103,OR,Fixed Object Collision,1,0,Auto Rickshaw,Divider,Nil
2378,2023-07-06,Thursday,Lalpur Chowk,Jharkhand,"23.372122382131778, 85.3383079660859",23.372122382131778,85.3383079660859,NH,Others,1,0,Two Wheeler,Mini Truck,Nil
2379,2023-07-06,Thursday,Sihol,Haryana,"28.129996027459196, 77.4250452786808",28.129996027459196,77.4250452786808,OR,Others,2,0,Two Wheeler,Mini Truck,Nil
2380,2023-07-08,Saturday,Aalamkhanpalle,Andhra Pradesh,"14.500348452170238, 78.79270430914352",14.500348452170238,78.79270430914352,SH,Hit and Run,2,0,Pedestrian,Unidentified,Nil
2381,2023-07-08,Saturday,Ambikapur,Chhattisgarh,"23.134643972848664, 83.17614533951239",23.134643972848664,83.17614533951239,NH,Head On Collision ,3,6,Bus,Truck,Nil
2382,2023-07-06,Thursday,Kudasan,Gujarat,"23.17645740327517, 72.63089691963293",23.17645740327517,72.63089691963293,OR,Others,1,2,Two Wheeler,Car,Nil
2383,2023-07-07,Friday,Tenapur,Uttar Pradesh,"26.221793875207293, 80.17699971291343",26.221793875207293,80.17699971291343,OR,Hit From Side,2,0,Two Wheeler,Pick Up,Nil
2384,2023-07-08,Saturday,Bibipur,Haryana,"29.24731227206256, 76.27276503554715",29.24731227206256,76.27276503554715,NH,Head On Collision ,8,9,Pick Up,Bus,Nil
2385,2023-07-09,Sunday,Mitta Kandriga,Andhra Pradesh,"13.734950497020717, 79.67697149541807",13.734950497020717,79.67697149541807,SH,Head On Collision ,6,1,Car,Truck,Nil
2386,2023-07-08,Saturday,Mekalamandi,Telangana,"17.42476346699409, 78.49797381056858",17.42476346699409,78.49797381056858,OR,Hit and Run,4,5,Auto Rickshaw,Unidentified,Hyderabad
2387,2023-07-08,Saturday,Upnagar,Maharashtra,"19.973043167909026, 73.82362838461601",19.973043167909026,73.82362838461601,OR,Run Off Road,1,0,Two Wheeler,Nil,Nashik
2388,2023-07-09,Sunday,Biswanath,Assam,"26.74164118005605, 93.1467641558036",26.74164118005605,93.1467641558036,NH,Run Off Road,2,5,Van,Nil,Nil
2389,2023-07-09,Sunday,Acharapakkam,Tamil Nadu,"12.407247943566375, 79.81709199488411",12.407247943566375,79.81709199488411,NH,With Parked Vehicle,1,3,Car,Bus,Nil
2390,2023-07-09,Sunday,Toll Plaza,Uttar Pradesh,"25.99955275782086, 81.28591050867932",25.99955275782086,81.28591050867932,NH,Others,1,1,Two Wheeler,Truck,Nil
2391,2023-07-11,Tuesday,Dumka-Bhagalpur,Bihar,"25.19297645597938, 86.97401135244662",25.19297645597938,86.97401135244662,SH,Fixed Object Collision,1,4,SUV,Tree,Nil
2392,2023-07-10,Monday,Sukhpal Nagar,Uttar Pradesh,"25.89174102539582, 81.92383711897088",25.89174102539582,81.92383711897088,NH,Hit From Side,12,5,Auto Rickshaw,Truck,Nil
2393,2023-07-09,Sunday,Khat Road,Maharashtra,"21.263189948572233, 79.52188089092472",21.263189948572233,79.52188089092472,NH,Hit From Back,3,2,Car,Truck,Nil
2394,2023-07-11,Tuesday,Darsi,Andhra Pradesh,"15.783792605320818, 79.66491190891459",15.783792605320818,79.66491190891459,SH,Vehicle Overturn,7,30,Bus,Canal,Nil
2395,2023-07-09,Sunday,Trimbakeshwar,Maharashtra,"19.947370143704905, 73.55585011159788",19.947370143704905,73.55585011159788,OR,Head On Collision ,1,3,Two Wheeler,Car,Nil
2396,2023-07-10,Monday,Trimbak Road,Maharashtra,"19.985317567693183, 73.72262380716656",19.985317567693183,73.72262380716656,NH,Fixed Object Collision,1,0,Two Wheeler,Divider,Nashik
2397,2023-07-12,Wednesday,Ganapati Point,Maharashtra,"20.403534343279297, 73.90582566484197",20.403534343279297,73.90582566484197,OR,Vehicle Overturn,1,19,Bus,Gorge,Nil
2398,2023-07-09,Sunday,Mohitewadi,Maharashtra,"18.736472048253287, 73.97798534500052",18.736472048253287,73.97798534500052,OR,Hit From Back,2,0,Car,Truck,Nil
2399,2023-07-10,Monday,Mudalipalayam,Tamil Nadu,"11.100777868386286, 77.44040610848927",11.100777868386286,77.44040610848927,OR,Hit and Run,1,0,Pedestrian,Bus,Nil
2400,2023-07-10,Monday,Goregaon  ,Maharashtra,"21.350086233002326, 80.20560682475954",21.350086233002326,80.20560682475954,NH,Hit and Run,1,0,Pedestrian,Dumper,Nil
2401,2023-07-12,Wednesday,Shankaracharya Chowk,Uttarakhand,"29.874338893273137, 77.89469899198622",29.874338893273137,77.89469899198622,NH,Hit From Back,4,0,Two Wheeler,Truck,Nil
2402,2023-07-12,Wednesday,Kolar Road,Madhya Pradesh,"23.142733816965062, 77.40931545908172",23.142733816965062,77.40931545908172,OR,Vehicle Overturn,1,0,Two Wheeler,Nil,Nil
2403,2023-07-12,Wednesday,Jirota ,Rajasthan,"26.887403902511494, 76.28697453886156",26.887403902511494,76.28697453886156,OR,Hit and Run,3,1,Van,Unidentified,Nil
2404,2023-07-12,Wednesday,Pachewar,Rajasthan,"26.470496021036734, 75.3152059824131",26.470496021036734,75.3152059824131,OR,Run Off Road,1,1,Two Wheeler,Nil,Nil
2405,2023-07-13,Thursday,Alipur,Delhi,"28.79725979298647, 77.14358384309915",28.79725979298647,77.14358384309915,NH,Head On Collision ,5,14,Truck,Truck,Delhi
2406,2023-07-13,Thursday,Masuri,Uttar Pradesh,"28.690012605773603, 77.55622386360136",28.690012605773603,77.55622386360136,NH,Hit and Run,1,1,Two Wheeler,Unidentified,Nil
2407,2023-07-13,Thursday,Hudco Crossing,West Bengal,"22.591289076885882, 88.39318997964698",22.591289076885882,88.39318997964698,OR,Hit From Side,1,0,Bicycle,Bus,Kolkata
2408,2023-07-15,Saturday,Godbunder Road,Maharashtra,"19.28010868465133, 72.93020257928019",19.28010868465133,72.93020257928019,NH,Others,1,0,Truck,Truck,Mumbai
2409,2023-07-14,Friday,Railway Station,Haryana,"30.72651741917425, 76.88807148744922",30.72651741917425,76.88807148744922,NH,Hit and Run,1,0,Pedestrian,Two Wheeler,Nil
2410,2023-07-15,Saturday,Ridge Road,Madhya Pradesh,"23.15531027746484, 79.9676356810251",23.15531027746484,79.9676356810251,OR,Hit and Run,1,1,Two Wheeler,Unidentified,Jabalpur
2411,2023-07-15,Saturday,Komalla Toll Plaza,Telangana,"17.77723778893274, 79.28347228780784",17.77723778893274,79.28347228780784,NH,Hit From Back,2,0,Car,Truck,Nil
2412,2023-07-15,Saturday,Ravindra Bavan,Goa,"15.285699213335, 73.96285214635485",15.285699213335,73.96285214635485,NH,Head On Collision ,1,1,Two Wheeler,Two Wheeler,Nil
2413,2023-07-15,Saturday,Sokhda ,Gujarat,"22.42746233797591, 73.16454651486424",22.42746233797591,73.16454651486424,OR,With Parked Vehicle,1,0,Truck,Truck,Nil
2414,2023-07-15,Saturday,Khijadiya,Gujarat,"22.394064031875715, 70.89276821681919",22.394064031875715,70.89276821681919,OR,Others,1,2,Two Wheeler,Truck,Nil
2415,2023-07-15,Saturday,Pawa ,Punjab,"30.850077716745062, 75.94999913525656",30.850077716745062,75.94999913525656,SH,Others,1,0,Two Wheeler,Car,Ludhiana
2416,2023-07-15,Saturday,Kakka ,Punjab,"30.93849798781761, 75.91757655937334",30.93849798781761,75.91757655937334,OR,Hit and Run,1,0,Pedestrian,Unidentified,Ludhiana
2417,2023-07-15,Saturday,Vishwakarma Ind. Area,Rajasthan,"26.9919191260405, 75.77960747387853",26.9919191260405,75.77960747387853,OR,Hit and Run,1,0,Pedestrian,Bus,Jaipur
2418,2023-07-15,Saturday,Ghatagarh,Uttarakhand,"29.333073306861817, 79.38349265403892",29.333073306861817,79.38349265403892,SH,Vehicle Overturn,2,5,Car,Gorge,Nil
2419,2023-07-17,Monday,Shamirpet,Telangana,"17.580734513527336, 78.57458477358307",17.580734513527336,78.57458477358307,SH,Others,3,2,Car,Truck,Nil
2420,2023-07-18,Tuesday,Kalyan ,Maharashtra,"19.283361250550453, 73.07296920761755",19.283361250550453,73.07296920761755,SH,Others,6,5,SUV,Truck,Nil
2421,2023-07-18,Tuesday,Baikampadi,Karnataka,"12.943582147536443, 74.81411353584795",12.943582147536443,74.81411353584795,NH,Hit From Back,1,0,Two Wheeler,Pick Up,Nil
2422,2023-07-18,Tuesday,Padgha,Maharashtra,"19.365221775630904, 73.17595276220383",19.365221775630904,73.17595276220383,NH,Head On Collision ,6,5,SUV,Truck,Nil
2423,2023-07-17,Monday,Bheru Ghat,Madhya Pradesh,"22.504709484339912, 75.92007233696539",22.504709484339912,75.92007233696539,SH,Others,1,11,Car,Tractor,Nil
2424,2023-07-18,Tuesday,Raj Bhavan,Madhya Pradesh,"23.239611175489642, 77.40402029119473",23.239611175489642,77.40402029119473,OR,Hit From Back,1,0,Two Wheeler,Bus,Bhopal
2425,2023-07-19,Wednesday,Godari,Uttar Pradesh,"26.88885314485958, 81.3825327607542",26.88885314485958,81.3825327607542,OR,Hit From Back,4,5,Auto Rickshaw,Bus,Nil
2426,2023-07-19,Wednesday,Adyar,Tamil Nadu,"13.00427463483464, 80.25694628486691",13.00427463483464,80.25694628486691,OR,Head On Collision ,1,0,Two Wheeler,Two Wheeler,Chennai
2427,2023-07-19,Wednesday,Akbarpur,Rajasthan,"27.44783933216395, 76.53375801558228",27.44783933216395,76.53375801558228,NH,Fixed Object Collision,2,3,Car,Wall,Nil
2428,2023-07-19,Wednesday,ISKCON highway,Gujarat,"23.02732350414269, 72.50753759363785",23.02732350414269,72.50753759363785,NH,Hit and Run,9,13,Pedestrian,SUV,Ahmedabad
2429,2023-07-18,Tuesday,Khadki,Maharashtra,"18.56838897623175, 73.8568299223247",18.56838897623175,73.8568299223247,OR,Hit From Back,1,0,Two Wheeler,Bus,Pune
2430,2023-07-18,Tuesday,Baikampadi,Karnataka,"12.943513792330437, 74.81393688632957",12.943513792330437,74.81393688632957,NH,Hit From Back,1,0,Car,Truck,Nil
2431,2023-07-20,Thursday,Madarahalli,Karnataka,"12.387696410154323, 76.82633417480717",12.387696410154323,76.82633417480717,OR,Head On Collision ,2,0,Two Wheeler,Tractor,Nil
2432,2023-07-21,Friday,Sirhind Canal,Punjab,"30.692619387351282, 76.3794959074616",30.692619387351282,76.3794959074616,OR,Head On Collision ,1,0,Car,Tractor,Nil
2433,2023-07-22,Saturday,Ambilikai,Tamil Nadu,"10.545448277689148, 77.72481674274873",10.545448277689148,77.72481674274873,NH,Head On Collision ,1,12,Van,Bus,Nil
2434,2023-07-23,Sunday,Roorkee,Uttarakhand,"29.850175100254447, 77.88694358522265",29.850175100254447,77.88694358522265,SH,Head On Collision ,3,0,Two Wheeler,Truck,Nil
2435,2023-07-23,Sunday,Paderu,Andhra Pradesh,"18.080453178547184, 82.6669331188854",18.080453178547184,82.6669331188854,SH,Head On Collision ,1,2,Auto Rickshaw,Bus,Nil
2436,2023-07-23,Sunday,Dausa,Rajasthan,"26.9068433148575, 76.35992210416484",26.9068433148575,76.35992210416484,NH,Vehicle Overturn,2,4,Car,Nil,Nil
2437,2023-07-25,Tuesday,B N Neddy Nagar,Telangana,"17.308214301282167, 78.55531807967219",17.308214301282167,78.55531807967219,OR,Fixed Object Collision,1,0,Ambulance,Divider,Hyderabad
2438,2023-07-24,Monday,Ram Sanehi Ghat,Uttar Pradesh,"26.80096147321038, 81.54183631106062",26.80096147321038,81.54183631106062,OR,Head On Collision ,3,14,Bus,Truck,Nil
2439,2023-07-25,Tuesday,Mandothi,Haryana,"28.706120167438847, 76.81654628448722",28.706120167438847,76.81654628448722,OR,Hit From Back,4,1,Car,Truck,Nil
2440,2023-07-24,Monday,SIkenderpur Crossing,Uttar Pradesh,"29.343287859140112, 78.48123104009663",29.343287859140112,78.48123104009663,OR,Hit and Run,4,2,Auto Rickshaw,Unidentified,Nil
2441,2023-07-24,Monday,Awadh Hospital,Maharashtra,"21.18941356729714, 79.07890706183645",21.18941356729714,79.07890706183645,NH,Hit and Run,1,0,Pedestrian,Two Wheeler,Nagpur
2442,2023-07-26,Wednesday,Nirmala College,Kerala,"9.975463714604954, 76.59383233149221",9.975463714604954,76.59383233149221,SH,Head On Collision ,1,1,Two Wheeler,Two Wheeler,Nil
2443,2023-07-25,Tuesday,Pandya Bridge,Gujarat,"22.3220783810779, 73.17605703784807",22.3220783810779,73.17605703784807,SH,Fixed Object Collision,1,1,Car,Wall,Vadodara
2444,2023-07-27,Thursday,Ayali Chowk,Punjab,"30.879510975642283, 75.76906901058389",30.879510975642283,75.76906901058389,NH,Hit From Back,1,0,Two Wheeler,Bus,Ludhiana
2445,2023-07-27,Thursday,Gaimukh Chaupatty,Maharashtra,"19.28685281469373, 72.93836246853392",19.28685281469373,72.93836246853392,NH,Hit From Back,1,0,Two Wheeler,Truck,Nil
2446,2023-07-28,Friday,Tusraur,Uttar Pradesh,"26.454334644356713, 80.80938522178144",26.454334644356713,80.80938522178144,OR,Hit and Run,4,0,Ambulance,Unidentified,Nil
2447,2023-07-29,Saturday,Malkapur,Maharashtra,"20.889867680066132, 76.20250172504635",20.889867680066132,76.20250172504635,NH,Head On Collision ,6,49,Bus,Bus,Nil
2448,2023-07-27,Thursday,Hoskote,Karnataka,"13.076727502263422, 77.79484940283191",13.076727502263422,77.79484940283191,NH,Others,3,0,Two Wheeler,Truck,Bengaluru
2449,2023-07-28,Friday,Hunasamaranahalli,Karnataka,"13.14384493836147, 77.624372307212",13.14384493836147,77.624372307212,OR,Head On Collision ,1,3,Car,Car,Nil
2450,2023-07-29,Saturday,Pusane Dam,Maharashtra,"18.638250855784687, 73.60872106242495",18.638250855784687,73.60872106242495,OR,Vehicle Overturn,3,1,Car,Gorge,Nil
2451,2023-07-28,Friday,Purai,Chhattisgarh,"21.116480283557845, 81.34592244812241",21.116480283557845,81.34592244812241,OR,Hit and Run,1,0,Pedestrian,SUV,Nil
2452,2023-07-29,Saturday,Dange Chowk,Maharashtra,"18.615371342259124, 73.76534619735487",18.615371342259124,73.76534619735487,OR,Head On Collision ,1,0,Two Wheeler,Bus,Pune
2453,2023-07-29,Saturday,Talegaon Chowk,Maharashtra,"18.75535044546152, 73.85912705337374",18.75535044546152,73.85912705337374,NH,Head On Collision ,1,0,Two Wheeler,Truck,Nil
2454,2023-07-30,Sunday,Madipur Metro Station,Delhi,"28.67623196909067, 77.11976228444232",28.67623196909067,77.11976228444232,NH,Hit From Back,1,0,Car,Truck,Delhi
2455,2023-07-29,Saturday,Arkavathi Bridge,Karnataka,"13.063983630489103, 77.45675696322222",13.063983630489103,77.45675696322222,NH,Fixed Object Collision,1,0,Car,Tree,Bengaluru
2456,2023-07-31,Monday,Laxmanpur Block,Uttar Pradesh,"25.895738234585583, 81.75954416310648",25.895738234585583,81.75954416310648,OR,Head On Collision ,1,7,Van,Truck,Nil
2457,2023-07-30,Sunday,CS Crossing,West Bengal,"22.580738360636225, 88.36269469750609",22.580738360636225,88.36269469750609,OR,Hit From Back,2,0,Two Wheeler,Van,Kolkata
2458,2023-07-30,Sunday,ECIL Croassroads,Telangana,"17.473417558726116, 78.57074115954661",17.473417558726116,78.57074115954661,OR,Fixed Object Collision,2,0,Two Wheeler,Divider,Hyderabad
2459,2023-07-30,Sunday,Malshej Ghat,Maharashtra,"19.340618340547415, 73.77462947984067",19.340618340547415,73.77462947984067,NH,Run Off Road,1,3,Car,Nil,Nil
2460,2023-07-30,Sunday,Kardhani,Rajasthan,"26.94906715698638, 75.71400779494428",26.94906715698638,75.71400779494428,SH,Hit From Back,1,1,Car,Car,Jaipur
2461,2023-07-30,Sunday,Bollaram,Telangana,"17.557436347284387, 78.34436305025429",17.557436347284387,78.34436305025429,OR,Hit and Run,2,1,Pedestrian,Two Wheeler,Hyderabad
2462,2023-07-31,Monday,Laxmanpur Block,Uttar Pradesh,"25.888779480200142, 81.75698289173482",25.888779480200142,81.75698289173482,OR,Others,1,8,Van,Truck,Nil
2463,2023-07-30,Sunday,Manegaon,Madhya Pradesh,"23.213958143663376, 80.0090985218308",23.213958143663376,80.0090985218308,OR,Hit and Run,3,3,Car,Unidentified,Nil
2464,2023-07-31,Monday,Tirumangalam,Tamil Nadu,"9.8218491685762, 77.98850757330882",9.8218491685762,77.98850757330882,OR,Head On Collision ,4,0,Car,Truck,Nil
2465,2023-07-31,Monday,Usillampatti,Tamil Nadu,"9.971974262218028, 77.79014828374513",9.971974262218028,77.79014828374513,SH,Fixed Object Collision,2,3,Two Wheeler,Divider,Nil
2466,2023-07-31,Monday,Chatiram Bus Stand,Tamil Nadu,"10.832967682603115, 78.69238286688336",10.832967682603115,78.69238286688336,NH,With Parked Vehicle,1,1,Two Wheeler,Bus,Trichy
2467,2023-07-31,Monday,Ekana Stadium,Uttar Pradesh,"26.810282472380035, 81.0143476850999",26.810282472380035,81.0143476850999,OR,Hit and Run,2,0,Two Wheeler,Unidentified,Lucknow
2468,2023-08-01,Tuesday,Nashik Road,Maharashtra,"19.968881320179385, 73.81875954132272",19.968881320179385,73.81875954132272,OR,Hit From Back,1,0,Two Wheeler,Truck,Nashik
2469,2023-08-02,Wednesday,Exit Ramp,West Bengal,"22.555050138826292, 88.33043791686306",22.555050138826292,88.33043791686306,NH,Hit and Run,1,1,Two Wheeler,Unidentified,Kolkata
2470,2023-08-01,Tuesday,Mangolia Bakery,Karnataka,"12.970198962349617, 77.64061027722435",12.970198962349617,77.64061027722435,OR,Fixed Object Collision,1,0,Two Wheeler,Divider,Bengaluru
2471,2023-08-03,Thursday,Khopoli,Maharashtra,"18.792626273646214, 73.33704445145202",18.792626273646214,73.33704445145202,NH,Head On Collision ,1,2,Truck,Truck,Nil
2472,2023-08-02,Wednesday,Machani,Rajasthan,"26.508614399435555, 77.09166883298951",26.508614399435555,77.09166883298951,OR,Head On Collision ,3,1,Car,Truck,Nil
2473,2023-08-02,Wednesday,Seohara,Uttar Pradesh,"29.20948828934745, 78.58331005758735",29.20948828934745,78.58331005758735,SH,Vehicle Overturn,1,12,Bus,Canal,Nil
2474,2023-08-01,Tuesday,Maharaja Chowk,Chhattisgarh,"21.25610361054896, 81.64819017571949",21.25610361054896,81.64819017571949,OR,Head On Collision ,1,0,Two Wheeler,Truck,Raipur
2475,2023-08-02,Wednesday,Barod,Madhya Pradesh,"23.790393330397887, 75.81140626522262",23.790393330397887,75.81140626522262,OR,Head On Collision ,1,3,Two Wheeler,Two Wheeler,Nil
2476,2023-08-03,Thursday,Gajuwaka Police Station,Andhra Pradesh,"17.683561808411792, 83.19321085391269",17.683561808411792,83.19321085391269,SH,Hit From Back,1,1,Two Wheeler,Lorry,Vizag
2477,2023-08-04,Friday,Sadabad,Uttar Pradesh,"27.440396502183667, 78.03091351380608",27.440396502183667,78.03091351380608,NH,Others,6,8,Tractor,Truck,Nil
2478,2023-08-03,Thursday,Vasant Complex Signal,Maharashtra,"19.215218055594757, 72.83818309180204",19.215218055594757,72.83818309180204,OR,Hit From Side,1,0,Two Wheeler,Truck,Mumbai
2479,2023-08-05,Saturday,Shravasti,Uttar Pradesh,"27.505391980187067, 82.03554597788651",27.505391980187067,82.03554597788651,NH,Fixed Object Collision,5,1,SUV,Tree,Nil
2480,2023-08-05,Saturday,Giridih,Jharkhand,"24.072263680465763, 85.82191827927254",24.072263680465763,85.82191827927254,OR,Vehicle Overturn,4,0,Bus,River,Nil
2481,2023-08-06,Sunday,Nagjhiri,Madhya Pradesh,"23.351381514008605, 75.51082712167447",23.351381514008605,75.51082712167447,SH,Head On Collision ,1,1,Pedestrian,Truck,Nil
2482,2023-08-06,Sunday,Surjagarh Mining Site,Maharashtra,"19.586014984376884, 80.34991964414537",19.586014984376884,80.34991964414537,OR,Hit From Side,3,2,SUV,Truck,Nil
2483,2023-08-06,Sunday,Banastarim Bridge,Goa,"15.49083550304323, 73.9557638984226",15.49083550304323,73.9557638984226,NH,Others,3,6,Two Wheeler,SUV,Nil
2484,2023-08-06,Sunday,Alinagar,Uttar Pradesh,"25.27303559096283, 83.14283064984436",25.27303559096283,83.14283064984436,OR,Hit From Back,3,0,Two Wheeler,Truck,Nil
2485,2023-08-06,Sunday,Bhanwar Kuan,Madhya Pradesh,"22.757812271455755, 75.8829960854251",22.757812271455755,75.8829960854251,OR,Head On Collision ,1,0,Bicycle,SUV,Indore
2486,2023-08-07,Monday,RR Venkatapuram,Andhra Pradesh,"17.76086255268747, 83.20604934039702",17.76086255268747,83.20604934039702,OR,Hit and Run,1,0,Two Wheeler,Unidentified,Vizag
2487,2023-08-07,Monday,Rushikonda,Andhra Pradesh,"17.782622800746065, 83.38476088147338",17.782622800746065,83.38476088147338,OR,Others,3,2,Two Wheeler,Car,Vizag
2488,2023-08-07,Monday,Bareilly-Badaun Road,Uttar Pradesh,"28.19040134234527, 79.28255945008567",28.19040134234527,79.28255945008567,NH,Hit and Run,3,0,Two Wheeler,Unidentified,Nil
2489,2023-08-07,Monday,Hargaon,Uttar Pradesh,"27.772346668282772, 80.72960972130268",27.772346668282772,80.72960972130268,SH,Hit and Run,1,0,Pedestrian,Bus,Nil
2490,2023-08-06,Sunday,M G Road,West Bengal,"22.578594099827008, 88.36075632572151",22.578594099827008,88.36075632572151,OR,Hit From Side,1,1,Two Wheeler,Truck,Kolkata
2491,2023-08-07,Monday,Arilova Police Station,Andhra Pradesh,"17.769051426569803, 83.31192248189018",17.769051426569803,83.31192248189018,OR,Head On Collision ,3,2,Two Wheeler,Car,Vizag
2492,2023-08-07,Monday,East Khasi Hills,Meghalaya,"25.300237533937473, 91.721516168988",25.300237533937473,91.721516168988,SH,Vehicle Overturn,3,2,Truck,Gorge,Nil
2493,2023-08-07,Monday,Dengarbond,Assam,"24.489269130175998, 92.32088668537024",24.489269130175998,92.32088668537024,NH,With Parked Vehicle,3,4,Auto Rickshaw,Truck,Nil
2494,2023-08-08,Tuesday,Danpur,Uttar Pradesh,"28.195515241977162, 78.2066165868646",28.195515241977162,78.2066165868646,NH,Hit and Run,4,1,Van,Unidentified,Nil
2495,2023-08-08,Tuesday,Chhaila,Himachal Pradesh,"30.833192087436238, 77.55849844660118",30.833192087436238,77.55849844660118,OR,Others,2,0,Car,Truck,Nil
2496,2023-08-08,Tuesday,Mashobra,Himachal Pradesh,"31.11378662074655, 77.24902954991805",31.11378662074655,77.24902954991805,NH,Head On Collision ,2,0,Pick Up,Truck,Nil
2497,2023-08-09,Wednesday,Aikala,Karnataka,"13.074535702868497, 74.86041520538336",13.074535702868497,74.86041520538336,SH,Others,1,4,Car,Truck,Nil
2498,2023-08-09,Wednesday,Gollaradoddi,Karnataka,"12.858929474582107, 77.29557672731572",12.858929474582107,77.29557672731572,SH,Hit and Run,2,7,Pedestrian,Pick Up,Nil
2499,2023-08-09,Wednesday,Chakan Petrol Depot,Maharashtra,"18.760809982696408, 73.8595543897488",18.760809982696408,73.8595543897488,NH,Others,1,0,Two Wheeler,Truck,Nil
2500,2023-08-08,Tuesday,Shikrapur Road,Maharashtra,"18.752416135806623, 73.86340955037326",18.752416135806623,73.86340955037326,NH,Hit From Back,1,1,Two Wheeler,Truck,Nil
2501,2023-08-10,Thursday,NH1-Samrala Road,Punjab,"30.834867727188282, 76.19018025869389",30.834867727188282,76.19018025869389,SH,Head On Collision ,1,0,Two Wheeler,Car,Nil
2502,2023-08-09,Wednesday,GT Road ,Punjab,"30.903301297560976, 75.88262065529933",30.903301297560976,75.88262065529933,NH,Hit and Run,1,0,Pedestrian,Car,Ludhiana
2503,2023-08-11,Friday,Bagodara,Gujarat,"22.77515671099874, 72.20665705983748",22.77515671099874,72.20665705983748,OR,With Parked Vehicle,10,13,Truck,Truck,Nil
2504,2023-08-10,Thursday,Katraj-Kondwa Road,Maharashtra,"18.44979819014267, 73.87480734165986",18.44979819014267,73.87480734165986,NH,Others,1,5,Two Wheeler,Truck,Pune
2505,2023-08-09,Wednesday,Weigh Bridge,Maharashtra,"18.56975887441897, 73.95195534701449",18.56975887441897,73.95195534701449,SH,Hit From Back,1,0,Two Wheeler,Truck,Pune
2506,2023-08-09,Wednesday,Dabhaura,Madhya Pradesh,"25.116445023438935, 81.30513615171141",25.116445023438935,81.30513615171141,OR,Head On Collision ,1,1,Two Wheeler,Two Wheeler,Nil
2507,2023-08-10,Thursday,Rampur Baghelan,Madhya Pradesh,"24.51108255238158, 81.0590308442248",24.51108255238158,81.0590308442248,SH,Run Off Road,1,2,Car,Nil,Nil
2508,2023-08-10,Thursday,Seneerkuppam,Tamil Nadu,"13.056567845953595, 80.11598016359757",13.056567845953595,80.11598016359757,NH,Run Off Road,1,0,Two Wheeler,Nil,Chennai
2509,2023-08-11,Friday,Churah,Himachal Pradesh,"32.837051424234, 76.14740975481766",32.837051424234,76.14740975481766,SH,Vehicle Overturn,7,4,SUV,Gorge,Nil
2510,2023-08-09,Wednesday,Kurunthamalai,Tamil Nadu,"11.250069023876964, 76.9189928272169",11.250069023876964,76.9189928272169,OR,Run Off Road,1,1,Auto Rickshaw,Nil,Nil
2511,2023-08-12,Saturday,Didoli,Uttar Pradesh,"28.817463497728394, 77.51232153374531",28.817463497728394,77.51232153374531,OR,Others,1,5,Car,Car,Nil
2512,2023-08-12,Saturday,Bijnor-Moradabad,Uttar Pradesh,"29.110684428396393, 78.45452061817029",29.110684428396393,78.45452061817029,SH,Head On Collision ,2,1,Two Wheeler,Car,Nil
2513,2023-08-10,Thursday,Kudra,Bihar,"25.04439419185049, 83.78879064662499",25.04439419185049,83.78879064662499,OR,Vehicle Overturn,2,3,Car,Ditch,Nil
2514,2023-08-11,Friday,NH 91 ,Uttar Pradesh,"28.96978784143976, 77.72308708067644",28.96978784143976,77.72308708067644,NH,Hit From Back,4,11,Bus,Truck,Meerut
2515,2023-08-12,Saturday,Banthadi,Rajasthan,"27.272623194584476, 74.3461514780576",27.272623194584476,74.3461514780576,NH,Head On Collision ,7,2,SUV,Bus,Nil
2516,2023-08-11,Friday,Dwarka Junction,Maharashtra,"19.993786773445137, 73.7973335560066",19.993786773445137,73.7973335560066,NH,Head On Collision ,1,1,Two Wheeler,Tractor,Nashik
2517,2023-08-11,Friday,Shahgarh,Rajasthan,"27.118041794825277, 69.93024286766027",27.118041794825277,69.93024286766027,OR,Run Off Road,1,12,Truck,Nil,Nil
2518,2023-08-12,Saturday,Trambakeshwar Rd,Maharashtra,"19.985659622504702, 73.72347856930219",19.985659622504702,73.72347856930219,NH,Hit From Side,1,0,Two Wheeler,Bus,Nashik
2519,2023-08-12,Saturday,Mumbai-Agra Highway,Maharashtra,"20.009985337345462, 73.80736261116807",20.009985337345462,73.80736261116807,NH,Hit and Run,1,0,Pedestrian,Truck,Nashik
2520,2023-08-13,Sunday,Pandit Khera,Uttar Pradesh,"26.798333278618305, 80.86899301237791",26.798333278618305,80.86899301237791,OR,Fixed Object Collision,1,2,Two Wheeler,Pole,Lucknow
2521,2023-08-13,Sunday,Valanjanaganam Waterfalls,Kerala,"9.562848772816334, 76.97744036837142",9.562848772816334,76.97744036837142,NH,Fixed Object Collision,1,4,Car,Boulder,Nil
2522,2023-08-13,Sunday,Aganampudi,Andhra Pradesh,"17.688816813889716, 83.13536095932004",17.688816813889716,83.13536095932004,SH,Head On Collision ,1,1,Two Wheeler,Lorry,Vizag
2523,2023-08-14,Monday,Ram Nagar Square,Maharashtra,"21.140461569778598, 79.05529540277223",21.140461569778598,79.05529540277223,OR,Hit and Run,2,0,Pedestrian,SUV,Nagpur
2524,2023-08-10,Thursday,Kalewadi,Maharashtra,"18.61949520107922, 73.7891506475749",18.61949520107922,73.7891506475749,OR,Hit and Run,1,1,Pedestrian,Unidentified,Pune
2525,2023-08-10,Thursday,Airport Police Station,Maharashtra,"18.56171784861093, 73.92150449564899",18.56171784861093,73.92150449564899,OR,Hit and Run,1,0,Pedestrian,Unidentified,Pune
2526,2023-08-14,Monday,Strand Road,West Bengal,"22.570237345573798, 88.34323036387866",22.570237345573798,88.34323036387866,OR,Hit and Run,1,0,Pedestrian,Bus,Kolkata
2527,2023-08-14,Monday,Adhivarampeta,Telangana,"18.62496698970267, 79.57414967110049",18.62496698970267,79.57414967110049,OR,Head On Collision ,2,3,Two Wheeler,Two Wheeler,Nil
2528,2023-08-14,Monday,Annavaram,Andhra Pradesh,"17.28041373131556, 82.4028024501954",17.28041373131556,82.4028024501954,OR,Hit From Side,1,0,Two Wheeler,Train,Nil
2529,2023-08-16,Wednesday,Yellanda,Telangana,"17.79050970644225, 79.59373705001147",17.79050970644225,79.59373705001147,SH,Head On Collision ,4,3,Auto Rickshaw,Truck,Nil
2530,2023-08-16,Wednesday,Hansot,Gujarat,"21.58310869442561, 72.81583668894363",21.58310869442561,72.81583668894363,NH,Head On Collision ,5,1,Car,Car,Nil
2531,2023-08-14,Monday,Sultanpur,Haryana,"28.46389670070146, 76.86761282185974",28.46389670070146,76.86761282185974,SH,Hit and Run,1,0,Pedestrian,Unidentified,Nil
2532,2023-08-13,Sunday,Sohna,Haryana,"28.24920565718072, 77.07056343317039",28.24920565718072,77.07056343317039,NH,Hit and Run,1,0,Pedestrian,Car,Nil
2533,2023-08-15,Tuesday,Damain De Goa,Goa,"15.545454618404014, 73.81973857583796",15.545454618404014,73.81973857583796,NH,Hit From Back,1,0,Two Wheeler,Car,Nil
2534,2023-08-15,Tuesday,Nildoh,Maharashtra,"21.10828200994058, 78.9973576948831",21.10828200994058,78.9973576948831,SH,Head On Collision ,1,0,Car,Car,Nagpur
2535,2023-08-15,Tuesday,Manewada Ring Rd,Maharashtra,"21.10530315457456, 79.1023890007021",21.10530315457456,79.1023890007021,SH,Hit From Back,1,0,Two Wheeler,Car,Nagpur
2536,2023-08-16,Wednesday,Subramanyapura Main Rd,Karnataka,"12.894851958582207, 77.54345972730623",12.894851958582207,77.54345972730623,OR,Hit From Back,1,1,Two Wheeler,Bus,Bengaluru
2537,2023-08-15,Tuesday,Kengeri,Karnataka,"12.901359657642328, 77.48064622395468",12.901359657642328,77.48064622395468,OR,Head On Collision ,2,0,Two Wheeler,Two Wheeler,Bengaluru
2538,2023-08-17,Thursday,Jagiroad,Assam,"26.126260291002918, 92.22288940239844",26.126260291002918,92.22288940239844,NH,With Parked Vehicle,1,1,Car,Truck,Nil
2539,2023-08-17,Thursday,Karukutty,Kerala,"10.220069377607278, 76.37654768696075",10.220069377607278,76.37654768696075,NH,With Parked Vehicle,1,0,Two Wheeler,Truck,Nil
2540,2023-08-17,Thursday,Sangamwadi Road,Maharashtra,"18.540174458325453, 73.86657950342148",18.540174458325453,73.86657950342148,OR,Fixed Object Collision,1,2,Car,Tree,Pune
2541,2023-08-16,Wednesday,Devanhalli,Karnataka,"13.247219024008837, 77.71523898888026",13.247219024008837,77.71523898888026,SH,Head On Collision ,1,0,Auto Rickshaw,Car,Nil
2542,2023-08-17,Thursday,Vellore Junction,Tamil Nadu,"12.973442283421878, 79.13679354809453",12.973442283421878,79.13679354809453,NH,Head On Collision ,1,0,Two Wheeler,Car,Nil
2543,2023-08-18,Friday,Masuri,Uttar Pradesh,"28.690276131788746, 77.55656718405524",28.690276131788746,77.55656718405524,NH,Hit From Back,2,0,Two Wheeler,Truck,Nil
2544,2023-08-17,Thursday,Punasa,Madhya Pradesh,"22.228147119078038, 76.3892470157241",22.228147119078038,76.3892470157241,NH,Head On Collision ,5,0,Car,Truck,Nil
2545,2023-08-18,Friday,Zaheerabad,Telangana,"17.681089254303846, 77.61236092908304",17.681089254303846,77.61236092908304,NH,With Parked Vehicle,2,0,SUV,Lorry,Nil
2546,2023-08-19,Saturday,Sholavaram,Tamil Nadu,"13.23587101257823, 80.16222497942577",13.23587101257823,80.16222497942577,OR,Others,2,0,Truck,Truck,Nil
2547,2023-08-19,Saturday,Kiari,Jammu,"33.478381280053554, 78.12942261481611",33.478381280053554,78.12942261481611,NH,Run Off Road,9,1,Truck,Gorge,Nil
2548,2023-08-19,Saturday,Kalluzuvvalapadu,Andhra Pradesh,"15.66117681454957, 79.37095283899914",15.66117681454957,79.37095283899914,NH,Head On Collision ,3,0,Two Wheeler,Lorry,Nil
2549,2023-08-19,Saturday,Kohefiza,Madhya Pradesh,"23.264444809516142, 77.36799818599366",23.264444809516142,77.36799818599366,NH,Fixed Object Collision,1,2,Car,Divider,Bhopal
2550,2023-08-19,Saturday,Dantour,Rajasthan,"28.447514038563543, 72.50583094706732",28.447514038563543,72.50583094706732,SH,Run Off Road,2,0,Tractor,Nil,Nil
2551,2023-08-20,Sunday,Gogaji ka Mandir,Rajasthan,"26.127266592327196, 71.70584702930225",26.127266592327196,71.70584702930225,OR,Head On Collision ,4,0,Car,SUV,Nil
2552,2023-08-19,Saturday,Suramangalam,Tamil Nadu,"11.672412197067684, 78.11336365577785",11.672412197067684,78.11336365577785,SH,Hit From Back,1,0,Two Wheeler,Truck,Nil
2553,2023-08-19,Saturday,Sector 88-89,Punjab,"30.686526810276586, 76.68769151423894",30.686526810276586,76.68769151423894,OR,Others,1,0,Two Wheeler,Car,Chandigarh
2554,2023-08-19,Saturday,Sector 79-80,Punjab,"30.67587252607595, 76.71632881713427",30.67587252607595,76.71632881713427,OR,Hit From Back,1,0,Car,Car,Chandigarh
2555,2023-08-19,Saturday,Ambience Mall,Haryana,"28.505679419621313, 77.09515629776202",28.505679419621313,77.09515629776202,NH,Hit From Back,1,0,Two Wheeler,Truck,Nil
2556,2023-08-18,Friday,Badshapur,Haryana,"28.400218220285943, 77.0553242670287",28.400218220285943,77.0553242670287,OR,With Parked Vehicle,1,0,Truck,Truck,Nil
2557,2023-08-22,Tuesday,Janetpur,Haryana,"30.40225062567659, 76.84004836169441",30.40225062567659,76.84004836169441,NH,Run Off Road,1,20,Bus,Nil,Nil
2558,2023-08-20,Sunday,Pahadishareef,Telangana,"17.271495902783936, 78.47430228461764",17.271495902783936,78.47430228461764,NH,Head On Collision ,2,1,Two Wheeler,Car,Nil
2559,2023-08-21,Monday,Nedumbassery,Kerala,"10.16772796294925, 76.39780852001687",10.16772796294925,76.39780852001687,OR,Hit and Run,2,0,Pedestrian,Pick Up,Nil
2560,2023-08-20,Sunday,Kamarjar Salai,Tamil Nadu,"9.915441411988324, 78.13896722200971",9.915441411988324,78.13896722200971,NH,Hit and Run,1,0,Pedestrian,Van,Madurai
2561,2023-08-20,Sunday,Annur Rd,Tamil Nadu,"11.298174176722066, 76.94513587158295",11.298174176722066,76.94513587158295,SH,Head On Collision ,1,2,Two Wheeler,Ambulance,Nil
2562,2023-08-21,Monday,Shalimar Garden,Uttar Pradesh,"28.691932403285964, 77.33678078547268",28.691932403285964,77.33678078547268,OR,Hit From Back,1,0,Two Wheeler,Truck,Gaziabad
2563,2023-08-22,Tuesday,Ladwa,Haryana,"29.9957053797992, 77.0486020196515",29.9957053797992,77.0486020196515,SH,Hit and Run,3,0,Pedestrian,Truck,Nil
2564,2023-08-20,Sunday,Hoshangabad,Madhya Pradesh,"22.751634702786603, 77.73461701052376",22.751634702786603,77.73461701052376,SH,Run Off Road,1,1,Two Wheeler,Nil,Nil
2565,2023-08-24,Thursday,Nanguneri,Tamil Nadu,"8.498665296965612, 77.6462597092211",8.498665296965612,77.6462597092211,NH,Fixed Object Collision,1,2,Car,Divider,Nil
2566,2023-08-22,Tuesday,Ambikapur,Chhattisgarh,"23.13316258972121, 83.18878594223186",23.13316258972121,83.18878594223186,SH,Head On Collision ,1,4,Two Wheeler,Two Wheeler,Nil
2567,2023-08-23,Wednesday,Shahpura,Rajasthan,"27.388980544486092, 75.96671846191002",27.388980544486092,75.96671846191002,NH,Hit From Back,1,2,Two Wheeler,Truck,Nil
2568,2023-08-23,Wednesday,Viceroy Hotel Junction,Telangana,"17.451342787330926, 78.38104333538644",17.451342787330926,78.38104333538644,OR,Hit From Side,1,0,Two Wheeler,Ambulance,Hyderabad
2569,2023-08-22,Tuesday,Kalka Garhi,Uttar Pradesh,"28.662980647792224, 77.43490765196495",28.662980647792224,77.43490765196495,OR,Head On Collision ,1,0,Auto Rickshaw,Pick Up,Gaziabad
2570,2023-08-25,Friday,Thalappuzha,Kerala,"11.840930233375301, 75.95055112014207",11.840930233375301,75.95055112014207,SH,Vehicle Overturn,9,5,SUV,Gorge,Nil
2571,2023-08-23,Wednesday,Janakpuri Flyover,Delhi,"28.631346923035448, 77.0818813363592",28.631346923035448,77.0818813363592,OR,Hit and Run,1,0,Auto Rickshaw,Unidentified,Delhi
2572,2023-08-24,Thursday,Maraimalai Nagar,Tamil Nadu,"12.791326441035999, 80.01769579977045",12.791326441035999,80.01769579977045,NH,Hit From Back,1,1,Two Wheeler,Bus,Nil
2573,2023-08-25,Friday,Guduvancheri,Tamil Nadu,"12.846801349674353, 80.06235325918077",12.846801349674353,80.06235325918077,NH,Hit From Side,1,0,Two Wheeler,Van,Nil
2574,2023-08-26,Saturday,Changsari,Assam,"26.256250000402886, 91.69280263799766",26.256250000402886,91.69280263799766,NH,Head On Collision ,2,0,Two Wheeler,Crane,Nil
2575,2023-08-26,Saturday,Alamganj,Assam,"26.128804962300286, 90.0254069171231",26.128804962300286,90.0254069171231,NH,Head On Collision ,4,0,Auto Rickshaw,Van,Nil
2576,2023-08-26,Saturday,Ghilamora,Assam,"27.31703597739719, 94.41760606780939",27.31703597739719,94.41760606780939,SH,Hit and Run,1,0,Pedestrian,Truck,Nil
2577,2023-08-26,Saturday,Dima Hasao,Assam,"25.393771643853654, 92.98962189205335",25.393771643853654,92.98962189205335,NH,Head On Collision ,2,0,Two Wheeler,Truck,Nil
2578,2023-08-26,Saturday,Kurubur,Karnataka,"13.321789144109163, 78.07760234862599",13.321789144109163,78.07760234862599,OR,Head On Collision ,1,1,Two Wheeler,Two Wheeler,Nil
2579,2023-08-26,Saturday,Bheemili,Andhra Pradesh,"17.895374230787624, 83.44778969493336",17.895374230787624,83.44778969493336,SH,Fixed Object Collision,1,2,Car,Tree,Vizag
2580,2023-08-26,Saturday,Padigaon,Chhattisgarh,"21.702561875384728, 83.38795776884582",21.702561875384728,83.38795776884582,OR,Hit From Side,1,0,Bicycle,SUV,Nil
2581,2023-08-27,Sunday,D Devraj Road,Karnataka,"12.30921530576476, 76.64911575461109",12.30921530576476,76.64911575461109,OR,Hit and Run,1,0,Pedestrian,Car,Mysuru
2582,2023-08-27,Sunday,KV School,Andhra Pradesh,"16.523463485755627, 80.64832013172766",16.523463485755627,80.64832013172766,OR,Head On Collision ,3,0,Pedestrian,Car,Vijaywada
2583,2023-08-28,Monday,Sirsi Rd,Rajasthan,"26.921577125238546, 75.68245750182908",26.921577125238546,75.68245750182908,OR,Run Off Road,1,4,Pick Up,Nil,Jaipur
2584,2023-08-28,Monday,Baraon,Jharkhand,"24.02723054080821, 84.25260722071732",24.02723054080821,84.25260722071732,OR,Others,3,5,Two Wheeler,Car,Nil
2585,2023-08-27,Sunday,Gawand Baug,Maharashtra,"19.224773342527858, 72.96066429859722",19.224773342527858,72.96066429859722,OR,Hit and Run,1,0,Pedestrian,Car,Nil
2586,2023-08-28,Monday,Ghodbunder Rd,Maharashtra,"19.280128171189915, 72.93019233843965",19.280128171189915,72.93019233843965,SH,Fixed Object Collision,1,0,Two Wheeler,Divider,Mumbai
2587,2023-08-27,Sunday,Ambad midc area,Maharashtra,"19.960408654471735, 73.75268243502768",19.960408654471735,73.75268243502768,NH,Hit From Back,1,0,Two Wheeler,Truck,Nashik
2588,2023-08-28,Monday,Trimbak Rd,Maharashtra,"19.98603451987088, 73.72394889574069",19.98603451987088,73.72394889574069,NH,Fixed Object Collision,1,0,Car,Divider,Nashik
2589,2023-08-28,Monday,Kemmale,Karnataka,"12.441736029521028, 77.3080470585587",12.441736029521028,77.3080470585587,OR,Head On Collision ,6,10,SUV,Bus,Nil
2590,2023-08-30,Wednesday,Pakhnari,Bihar,"24.976070430300325, 83.89878856152365",24.976070430300325,83.89878856152365,NH,With Parked Vehicle,7,2,SUV,Truck,Nil
2591,2023-08-29,Tuesday,Kattadimukku,Kerala,"8.867314259792794, 76.90562902084645",8.867314259792794,76.90562902084645,OR,Vehicle Overturn,1,5,Car,Ditch,Nil
2592,2023-08-29,Tuesday,Pendurthi,Andhra Pradesh,"17.814127169015446, 83.20677087782397",17.814127169015446,83.20677087782397,SH,Hit From Back,1,4,Car,Lorry,Vizag
2593,2023-08-29,Tuesday,AJC Bose Flyover,West Bengal,"22.54136274637016, 88.35231875100482",22.54136274637016,88.35231875100482,OR,Head On Collision ,1,0,Two Wheeler,Truck,Kolkata
2594,2023-08-29,Tuesday,Gosaiganj,Uttar Pradesh,"26.767376982619385, 81.10833638872137",26.767376982619385,81.10833638872137,OR,Head On Collision ,2,0,Two Wheeler,Van,Nil
2595,2023-08-28,Monday,Chamorshi Rd,Maharashtra,"20.16410972916241, 80.00055656151187",20.16410972916241,80.00055656151187,NH,Head On Collision ,1,1,Truck,Truck,Nil
2596,2023-08-30,Wednesday,Banjari,Madhya Pradesh,"23.177107142412584, 77.41762091915119",23.177107142412584,77.41762091915119,OR,Head On Collision ,3,0,Van,Bus,Bhopal
2597,2023-08-29,Tuesday,Kham Kheda,Madhya Pradesh,"23.385506251333524, 77.39998461391264",23.385506251333524,77.39998461391264,SH,Head On Collision ,3,4,Auto Rickshaw,SUV,Nil
2598,2023-08-31,Thursday,Red Light Multan Nagar,Delhi,"28.6781524924097, 77.1048332973475",28.6781524924097,77.1048332973475,NH,Hit From Side,2,0,Two Wheeler,Truck,Delhi
2599,2023-08-31,Thursday,Pedda Amberpet,Telangana,"17.319861649675634, 78.64434500581801",17.319861649675634,78.64434500581801,NH,Hit and Run,1,0,Pedestrian,Lorry,Nil
2600,2023-08-31,Thursday,Kalhatty Ghat,Tamil Nadu,"11.410160124467508, 76.6949753341048",11.410160124467508,76.6949753341048,OR,Vehicle Overturn,1,3,Car,Gorge,Nil
2601,2023-08-31,Thursday,Airport Road,Punjab,"30.75488286871359, 76.67698220703208",30.75488286871359,76.67698220703208,OR,Head On Collision ,1,0,Two Wheeler,Car,Nil
2602,2023-08-31,Thursday,Karnavati Club,Gujarat,"23.01935123322296, 72.5048671045704",23.01935123322296,72.5048671045704,NH,Hit and Run,1,0,Pedestrian,Car,Ahmedabad
2603,2023-08-30,Wednesday,Wadarwadi,Maharashtra,"19.547323261239992, 76.09408590059849",19.547323261239992,76.09408590059849,OR,Hit and Run,1,0,Pedestrian,Truck,Nil
2604,2023-08-31,Thursday,Deore Hospital,Maharashtra,"20.017246310119695, 73.8318792590931",20.017246310119695,73.8318792590931,OR,Hit and Run,1,0,Pedestrian,Unidentified,Nashik
2605,2023-08-30,Wednesday,Mumbai-Agra Highway,Maharashtra,"20.009338517755914, 73.8062804904404",20.009338517755914,73.8062804904404,NH,Head On Collision ,1,0,Two Wheeler,Truck,Nashik
2606,2023-08-30,Wednesday,Garware Point,Maharashtra,"19.943708309904483, 73.74409013741382",19.943708309904483,73.74409013741382,NH,Run Off Road,1,0,Two Wheeler,Nil,Nashik
2607,2023-08-31,Thursday,Sehjada Nangal,Punjab,"32.032173218768584, 75.41545110577637",32.032173218768584,75.41545110577637,NH,Head On Collision ,2,0,Pick Up,Truck,Nil
2608,2023-08-31,Thursday,Bhadalwal,Punjab,"30.424678150955224, 75.56647545354616",30.424678150955224,75.56647545354616,SH,Head On Collision ,4,0,Car,Tractor,Nil
2609,2023-09-03,Sunday,Kadiri,Andhra Pradesh,"14.116153888221081, 78.15873631438839",14.116153888221081,78.15873631438839,NH,Hit From Side,3,5,Auto Rickshaw,Car,Nil
2610,2023-09-03,Sunday,Sehramau,Uttar Pradesh,"28.349292669826866, 80.36129613191773",28.349292669826866,80.36129613191773,OR,With Parked Vehicle,4,3,Car,Truck,Nil
2611,2023-09-03,Sunday,Ambedkar Udyan Crossing,Uttar Pradesh,"26.85043158817683, 80.97247629419982",26.85043158817683,80.97247629419982,OR,Fixed Object Collision,1,1,Car,Divider,Lucknow
2612,2023-09-03,Sunday,Porvorim,Goa,"15.534296733149244, 73.82381654059952",15.534296733149244,73.82381654059952,NH,Fixed Object Collision,3,2,Car,Tree,Nil
2613,2023-09-03,Sunday,Itwari,Maharashtra,"21.14966937257455, 79.11163612491369",21.14966937257455,79.11163612491369,NH,Hit From Side,1,1,Two Wheeler,Two Wheeler,Nagpur
2614,2023-09-04,Monday,Mallapura,Karnataka,"14.253558459378763, 76.40565275815203",14.253558459378763,76.40565275815203,NH,With Parked Vehicle,4,3,Car,Lorry,Nil
2615,2023-09-03,Sunday,Amjhera,Madhya Pradesh,"22.556582704857295, 75.12361395212626",22.556582704857295,75.12361395212626,SH,Head On Collision ,1,2,Two Wheeler,Truck,Nil
2616,2023-09-03,Sunday,Kapinandka,Karnataka,"13.030180805231465, 75.22363426031288",13.030180805231465,75.22363426031288,SH,Head On Collision ,1,0,Two Wheeler,Car,Nil
2617,2023-09-05,Tuesday,Burari,Delhi,"28.75528169569846, 77.19869766946975",28.75528169569846,77.19869766946975,OR,Run Off Road,2,2,Auto Rickshaw,Nil,Delhi
2618,2023-09-03,Sunday,Kamthena,Uttar Pradesh,"28.302050946713432, 79.1177663748063",28.302050946713432,79.1177663748063,OR,Run Off Road,3,0,Tractor,Nil,Nil
2619,2023-09-04,Monday,Betul,Goa,"15.146984244160134, 73.9564164842632",15.146984244160134,73.9564164842632,OR,Hit and Run,1,0,Pedestrian,Bus,Nil
2620,2023-09-04,Monday,Post Office Light Point,Chandigarh,"30.73745208241285, 76.79343492669835",30.73745208241285,76.79343492669835,NH,Hit and Run,1,1,Pedestrian,Auto Rickshaw,Chandigarh
2621,2023-09-05,Tuesday,Karnavati Club,Gujarat,"23.019623577192323, 72.5049075773068",23.019623577192323,72.5049075773068,NH,Fixed Object Collision,3,2,Car,Divider,Ahmedabad
2622,2023-09-05,Tuesday,Sola Overbridge,Gujarat,"23.05937382510496, 72.5204645034526",23.05937382510496,72.5204645034526,NH,Head On Collision ,1,0,Two Wheeler,Bus,Ahmedabad
2623,2023-09-05,Tuesday,Dandi,Uttar Pradesh,"25.39097022922231, 81.8531208903868",25.39097022922231,81.8531208903868,OR,Others,1,1,Two Wheeler,Truck,Allahabad
2624,2023-09-05,Tuesday,Dhorimana,Rajasthan,"25.203011720395313, 71.4409351368613",25.203011720395313,71.4409351368613,NH,Head On Collision ,1,0,Two Wheeler,Truck,Nil
2625,2023-09-05,Tuesday,Chohtan,Rajasthan,"25.47993787932406, 71.06998791789931",25.47993787932406,71.06998791789931,OR,Head On Collision ,2,0,Two Wheeler,Pick Up,Nil
2626,2023-09-06,Wednesday,Sankari,Tamil Nadu,"11.475243543071892, 77.87052970012616",11.475243543071892,77.87052970012616,SH,Hit From Back,6,2,Van,Truck,Nil
2627,2023-09-06,Wednesday,Sativali,Maharashtra,"19.410254850950245, 72.87788668272417",19.410254850950245,72.87788668272417,NH,Head On Collision ,3,2,Car,Truck,Nil
2628,2023-09-05,Tuesday,Bordirak,Assam,"27.646710505375157, 95.7673861031296",27.646710505375157,95.7673861031296,NH,Head On Collision ,7,11,SUV,Truck,Nil
2629,2023-09-05,Tuesday,Pansal,Rajasthan,"25.348497873702325, 74.57589466306061",25.348497873702325,74.57589466306061,NH,Head On Collision ,4,1,SUV,Truck,Nil
2630,2023-09-06,Wednesday,Ayyappa Temple,Karnataka,"13.299261983101989, 77.54335122449463",13.299261983101989,77.54335122449463,OR,Hit and Run,1,0,Pedestrian,Tractor,Nil
2631,2023-09-07,Thursday,Bhanipura,Rajasthan,"28.601899912601063, 74.38078769456503",28.601899912601063,74.38078769456503,SH,Head On Collision ,5,16,SUV,Truck,Nil
2632,2023-09-06,Wednesday,Petrol Pump Wazirpur,Haryana,"28.420655029528458, 76.91475290906972",28.420655029528458,76.91475290906972,OR,Hit From Side,1,1,Two Wheeler,Truck,Nil
2633,2023-09-06,Wednesday,Signature Towers,Haryana,"28.467570829911644, 77.05903665667218",28.467570829911644,77.05903665667218,OR,Head On Collision ,1,0,Two Wheeler,Truck,Nil
2634,2023-09-06,Wednesday,Sancholi,Haryana,"28.231250886409835, 77.11955482949286",28.231250886409835,77.11955482949286,NH,Run Off Road,3,0,Truck,Nil,Nil
2635,2023-09-06,Wednesday,HanumanGarhi,Uttar Pradesh,"27.583798137411073, 77.70223420081783",27.583798137411073,77.70223420081783,OR,Hit and Run,1,2,Pedestrian,Car,Nil
2636,2023-09-06,Wednesday,Sardhar,Gujarat,"22.13790281135746, 70.98487623338778",22.13790281135746,70.98487623338778,SH,Head On Collision ,5,0,Two Wheeler,Two Wheeler,Nil
2637,2023-09-05,Tuesday,Dhanpur,Uttar Pradesh,"29.031694827536825, 77.86245625913828",29.031694827536825,77.86245625913828,OR,Head On Collision ,4,1,Van,Unidentified,Nil
2638,2023-09-05,Tuesday,Kaflani,Uttarakhand,"29.987020991709407, 80.00453762992558",29.987020991709407,80.00453762992558,OR,Run Off Road,2,1,Car,Gorge,Nil
2639,2023-09-05,Tuesday,Ramanagara,Karnataka,"12.718879923027343, 77.27693927186095",12.718879923027343,77.27693927186095,OR,Hit From Back,1,1,Two Wheeler,Car,Nil
2640,2023-09-04,Monday,Gunga,Madhya Pradesh,"23.447782117671583, 77.36404897540069",23.447782117671583,77.36404897540069,OR,Head On Collision ,1,0,Pedestrian,Bus,Nil
2641,2023-09-08,Friday,Kailash Nagar,Punjab,"30.89531622616442, 75.88837913563744",30.89531622616442,75.88837913563744,OR,Hit and Run,1,0,Pedestrian,Van,Ludhiana
2642,2023-09-09,Saturday,Maduranthkam,Tamil Nadu,"12.508305010704397, 79.88165733400959",12.508305010704397,79.88165733400959,NH,Head On Collision ,3,6,Car,Van,Nil
2643,2023-09-09,Saturday,Medavakkam Flyover,Tamil Nadu,"12.918930358361152, 80.18786563957566",12.918930358361152,80.18786563957566,SH,Head On Collision ,3,0,Two Wheeler,Truck,Chennai
2644,2023-09-09,Saturday,L B Rd,Tamil Nadu,"12.993702325363556, 80.25599739697394",12.993702325363556,80.25599739697394,OR,Hit and Run,1,0,Pedestrian,Van,Chennai
2645,2023-09-05,Tuesday,Wine Shop Ghat Rd,Maharashtra,"21.144868358721055, 79.09045342232663",21.144868358721055,79.09045342232663,OR,Hit and Run,1,0,Pedestrian,Car,Nagpur
2646,2023-09-09,Saturday,Mendipathar,Meghalaya,"25.917357206449243, 90.64127261658021",25.917357206449243,90.64127261658021,OR,Head On Collision ,1,0,Car,Truck,Nil
2647,2023-09-09,Saturday,Dhanubhanga,Assam,"25.971915177771052, 90.98409175511541",25.971915177771052,90.98409175511541,NH,Hit and Run,2,0,Two Wheeler,Unidentified,Nil
2648,2023-09-10,Sunday,Kollur,Telangana,"17.449129886423822, 78.25477198834997",17.449129886423822,78.25477198834997,NH,Hit and Run,2,2,Car,Tree,Hyderabad
2649,2023-09-11,Monday,Matunga,Maharashtra,"19.029106116486314, 72.85708236542877",19.029106116486314,72.85708236542877,OR,Fixed Object Collision,2,1,Car,Divider,Mumbai
2650,2023-09-10,Sunday,Lepetkata,Assam,"27.348770210514452, 94.86727653698998",27.348770210514452,94.86727653698998,NH,Head On Collision ,2,6,Car,Truck,Nil
2651,2023-09-11,Monday,Sadar Flyover,Maharashtra,"21.16717787434535, 79.0787298745634",21.16717787434535,79.0787298745634,SH,Head On Collision ,2,0,Two Wheeler,Car,Nagpur
2652,2023-09-11,Monday,Sandiyur,Tamil Nadu,"11.562551961876695, 78.16266366110708",11.562551961876695,78.16266366110708,OR,Hit From Back,7,14,Van,Lorry,Nil
2653,2023-09-10,Sunday,Kadaikonpatty,Tamil Nadu,"10.425669018436428, 78.34883182890178",10.425669018436428,78.34883182890178,OR,Hit and Run,1,0,Pedestrian,Unidentified,Nil
2654,2023-09-09,Saturday,Asath road,Tamil Nadu,"10.565639809625257, 78.3310151309958",10.565639809625257,78.3310151309958,NH,Hit and Run,1,0,Pedestrian,Unidentified,Nil
2655,2023-09-09,Saturday,Samathuvapuram,Tamil Nadu,"10.79092975694554, 78.53661964458685",10.79092975694554,78.53661964458685,OR,Hit and Run,1,0,Pedestrian,Two Wheeler,Nil
2656,2023-09-12,Tuesday,Ramban,Jammu,"33.249718821198584, 75.21158094204965",33.249718821198584,75.21158094204965,NH,Vehicle Overturn,4,0,Truck,Gorge,Nil
2657,2023-09-12,Tuesday,Moti Nagar,Punjab,"30.894878658412566, 75.89225866294856",30.894878658412566,75.89225866294856,OR,Fixed Object Collision,2,1,Car,Tree,Ludhiana
2658,2023-09-13,Wednesday,Lakhanpur,Rajasthan,"27.110303575208295, 77.30536001134102",27.110303575208295,77.30536001134102,OR,Hit From Back,12,15,Bus,Truck,Nil
2659,2023-09-13,Wednesday,Afjalpur Turn,Uttar Pradesh,"26.322812851018792, 80.27651185343184",26.322812851018792,80.27651185343184,NH,Others,4,9,Pick Up,Truck,Nil
2660,2023-09-11,Monday,Amargarh,Uttar Pradesh,"28.47698523465435, 78.13231292262451",28.47698523465435,78.13231292262451,OR,Hit From Back,2,0,Two Wheeler,Car,Nil
2661,2023-09-11,Monday,Hastinapur,Uttar Pradesh,"29.156676594268657, 77.99900278960584",29.156676594268657,77.99900278960584,OR,Hit From Back,1,0,Two Wheeler,Truck,Nil
2662,2023-09-11,Monday,Lakhwaya,Uttar Pradesh,"28.999392081951306, 77.63449526547468",28.999392081951306,77.63449526547468,OR,Hit and Run,1,0,Pedestrian,Truck,Nil
2663,2023-09-12,Tuesday,Karap,Chhattisgarh,"20.286753825809367, 81.5994667267018",20.286753825809367,81.5994667267018,SH,Hit From Back,2,0,Two Wheeler,Truck,Nil
2664,2023-09-09,Saturday,Trimbak Rd,Maharashtra,"19.98509574708395, 73.72177622886888",19.98509574708395,73.72177622886888,NH,Head On Collision ,1,0,Two Wheeler,Bus,Nashik
2665,2023-09-09,Saturday,Mumbai Naka,Maharashtra,"19.98458982013281, 73.78296846421314",19.98458982013281,73.78296846421314,NH,WIth Parked Vehicle,1,0,Two Wheeler,Truck,Nashik
2666,2023-09-10,Sunday,Mallapura Bridge,Karnataka,"16.199322013973894, 75.72064292677261",16.199322013973894,75.72064292677261,NH,Hit From Back,3,0,Car,Truck,Nil
2667,2023-09-10,Sunday,Aganampudi,Andhra Pradesh,"17.68887860519317, 83.13537013102103",17.68887860519317,83.13537013102103,NH,Hit and Run,1,1,Two Wheeler,Lorry,Vizag
2668,2023-09-15,Friday,Tellagundla Palli,Andhra Pradesh,"13.406589778707827, 78.9976162023211",13.406589778707827,78.9976162023211,SH,With Parked Vehicle,4,1,Ambulance,Truck,Nil
2669,2023-09-15,Friday,Matampalli,Andhra Pradesh,"13.291431928600836, 79.13604796268832",13.291431928600836,79.13604796268832,OR,Head On Collision ,5,9,SUV,Lorry,Nil
2670,2023-09-15,Friday,Koradi,Maharashtra,"21.242134910271893, 79.11244165597634",21.242134910271893,79.11244165597634,OR,Hit From Side,1,1,Two Wheeler,Earth Mover,Nil
2671,2023-09-11,Monday,Alipur,Delhi,"28.797205834259934, 77.13930259292664",28.797205834259934,77.13930259292664,OR,Head On Collision ,2,2,Two Wheeler,Two Wheeler,Delhi
2672,2023-09-11,Monday,Neelakundilu,Andhra Pradesh,"17.87737902047589, 83.30374723039516",17.87737902047589,83.30374723039516,NH,Run Off Road,1,3,Car,Nil,Nil
2673,2023-09-11,Monday,Sultanpur,Haryana,"28.45935235299495, 76.85701828996713",28.45935235299495,76.85701828996713,OR,Hit and Run,1,0,Pedestrian,Unidentified,Nil
2674,2023-09-11,Monday,Sohna Road,Haryana,"28.35017079175085, 77.06553652433534",28.35017079175085,77.06553652433534,OR,Hit and Run,1,0,Pedestrian,Car,Nil
2675,2023-09-13,Wednesday,Thorrur,Telangana,"17.588710098623007, 79.65332844484782",17.588710098623007,79.65332844484782,NH,Head On Collision ,4,0,Auto Rickshaw,Truck,Nil
2676,2023-09-13,Wednesday,Maduranthkam,Tamil Nadu,"12.495600514313457, 79.87170374151513",12.495600514313457,79.87170374151513,NH,Run Off Road,3,0,Car,Gorge,Nil
2677,2023-09-15,Friday,Farnakhedi,Madhya Pradesh,"23.51541568232515, 75.27060812470579",23.51541568232515,75.27060812470579,SH,Run Off Road,3,7,Bus,Nil,Nil
2678,2023-09-16,Saturday,Wardha Rd,Maharashtra,"21.090575026308382, 79.06503114178945",21.090575026308382,79.06503114178945,NH,Hit From Back,1,2,Two Wheeler,Truck,Nagpur
2679,2023-09-18,Monday,Chinchwad,Maharashtra,"18.634496160585485, 73.79900612085567",18.634496160585485,73.79900612085567,NH,Hit From Back,4,0,Car,Truck,Pune
2680,2023-09-17,Sunday,MB Town Square,Maharashtra,"21.187620142709665, 79.07905862508446",21.187620142709665,79.07905862508446,OR,Head On Collision ,1,0,Two Wheeler,Truck,Nagpur
2681,2023-09-17,Sunday,Lambakheda Square,Madhya Pradesh,"23.32643796796297, 77.40386468644785",23.32643796796297,77.40386468644785,OR,Vehicle Overturn,1,0,Two Wheeler,Cattle,Bhopal
2682,2023-09-17,Sunday,Chitarpur,Jharkhand,"23.577979478564497, 85.64952650652769",23.577979478564497,85.64952650652769,NH,Hit and Run,3,1,Two Wheeler,Car,Nil
2683,2023-09-20,Wednesday,Tseminyu,Nagaland,"25.90401080742006, 94.20690453836819",25.90401080742006,94.20690453836819,NH,Vehicle Overturn,8,0,SUV,Gorge,Nil
2684,2023-09-19,Tuesday,Shalimar Bagh,Delhi,"28.716234760310947, 77.15633105212119",28.716234760310947,77.15633105212119,OR,Hit and Run,1,1,Pedestrian,Car,Delhi
2685,2023-09-19,Tuesday,Mahemdabad,Gujarat,"22.812326103802203, 72.74868820790365",22.812326103802203,72.74868820790365,SH,With Parked Vehicle,2,0,Truck,Truck,Nil
2686,2023-09-19,Tuesday,Koilwar,Bihar,"25.574110260248663, 84.79464756354015",25.574110260248663,84.79464756354015,NH,Others,2,0,Two Wheeler,Unidentified,Nil
2687,2023-09-20,Wednesday,JJ Colony ,Delhi,"28.532232089168456, 77.3180923797",28.532232089168456,77.3180923797,OR,Hit From Back,1,1,Two Wheeler,Truck,Delhi
2688,2023-09-20,Wednesday,Alipur,Delhi,"28.797373824455658, 77.13938268248086",28.797373824455658,77.13938268248086,OR,Hit and Run,1,1,Pedestrian,Car,Delhi
2689,2023-09-20,Wednesday,Fatehpuri,Delhi,"28.65664051402684, 77.22324097907968",28.65664051402684,77.22324097907968,OR,Hit From Back,1,2,Two Wheeler,Truck,Delhi
2690,2023-09-23,Saturday,Kakkar Majra,Haryana,"30.482612080361612, 77.0215093285634",30.482612080361612,77.0215093285634,NH,Hit and Run,2,0,Pedestrian,Unidentified,Nil
2691,2023-09-23,Saturday,Selau,Rajasthan,"25.556128302132844, 70.83794281887363",25.556128302132844,70.83794281887363,OR,Hit From Back,2,20,Bus,Truck,Nil
2692,2023-09-23,Saturday,Vyttila Metro Station,Kerala,"9.967008096414958, 76.32036243916092",9.967008096414958,76.32036243916092,OR,Hit From Back,1,18,Bus,Bus,Kochi
2693,2023-09-25,Monday,Majhagawan,Madhya Pradesh,"24.372994728756897, 81.10039419926963",24.372994728756897,81.10039419926963,OR,Fixed Object Collision,5,0,Car,Tree,Nil
2694,2023-09-24,Sunday,Kaimasi,Rajasthan,"27.078011840313025, 77.38746875196207",27.078011840313025,77.38746875196207,OR,Others,5,6,Truck,Bus,Nil
2695,2023-09-26,Tuesday,Jagdishpur,Uttar Pradesh,"26.45710193743699, 81.62635619582055",26.45710193743699,81.62635619582055,NH,Head On Collision ,3,0,Truck,Truck,Nil
2696,2023-09-25,Monday,Shashtri Park,Delhi,"28.67116631120178, 77.24895622791418",28.67116631120178,77.24895622791418,OR,Others,1,4,Tractor,Truck,Delhi
2697,2023-09-25,Monday,"E Block, Rohini",Delhi,"28.70613658550784, 77.0951074320396",28.70613658550784,77.0951074320396,OR,Hit and Run,1,2,Pedestrian,Car,Delhi
2698,2023-09-25,Monday,Mukherjee Nagar,Delhi,"28.71024735001091, 77.20453460146476",28.71024735001091,77.20453460146476,OR,Hit From Back,1,1,Car,Truck,Delhi
2699,2023-09-24,Sunday,Koyambedu,Tamil Nadu,"13.069309530457126, 80.20030345463594",13.069309530457126,80.20030345463594,OR,Others,1,1,Two Wheeler,Truck,Chennai
2700,2023-09-24,Sunday,Nerkundram,Tamil Nadu,"13.067487537005134, 80.18582844480532",13.067487537005134,80.18582844480532,OR,Others,1,1,Auto Rickshaw,Truck,Chennai
2701,2023-09-24,Sunday,CMBT Bus Stand,Tamil Nadu,"13.069706182382584, 80.20424376172885",13.069706182382584,80.20424376172885,SH,Hit and Run,1,0,Pedestrian,Bus,Chennai
2702,2023-09-25,Monday,Saswad,Maharashtra,"18.352121429169298, 74.02898898450192",18.352121429169298,74.02898898450192,NH,Run Off Road,3,2,Auto Rickshaw,Nil,Nil
2703,2023-09-25,Monday,Tambaram,Tamil Nadu,"12.920450452965344, 80.11214098580244",12.920450452965344,80.11214098580244,NH,Hit and Run,1,2,Pedestrian,Truck,Chennai
2704,2023-09-24,Sunday,DLF Phase 2,Haryana,"28.489886238988397, 77.08079273341426",28.489886238988397,77.08079273341426,NH,Others,1,0,Two Wheeler,Car,Nil
2705,2023-09-24,Sunday,Jharsa Flyover,Haryana,"28.452318099450668, 77.04245751244791",28.452318099450668,77.04245751244791,NH,Hit From Back,1,1,Two Wheeler,Truck,Nil
2706,2023-09-24,Sunday,Mozamabad,Haryana,"28.311942992203516, 76.7051072835573",28.311942992203516,76.7051072835573,OR,Head On Collision ,1,2,Two Wheeler,Auto Rickshaw,Nil
2707,2023-09-27,Wednesday,Bellur Cross,Karnataka,"12.961954835206178, 76.74261329178503",12.961954835206178,76.74261329178503,NH,Head On Collision ,4,0,Car,Bus,Nil
2708,2023-09-27,Wednesday,Chandanhandi,Odisha,"19.846333667202998, 82.49150314650838",19.846333667202998,82.49150314650838,OR,Run Off Road,1,20,Bus,Nil,Nil
2709,2023-09-28,Thursday,Gaya-Nawada Rd,Bihar,"24.81027681303184, 85.28375922381441",24.81027681303184,85.28375922381441,NH,Hit and Run,3,1,Pedestrian,Truck,Nil
2710,2023-09-30,Saturday,RajMahal Square,Odisha,"20.261622704140418, 85.83666327893376",20.261622704140418,85.83666327893376,OR,Hit and Run,1,0,Pedestrian,Car,Nil
2711,2023-09-29,Friday,Padmapur Keonjhar,Odisha,"20.99729983620207, 83.06567441975443",20.99729983620207,83.06567441975443,OR,Head On Collision ,3,0,Two Wheeler,Van,Nil
2712,2023-09-30,Saturday,Udagamandalam,Tamil Nadu,"11.40568790931417, 76.69293859258711",11.40568790931417,76.69293859258711,OR,Run Off Road,8,4,Bus,Gorge,Nil
2713,2023-09-30,Saturday,Jaitala,Maharashtra,"21.112003685493452, 79.02640324411479",21.112003685493452,79.02640324411479,OR,Hit and Run,1,0,Pedestrian,Two Wheeler,Nagpur
2714,2023-09-29,Friday,Rasayani,Maharashtra,"18.883951150098895, 73.17384269640252",18.883951150098895,73.17384269640252,OR,Hit From Back,1,0,Bus,Truck,Nil
2715,2023-09-30,Saturday,Vasanthapura Main Rd,Karnataka,"12.895070048057006, 77.55397546737173",12.895070048057006,77.55397546737173,OR,Hit and Run,1,1,Pedestrian,Car,Bengaluru
2716,2023-10-02,Monday,Wadner Bholji,Maharashtra,"20.839230046689483, 76.31558622858029",20.839230046689483,76.31558622858029,NH,Hit and Run,5,5,Pedestrian,Truck,Nil
2717,2023-10-01,Sunday,Airport ,Maharashtra,"19.094465357666778, 72.8546008073189",19.094465357666778,72.8546008073189,OR,Hit and Run,1,0,Pedestrian,Car,Mumbai
2718,2023-10-01,Sunday,Vikhroli,Maharashtra,"19.08458704700705, 72.9213352768611",19.08458704700705,72.9213352768611,NH,Hit From Back,1,0,Two Wheeler,Unidentified,Mumbai
2719,2023-10-01,Sunday,Koramangala,Karnataka,"12.926672270447952, 77.62275076631448",12.926672270447952,77.62275076631448,OR,Fixed Object Collision,1,0,Two Wheeler,Tree,Bengaluru
2720,2023-10-02,Monday,Khajoori Khas,Delhi,"28.710751665606065, 77.25722612486241",28.710751665606065,77.25722612486241,OR,Hit From Back,1,1,Two Wheeler,Truck,Delhi
2721,2023-10-02,Monday,ISBT Kashmere Gate,Delhi,"28.666794220237346, 77.22844107446028",28.666794220237346,77.22844107446028,OR,Hit and Run,1,0,Pedestrian,Bus,Delhi
2722,2023-10-03,Tuesday,Barso Village,Rajasthan,"27.18071286899174, 77.54398095948915",27.18071286899174,77.54398095948915,NH,With Parked Vehicle,3,24,Bus,Truck,Nil
2723,2023-10-04,Wednesday,Kharkhiyaon,Uttar Pradesh,"25.532234601557743, 82.80585381507834",25.532234601557743,82.80585381507834,NH,Hit From Back,8,1,Car,Truck,Nil
2724,2023-10-03,Tuesday,NICE Rd,Karnataka,"12.858243521880208, 77.52692884171",12.858243521880208,77.52692884171,NH,Head On Collision ,3,1,Car,Truck,Bengaluru
2725,2023-09-30,Saturday,Kalakar Street ,West Bengal,"22.58379472583933, 88.35456200556456",22.58379472583933,88.35456200556456,OR,Hit and Run,1,0,Pedestrian,Bus,Kolkata
2726,2023-09-30,Saturday,Uddandapuram,Andhra Pradesh,"17.38982758853759, 82.64277304393133",17.38982758853759,82.64277304393133,NH,Head On Collision ,2,0,Pedestrian,Bus,Nil
2727,2023-09-30,Saturday,Rohini,Delhi,"28.72031551602026, 77.12187668791714",28.72031551602026,77.12187668791714,OR,Head On Collision ,1,11,Two Wheeler,Bus,Delhi
2728,2023-09-29,Friday,Ashoka Garden,Madhya Pradesh,"23.249509714819954, 77.42808919242181",23.249509714819954,77.42808919242181,OR,Head On Collision ,3,1,Pedestrian,Truck,Bhopal
2729,2023-10-04,Wednesday,Wazirpur,Haryana,"28.420230530686066, 76.91294423343706",28.420230530686066,76.91294423343706,NH,Hit From Back,2,1,Two Wheeler,Truck,Nil
2730,2023-10-06,Friday,Church Road,Delhi,"28.51489223714143, 77.14624661455854",28.51489223714143,77.14624661455854,OR,Hit From Back,1,0,Two Wheeler,Truck,Delhi
2731,2023-10-06,Friday,Pushta Road,Delhi,"28.664277879513918, 77.25593465561",28.664277879513918,77.25593465561,OR,Run Off Road,1,0,Truck,Nil,Delhi
2732,2023-10-06,Friday,Ranoganj,Madhya Pradesh,"23.394452808273375, 76.67950488328349",23.394452808273375,76.67950488328349,SH,Hit and Run,4,0,Pedestrian,Truck,Nil
2733,2023-10-07,Saturday,Balwara,Madhya Pradesh,"22.395606234575016, 75.97460359698857",22.395606234575016,75.97460359698857,SH,Vehicle Overturn,2,6,SUV,River,Nil
2734,2023-10-06,Friday,Z Bridge,Maharashtra,"18.51706822778072, 73.84479947512264",18.51706822778072,73.84479947512264,OR,Others,1,4,Two Wheeler,Car,Pune
2735,2023-10-06,Friday,Raj Nagar Flyover,Delhi,"28.58395056175804, 77.09120762438323",28.58395056175804,77.09120762438323,OR,Hit From Back,1,1,Two Wheeler,Bus,Delhi
2736,2023-10-08,Sunday,Varandha Ghat,Maharashtra,"18.106353260884667, 73.67171953103397",18.106353260884667,73.67171953103397,OR,Vehicle Overturn,1,4,Bus,Gorge,Nil
2737,2023-10-09,Monday,Hospet Tunnel,Karnataka,"15.242561451432671, 76.36020931784769",15.242561451432671,76.36020931784769,NH,Others,7,6,Truck,Truck,Nil
2738,2023-10-08,Sunday,Lamaree,Uttarakhand,"30.0800604141518, 80.79712688471628",30.0800604141518,80.79712688471628,OR,Fixed Object Collision,9,0,SUV,Boulder,Nil
2739,2023-10-09,Monday,Jadcherla,Telangana,"16.763246437985266, 78.15064385224638",16.763246437985266,78.15064385224638,NH,Others,1,25,Bus,Truck,Nil
2740,2023-10-08,Sunday,James Long Sarani,West Bengal,"22.482456085722312, 88.31365413763656",22.482456085722312,88.31365413763656,OR,Hit and Run,1,0,Pedestrian,Two Wheeler,Kolkata
2741,2023-10-08,Sunday,CR Avenue,West Bengal,"22.5798803089394, 88.36105535298196",22.5798803089394,88.36105535298196,OR,Hit and Run,1,0,Pedestrian,Unidentified,Kolkata
2742,2023-10-11,Wednesday,Polupalli,Tamil Nadu,"12.633706737668795, 78.15088060447918",12.633706737668795,78.15088060447918,OR,Hit From Back,2,3,Car,Truck,Nil
2743,2023-10-08,Sunday,Gundawali,Maharashtra,"19.240339843044737, 73.04074467828903",19.240339843044737,73.04074467828903,OR,Hit and Run,1,0,Pedestrian,Car,Mumbai
2744,2023-10-09,Monday,Kallapakkam,Tamil Nadu,"12.520552053574159, 80.16272731268161",12.520552053574159,80.16272731268161,OR,Head On Collision ,2,2,Two Wheeler,Two Wheeler,Nil
2745,2023-10-09,Monday,Khategaon,Madhya Pradesh,"22.591985886780915, 76.91665642645455",22.591985886780915,76.91665642645455,NH,Vehicle Overturn,1,6,Bus,Nil,Nil
2746,2023-10-10,Tuesday,NH8 Vasant Kunj,Delhi,"28.54232166449003, 77.11820724267744",28.54232166449003,77.11820724267744,NH,Hit and Run,1,0,Pedestrian,Car,Delhi
2747,2023-10-12,Thursday,Eros Sampoornam,Uttar Pradesh,"28.590202460635776, 77.45975463455468",28.590202460635776,77.45975463455468,OR,Hit and Run,1,0,Pedestrian,Two Wheeler,Nil
2748,2023-10-12,Thursday,Medchal,Telangana,"17.631719415244262, 78.4815008422224",17.631719415244262,78.4815008422224,OR,Head On Collision ,2,0,Two Wheeler,SUV,Nil
2749,2023-10-13,Friday,Maljipada,Maharashtra,"19.32840800044506, 72.89258150160893",19.32840800044506,72.89258150160893,OR,Hit and Run,1,1,Two Wheeler,Unidentified,Nil
2750,2023-10-10,Tuesday,Chengam,Tamil Nadu,"12.30726790265024, 78.79266802819006",12.30726790265024,78.79266802819006,SH,Head On Collision ,7,1,Car,Lorry,Nil
2751,2023-10-12,Thursday,Sinnar Phata,Maharashtra,"19.94698377223248, 73.84720686378326",19.94698377223248,73.84720686378326,SH,Hit From Back,1,1,Two Wheeler,Truck,Nashik
2752,2023-10-14,Saturday,Chakrata,Uttarakhand,"30.71111385359286, 77.8606449720474",30.71111385359286,77.8606449720474,NH,Run Off Road,3,0,Pick Up,Gorge,Nil
2753,2023-10-13,Friday,Byculla,Maharashtra,"18.975658208191728, 72.84429226774694",18.975658208191728,72.84429226774694,OR,Others,1,0,Two Wheeler,Unidentified,Mumbai
2754,2023-10-13,Friday,Shekhala,Rajasthan,"26.524638298823312, 72.38428905724719",26.524638298823312,72.38428905724719,NH,Head On Collision ,2,1,Car,Truck,Nil
2755,2023-10-13,Friday,Shamripet,Telangana,"17.581943668687206, 78.56121334706427",17.581943668687206,78.56121334706427,OR,With Parked Vehicle,2,2,Car,Lorry,Nil
2756,2023-10-13,Friday,Sikandarpur Metro Station,Haryana,"28.481592741063487, 77.09417200853146",28.481592741063487,77.09417200853146,NH,Hit From Back,1,0,Two Wheeler,Bus,Nil
2757,2023-10-14,Saturday,Bishnauli,Uttar Pradesh,"28.608156226457798, 77.49714607705492",28.608156226457798,77.49714607705492,NH,Hit and Run,1,4,Pedestrian,Unidentified,Nil
2758,2023-10-10,Tuesday,Naregal ,Karnataka,"15.574178764374366, 75.80514898900495",15.574178764374366,75.80514898900495,SH,Head On Collision ,6,3,SUV,Bus,Nil
2759,2023-10-14,Saturday,Mayur Vihar,Delhi,"28.604481332412323, 77.2943701182222",28.604481332412323,77.2943701182222,OR,Hit From Back,1,0,Two Wheeler,Bus,Delhi
2760,2023-10-18,Wednesday,CNG Pump Mangolpuri,Delhi,"28.690671213449647, 77.09734894057615",28.690671213449647,77.09734894057615,OR,Hit and Run,2,0,Two Wheeler,Unidentified,Delhi
2761,2023-10-18,Wednesday,Sanvordem,Goa,"15.264749567415413, 74.1112761133046",15.264749567415413,74.1112761133046,OR,Head On Collision ,1,0,Pedestrian,Train,Nil
2762,2023-10-20,Friday,Kotli Jhajjar Bridge,Jammu,"32.83839103656937, 74.9209520276687",32.83839103656937,74.9209520276687,NH,Others,4,0,Car,Truck,Nil
2763,2023-10-20,Friday,Kandni,Jammu,"33.21409996082569, 75.79994390946612",33.21409996082569,75.79994390946612,OR,Vehicle Overturn,3,0,Car,Gorge,Nil
2764,2023-10-21,Saturday,Uruli Kanchan,Maharashtra,"18.487368510440284, 74.13434080099877",18.487368510440284,74.13434080099877,NH,Hit and Run,2,0,Two Wheeler,Unidentified,Nil
2765,2023-10-20,Friday,Basai Lake,Haryana,"28.45851540950946, 76.97029955741675",28.45851540950946,76.97029955741675,OR,Hit and Run,1,0,Two Wheeler,Bus,Nil
2766,2023-10-18,Wednesday,Badalpur ,Uttar Pradesh,"28.59520636707774, 77.51103549328458",28.59520636707774,77.51103549328458,OR,Hit and Run,1,0,Pedestrian,Unidentified,Nil
2767,2023-10-19,Thursday,Rajib Chowk,Haryana,"28.4473289391247, 77.02609354891916",28.4473289391247,77.02609354891916,OR,Head On Collision ,1,0,Pedestrian,Car,Nil
2768,2023-10-22,Sunday,Dapchari Check Post,Maharashtra,"20.075941314442986, 72.91446057465907",20.075941314442986,72.91446057465907,NH,With Parked Vehicle,1,34,Bus,Crane,Nil
2769,2023-10-23,Monday,Sikatia Barrage,Jharkhand,"24.14282814978325, 86.8027817820292",24.14282814978325,86.8027817820292,OR,Run Off Road,5,1,SUV,Nil,Nil
2770,2023-10-22,Sunday,Betora ,Goa,"15.39029189465749, 74.02777499796238",15.39029189465749,74.02777499796238,OR,With Parked Vehicle,1,0,Two Wheeler,Earth Mover,Nil
2771,2023-10-22,Sunday,Dhavali,Goa,"15.387844487993899, 73.99859727316677",15.387844487993899,73.99859727316677,OR,Head On Collision ,1,1,Car,Truck,Nil
2772,2023-10-22,Sunday,Faridabad T Point,Haryana,"28.436306558069194, 77.1226177133826",28.436306558069194,77.1226177133826,OR,Hit From Back,1,0,Two Wheeler,Truck,Nil
2773,2023-10-22,Sunday,IMT Chowk ,Haryana,"28.362133871915102, 76.94072304924175",28.362133871915102,76.94072304924175,NH,Hit and Run,1,0,Auto Rickshaw,Unidentified,Nil
2774,2023-10-23,Monday,Najafgarh,Delhi,"28.60895571329416, 76.98543590407223",28.60895571329416,76.98543590407223,OR,Hit and Run,1,1,Car,Unidentified,Delhi
2775,2023-10-24,Tuesday,Ghat,Jharkhand,"22.784283172339965, 86.17546084250131",22.784283172339965,86.17546084250131,OR,Hit and Run,2,3,Pedestrian,Truck,Nil
2776,2023-10-26,Thursday,Ashta Phata,Maharashtra,"18.763099823948814, 75.26302058908408",18.763099823948814,75.26302058908408,NH,Run Off Road,5,26,Bus,Nil,Nil
2777,2023-10-25,Wednesday,Ambhora,Maharashtra,"21.03327894608263, 79.6105527959469",21.03327894608263,79.6105527959469,SH,Hit From Back,4,1,Ambulance,Truck,Nil
2778,2023-10-26,Thursday,Chikkabalapur,Karnataka,"13.43453540110621, 77.73703478288856",13.43453540110621,77.73703478288856,NH,With Parked Vehicle,13,0,SUV,Truck,Nil
2779,2023-10-24,Tuesday,Gunji,Uttarakhand,"30.175378303071188, 80.86493055950586",30.175378303071188,80.86493055950586,OR,Vehicle Overturn,6,0,Car,Gorge,Nil
2780,2023-10-27,Friday,Dadari Bandha,Uttar Pradesh,"24.967918516514406, 82.29023976923575",24.967918516514406,82.29023976923575,NH,Run Off Road,5,26,Bus,Nil,Nil
2781,2023-10-27,Friday,Naviganj,Uttar Pradesh,"27.19068944444808, 79.38550647753992",27.19068944444808,79.38550647753992,NH,Head On Collision ,5,16,Van,Bus,Nil
2782,2023-10-29,Sunday,Gulianpara,Assam,"26.006689676062212, 91.07093441916508",26.006689676062212,91.07093441916508,OR,Others,4,11,Two Wheeler,Car,Nil
2783,2023-10-26,Thursday,Wadala,Maharashtra,"19.015790470302214, 72.86323864695781",19.015790470302214,72.86323864695781,OR,Head On Collision ,1,0,Pedestrian,Car,Mumbai
2784,2023-10-27,Friday,Piplani,Madhya Pradesh,"22.817286022468124, 77.05588479526983",22.817286022468124,77.05588479526983,OR,Hit and Run,1,0,Pedestrian,Truck,Nil
2785,2023-10-27,Friday,Adibatla,Telangana,"17.236281138930124, 78.54118460268297",17.236281138930124,78.54118460268297,OR,Vehicle Overturn,1,3,Car,Nil,Nil
2786,2023-10-27,Friday,Vadlapudi,Andhra Pradesh,"17.685185065904655, 83.17274175676296",17.685185065904655,83.17274175676296,OR,Others,2,0,Two Wheeler,Truck,Vizag
2787,2023-10-30,Monday,Tinali,Assam,"26.179005549717488, 91.82968597596268",26.179005549717488,91.82968597596268,SH,Hit and Run,1,0,Pedestrian,Unidentified,Nil
2788,2023-10-29,Sunday,Miaun,Uttar Pradesh,"27.88442879867046, 79.28306329125282",27.88442879867046,79.28306329125282,OR,Head On Collision ,5,3,Van,Bus,Nil
2789,2023-10-26,Thursday,Sangrur,Punjab,"30.265383090124846, 75.83413948597719",30.265383090124846,75.83413948597719,SH,Others,6,0,Car,Truck,Nil
2790,2023-10-26,Thursday,Jashodanagar Square,Gujarat,"22.983054443983832, 72.62307447070837",22.983054443983832,72.62307447070837,OR,Head On Collision ,1,4,Car,Truck,Ahmedabad
2791,2023-10-27,Friday,Alsindi,Himachal Pradesh,"31.297932804121047, 77.13116875320893",31.297932804121047,77.13116875320893,SH,Run Off Road,5,6,Pick Up,Gorge,Nil
2792,2023-10-31,Tuesday,Samaypur Badli,Delhi,"28.743732531355313, 77.13880846428238",28.743732531355313,77.13880846428238,OR,Hit and Run,1,0,Pedestrian,Car,Delhi
2793,2023-11-01,Wednesday,Jattari,Uttar Pradesh,"28.019616031391845, 77.66243933202415",28.019616031391845,77.66243933202415,NH,Hit From Back,2,5,Pedestrian,Truck,Nil
2794,2023-10-30,Monday,Antrikh Heights Society,Haryana,"28.403702937801686, 76.9637951206384",28.403702937801686,76.9637951206384,OR,Hit and Run,1,0,Two Wheeler,SUV,Nil
2795,2023-10-28,Saturday,Rohini,Delhi,"28.724356758087797, 77.1025383926565",28.724356758087797,77.1025383926565,OR,Hit From Back,1,3,Two Wheeler,Bus,Delhi
2796,2023-10-26,Thursday,Mohgaon Zilpi,Maharashtra,"21.111339989308796, 78.99497741855717",21.111339989308796,78.99497741855717,OR,Hit and Run,1,0,Pedestrian,Unidentified,Nagpur
2797,2023-10-26,Thursday,IIT Guwahati,Assam,"26.190967831394993, 91.70091228913202",26.190967831394993,91.70091228913202,OR,Vehicle Overturn,1,0,Bicycle,Nil,Nil
2798,2023-10-30,Monday,Karahe Wala,Punjab,"31.04718163802245, 75.05477018132397",31.04718163802245,75.05477018132397,SH,Head On Collision ,5,0,Car,Truck,Nil
2799,2023-11-05,Sunday,Kundarki,Uttar Pradesh,"28.689780405326726, 78.78694585860178",28.689780405326726,78.78694585860178,NH,With Parked Vehicle,4,0,Car,Truck,Nil
2800,2023-11-06,Monday,Archana Arcade Signal,Delhi,"28.55409334376596, 77.22823320988465",28.55409334376596,77.22823320988465,OR,Hit and Run,1,3,Pedestrian,Car,Delhi
2801,2023-11-07,Tuesday,Kiravali Road,Maharashtra,"19.427508334724152, 73.13478932099109",19.427508334724152,73.13478932099109,OR,Run Off Road,3,2,Car,Nil,Nil
2802,2023-11-08,Wednesday,Corlim,Goa,"15.492981339803384, 73.94730647199805",15.492981339803384,73.94730647199805,NH,Hit From Back,1,0,Two Wheeler,Truck,Nil
2803,2023-11-09,Thursday,Jagdishpur,Uttar Pradesh,"26.454709205271172, 81.62114574751747",26.454709205271172,81.62114574751747,NH,With Parked Vehicle,6,27,Bus,Truck,Nil
2804,2023-11-09,Thursday,Bandra Worli Sealink Toll,Maharashtra,"19.04374115369679, 72.82473305461798",19.04374115369679,72.82473305461798,OR,Hit From Side,3,6,Car,SUV,Mumbai
2805,2023-11-11,Saturday,Hindoli,Rajasthan,"25.57298804525201, 75.49680224681327",25.57298804525201,75.49680224681327,NH,Hit From Back,4,0,SUV,Truck,Nil
2806,2023-11-11,Saturday,Dari Pul,Maharashtra,"18.432904158765993, 73.83797487481702",18.432904158765993,73.83797487481702,NH,Hit From Side,2,4,Van,Truck,Pune
2807,2023-11-10,Friday,Triveni Hotel,Haryana,"28.309851100422822, 76.88357514062382",28.309851100422822,76.88357514062382,NH,Head On Collision ,4,0,Van,Truck,Nil
2808,2023-11-13,Monday,Anna Nagar,Tamil Nadu,"13.085134873756468, 80.2062990125262",13.085134873756468,80.2062990125262,OR,Hit and Run,2,6,Pedestrian,Car,Chennai
2809,2023-11-14,Tuesday,Rampurtiraha,Uttar Pradesh,"29.523417440082305, 77.71588679214184",29.523417440082305,77.71588679214184,NH,Others,6,0,Car,Truck,Nil
2810,2023-11-14,Tuesday,Thikri,Haryana,"30.024223439218545, 76.61385650268751",30.024223439218545,76.61385650268751,NH,Head On Collision ,5,3,SUV,SUV,Nil
2811,2023-11-13,Monday,Bicholim,Goa,"15.577843757141924, 73.97701059472543",15.577843757141924,73.97701059472543,OR,Head On Collision ,1,0,Two Wheeler,Bus,Nil
2812,2023-11-13,Monday,Vedachinnanoor,Tamil Nadu,"11.45066075104929, 77.21440901638428",11.45066075104929,77.21440901638428,NH,Fixed Object Collision,4,1,Car,Tree,Nil
2813,2023-11-13,Monday,Gobichettipalayam,Tamil Nadu,"11.455021162601474, 77.44015000372355",11.455021162601474,77.44015000372355,SH,Fixed Object Collision,2,0,Two Wheeler,Wall,Nil
2814,2023-11-15,Wednesday,Trungal,Jammu,"33.12951061530184, 75.39581434641154",33.12951061530184,75.39581434641154,NH,Run Off Road,39,17,Bus,Gorge,Nil
2815,2023-11-14,Tuesday,Koraput,Odisha,"18.812804848545966, 82.71985807450947",18.812804848545966,82.71985807450947,SH,Run Off Road,3,0,Car,Nil,Nil
2816,2023-11-14,Tuesday,Karamdihi,Odisha,"22.154203385721093, 84.11259602523543",22.154203385721093,84.11259602523543,SH,Hit and Run,1,0,Pedestrian,Truck,Nil
2817,2023-11-16,Thursday,Velampatti,Tamil Nadu,"10.596750008294746, 77.53550933295116",10.596750008294746,77.53550933295116,SH,Head On Collision ,5,0,Car,Truck,Nil
2818,2023-11-16,Thursday,Thanamandi,Jammu,"33.53865595177104, 74.36904959739329",33.53865595177104,74.36904959739329,OR,Run Off Road,2,6,SUV,Gorge,Nil
2819,2023-11-17,Friday,Nakatia,Uttar Pradesh,"28.533025418956235, 79.88852202220927",28.533025418956235,79.88852202220927,NH,Hit and Run,1,0,Pedestrian,Tractor,Nil
2820,2023-11-18,Saturday,Tah,Uttar Pradesh,"28.672886504580227, 79.86606882074874",28.672886504580227,79.86606882074874,OR,Others,1,1,Two Wheeler,Tractor,Nil
2821,2023-11-19,Sunday,Churu,Rajasthan,"28.290781012871175, 74.98110810130244",28.290781012871175,74.98110810130244,NH,Head On Collision ,6,1,Bus,Truck,Nil
2822,2023-11-19,Sunday,Vangara,Andhra Pradesh,"18.371313267914918, 83.35385505351285",18.371313267914918,83.35385505351285,OR,Fixed Object Collision,1,0,Two Wheeler,Divider,Nil
2823,2023-11-18,Saturday,Aiccher T Point,Uttar Pradesh,"28.460227983713498, 77.53725634139406",28.460227983713498,77.53725634139406,OR,Hit and Run,1,0,Pedestrian,Car,Nil
2824,2023-11-21,Tuesday,Shedung Toll Plaza,Maharashtra,"18.94726491199384, 73.17889898172236",18.94726491199384,73.17889898172236,NH,Hit and Run,1,0,Two Wheeler,Unidentified,Mumbai
2825,2023-11-21,Tuesday,Janeshwar Mishra Park,Uttar Pradesh,"26.840249409984697, 80.99494748631135",26.840249409984697,80.99494748631135,OR,Hit and Run,1,1,Pedestrian,SUV,Lucknow
2826,2023-11-22,Wednesday,Atal Square,Uttar Pradesh,"26.846589960384293, 80.94620395515716",26.846589960384293,80.94620395515716,OR,Hit From Back,1,1,Two Wheeler,Truck,Lucknow
2827,2023-11-22,Wednesday,Gajner,Uttar Pradesh,"26.289583320480677, 80.05580817237745",26.289583320480677,80.05580817237745,OR,Fixed Object Collision,4,5,Car,Tree,Nil
2828,2023-11-23,Thursday,Puikhadi,Maharashtra,"16.660557405208273, 74.19079694781269",16.660557405208273,74.19079694781269,SH,Vehicle Overturn,3,19,Bus,Nil,Nil
2829,2023-11-21,Tuesday,Gangaikondan,Tamil Nadu,"8.858144822242261, 77.77630419872335",8.858144822242261,77.77630419872335,NH,Vehicle Overturn,1,0,Two Wheeler,Nil,Nil
2830,2023-11-23,Thursday,Mendhawan,Maharashtra,"19.62439269960579, 74.34350758208873",19.62439269960579,74.34350758208873,NH,Head On Collision ,3,2,SUV,Truck,Nil
2831,2023-11-23,Thursday,Behlana,Chandigarh,"30.675065156382786, 76.80002891799602",30.675065156382786,76.80002891799602,OR,With Parked Vehicle,1,0,Two Wheeler,Truck,Chandigarh
2832,2023-11-24,Friday,Gabbar Bridge,Uttarakhand,"29.37062948120021, 79.44471836247737",29.37062948120021,79.44471836247737,OR,Run Off Road,5,0,Car,Gorge,Nil
2833,2023-11-25,Saturday,Kashmiri Gate Bus Stop,Delhi,"28.666853237221694, 77.22946790286586",28.666853237221694,77.22946790286586,OR,Hit and Run,1,0,Pedestrian,Auto Rickshaw,Delhi
2834,2023-11-27,Monday,Narela,Delhi,"28.837380375929996, 77.09812889352416",28.837380375929996,77.09812889352416,NH,Hit and Run,1,0,Two Wheeler,Truck,Delhi
2835,2023-11-29,Wednesday,Guirim,Goa,"15.573092493842738, 73.80652716621455",15.573092493842738,73.80652716621455,NH,Fixed Object Collision,1,0,Car,Tree,Nil
2836,2023-11-30,Thursday,Kilakkadu,Tamil Nadu,"11.506248101319986, 77.86271648021811",11.506248101319986,77.86271648021811,SH,Head On Collision ,3,1,Pick Up,Truck,Nil
2837,2023-12-01,Friday,Balijodi,Odisha,"21.38169512854721, 85.9226546651804",21.38169512854721,85.9226546651804,NH,With Parked Vehicle,8,12,Bus,Truck,Nil
2838,2023-11-30,Thursday,Moti Bagh,Delhi,"28.585321118714457, 77.17102817009369",28.585321118714457,77.17102817009369,OR,Hit and Run,1,1,Pedestrian,Unidentified,Delhi
2839,2023-12-01,Friday,Fatima Nagar,Telangana,"17.979652444087705, 79.52818951446417",17.979652444087705,79.52818951446417,OR,Hit and Run,1,0,Pedestrian,Car,Nil
2840,2023-12-01,Friday,Sikroda,Uttar Pradesh,"28.693938061861655, 77.5110017610641",28.693938061861655,77.5110017610641,NH,Hit and Run,1,0,Pedestrian,Truck,Ghaziabad
2841,2023-11-27,Monday,Kandaghat,Himachal Pradesh,"30.96541731967689, 77.10732589307734",30.96541731967689,77.10732589307734,NH,Run Off Road,6,6,Pick Up,Gorge,Nil
2842,2023-12-02,Saturday,Guirim Government School,Goa,"15.573666614004887, 73.80462854869224",15.573666614004887,73.80462854869224,OR,Hit and Run,1,0,Two Wheeler,Truck,Nil
2843,2023-12-02,Saturday,Sakerbazar Intersection,West Bengal,"22.487166778528977, 88.31328786615566",22.487166778528977,88.31328786615566,OR,Hit From Back,1,0,Two Wheeler,Truck,Kolkata
2844,2023-12-01,Friday,Mandawali,Delhi,"28.627073554436713, 77.29506937636945",28.627073554436713,77.29506937636945,OR,Hit and Run,1,0,Auto Rickshaw,Unidentified,Delhi
2845,2023-12-03,Sunday,Ghatgar,Uttarakhand,"29.334723937648086, 79.39040012618601",29.334723937648086,79.39040012618601,SH,Run Off Road,2,19,Pick Up,Gorge,Nil
2846,2023-12-02,Saturday,Mukarba Chowk,Delhi,"28.734615468354257, 77.15534917858258",28.734615468354257,77.15534917858258,OR,Head On Collision ,1,1,Pedestrian,Truck,Delhi
2847,2023-12-02,Saturday,Kekri,Rajasthan,"25.95790217587853, 75.15803139592457",25.95790217587853,75.15803139592457,SH,Others,2,12,Bus,Truck,Nil
2848,2023-11-29,Wednesday,HBR Layout,Karnataka,"13.036307382521208, 77.62780065561182",13.036307382521208,77.62780065561182,NH,With Parked Vehicle,1,0,Bicycle,Truck,Bengaluru
2849,2023-12-06,Wednesday,Devanhally,Karnataka,"13.282955852567117, 77.70879664861427",13.282955852567117,77.70879664861427,NH,Head On Collision ,1,0,Car,Truck,Nil
2850,2023-12-04,Monday,Poonawala Garden,Maharashtra,"18.49680769698126, 73.87679703198525",18.49680769698126,73.87679703198525,OR,Hit and Run,1,0,Pedestrian,SUV,Pune
2851,2023-12-04,Monday,Gorai Creek,Maharashtra,"19.223889807952077, 72.82752062994885",19.223889807952077,72.82752062994885,OR,Run Off Road,1,0,Auto Rickshaw,Ditch,Mumbai
2852,2023-12-01,Friday,Katkamsandi,Jharkhand,"24.108919168689397, 85.20569091939944",24.108919168689397,85.20569091939944,NH,Others,1,14,Van,Bus,Nil
2853,2023-12-06,Wednesday,Deganga,West Bengal,"22.690416803471017, 88.6496476272095",22.690416803471017,88.6496476272095,SH,Head On Collision ,3,0,Two Wheeler,Two Wheeler,Nil
2854,2023-12-01,Friday,Sirsi,Karnataka,"14.604281570883257, 74.84958925251316",14.604281570883257,74.84958925251316,SH,Others,5,0,Van,Bus,Nil
2855,2023-12-06,Wednesday,Devagiri,Karnataka,"14.830731725130054, 75.3623138008089",14.830731725130054,75.3623138008089,NH,Head On Collision ,2,2,Car,Truck,Nil
2856,2023-12-10,Sunday,Mulmula,Jharkhand,"21.92468518340881, 82.35368674403676",21.92468518340881,82.35368674403676,OR,Head On Collision ,5,0,Car,Truck,Nil
2857,2023-12-11,Monday,Hantara,Rajasthan,"27.138981475034907, 77.23981137605023",27.138981475034907,77.23981137605023,NH,Others,3,6,Tempo,Unidentified,Nil
2858,2023-12-06,Wednesday,Athner,Madhya Pradesh,"21.623044900598718, 77.90973685536765",21.623044900598718,77.90973685536765,OR,Others,2,3,Two Wheeler,Two Wheeler,Nil
2859,2023-12-11,Monday,Banganga,Madhya Pradesh,"22.743365755341426, 75.85091641158918",22.743365755341426,75.85091641158918,OR,Hit From Back,1,2,Two Wheeler,Truck,Indore
2860,2023-12-11,Monday,Devas Naka,Madhya Pradesh,"22.778265586544133, 75.9037808992551",22.778265586544133,75.9037808992551,OR,Others,1,0,Two Wheeler,Unidentified,Indore
2861,2023-12-11,Monday,Manpur,Madhya Pradesh,"22.43306770651921, 75.62032208058649",22.43306770651921,75.62032208058649,OR,Others,1,13,Pick Up,Unidentified,Nil
2862,2023-12-13,Wednesday,Dankaur,Uttar Pradesh,"28.345745778877244, 77.54425036519994",28.345745778877244,77.54425036519994,NH,Hit and Run,4,5,Two Wheeler,Bus,Nil
2863,2023-12-14,Thursday,Vrindavan Colony,Uttar Pradesh,"26.765755876605752, 80.95371548681742",26.765755876605752,80.95371548681742,NH,Hit and Run,1,2,Two Wheeler,Bus,Lucknow
2864,2023-12-15,Friday,Shergarh,Uttar Pradesh,"28.654969153463774, 79.36680385040889",28.654969153463774,79.36680385040889,OR,Hit and Run,1,0,Pedestrian,Truck,Nil
2865,2023-12-15,Friday,Nakhasa,Uttar Pradesh,"28.586333261914586, 78.5627515670084",28.586333261914586,78.5627515670084,OR,Hit From Back,1,2,Two Wheeler,Tractor,Nil
2866,2023-12-15,Friday,Chettiyangadi,Kerala,"10.518565903429783, 76.21198708943945",10.518565903429783,76.21198708943945,OR,Others,5,0,Auto Rickshaw,Bus,Nil
2867,2023-12-15,Friday,Koturu,Andhra Pradesh,"13.251490041503137, 78.92037666687922",13.251490041503137,78.92037666687922,OR,Others,1,0,Lorry,Tractor,Nil
2868,2023-12-16,Saturday,Manikpur,Uttar Pradesh,"26.664626108548784, 79.38370118325574",26.664626108548784,79.38370118325574,NH,Fixed Object Collision,3,3,Pedestrian,Truck,Nil
2869,2023-12-17,Sunday,Chandanpuri,Maharashtra,"20.521564019623625, 74.53772611511718",20.521564019623625,74.53772611511718,OR,Hit From Side,4,0,Car,Truck,Nil
2870,2023-12-17,Sunday,Anjori Chowki,Chhattisgarh,"21.161074144350646, 81.22366757198401",21.161074144350646,81.22366757198401,OR,Others,2,0,Two Wheeler,Unidentified,Nil
2871,2023-12-16,Saturday,SG Road,Gujarat,"23.079173782261627, 72.52616133543485",23.079173782261627,72.52616133543485,NH,Others,1,0,Two Wheeler,Truck,Ahmedabad
2872,2023-12-18,Monday,Ulhasnagar,Maharashtra,"19.232398278907258, 73.15155618157087",19.232398278907258,73.15155618157087,OR,Others,3,3,Auto Rickshaw,Car,Nil
2873,2023-12-17,Sunday,Rajiv Chowk,Haryana,"28.44731935946827, 77.02614904475816",28.44731935946827,77.02614904475816,OR,Head On Collision ,2,4,Two Wheeler,SUV,Nil
2874,2023-12-17,Sunday,Chaitanyapuri,Telangana,"17.38112657071704, 78.53959141388057",17.38112657071704,78.53959141388057,OR,Hit and Run,1,7,Pedestrian,Car,Hyderabad
2875,2023-12-17,Sunday,Dwarka,Maharashtra,"19.993118012174467, 73.80269040857357",19.993118012174467,73.80269040857357,OR,Hit and Run,1,0,Pedestrian,Unidentified,Nashik
2876,2023-12-19,Tuesday,Teen Imli Square,Madhya Pradesh,"22.688907920493698, 75.88465225045658",22.688907920493698,75.88465225045658,OR,Hit and Run,1,3,Two Wheeler,Divider,Indore
2877,2023-12-21,Thursday,Kandarpada,Maharashtra,"19.254683158228442, 72.85354959070379",19.254683158228442,72.85354959070379,OR,With Parked Vehicle,2,1,Car,Bus,Mumbai
2878,2023-12-20,Wednesday,Ashoka Pillar Junction,Karnataka,"12.943643894178193, 77.58526749654959",12.943643894178193,77.58526749654959,OR,Head On Collision ,1,2,Two Wheeler,Car,Bengaluru
2879,2023-12-22,Friday,Sikriganj,Uttar Pradesh,"26.504047695324573, 83.20106151262276",26.504047695324573,83.20106151262276,OR,Fixed Object Collision,2,12,Bus,Tree,Nil
2880,2023-12-23,Saturday,Kallur,Andhra Pradesh,"13.557908200108967, 79.00062610046132",13.557908200108967,79.00062610046132,NH,Others,4,0,Tractor,Bus,Nil
2881,2023-12-23,Saturday,Balod,Chhattisgarh,"20.72061971042583, 81.21083011262218",20.72061971042583,81.21083011262218,OR,With Parked Vehicle,3,17,Bus,Truck,Nil
2882,2023-12-23,Saturday,Pudimadka,Andhra Pradesh,"17.495014006683512, 83.00296376982622",17.495014006683512,83.00296376982622,OR,Hit and Run,1,0,Pedestrian,Car,Nil
2883,2023-12-23,Saturday,Pisinikada,Andhra Pradesh,"17.678955297154936, 82.97878591801913",17.678955297154936,82.97878591801913,OR,With Parked Vehicle,1,0,Two Wheeler,Lorry,Nil
2884,2023-12-22,Friday,Bathinda Mall Road,Punjab,"30.212453660383435, 74.93890679372085",30.212453660383435,74.93890679372085,OR,Fixed Object Collision,2,2,Car,Pole,Nil
2885,2023-12-22,Friday,Leather Complex Area,West Bengal,"22.498620497501715, 88.5184761204259",22.498620497501715,88.5184761204259,OR,Others,2,0,Two Wheeler,Unidentified,Kolkata
2886,2023-12-24,Sunday,HazratGanj,Uttar Pradesh,"26.847261844194524, 80.94557414013732",26.847261844194524,80.94557414013732,OR,Hit From Back,1,1,Two Wheeler,Car,Lucknow
2887,2023-12-24,Sunday,Katedhan,Telangana,"17.309901967775204, 78.43556473406295",17.309901967775204,78.43556473406295,OR,Vehicle Overturn,1,3,Car,Nil,Hyderabad
2888,2023-12-26,Tuesday,Guna Bypass,Madhya Pradesh,"23.27496607525589, 77.40262966604722",23.27496607525589,77.40262966604722,OR,Hit From Side,4,2,Car,Truck,Bhopal
2889,2023-12-24,Sunday,Nandankanan,Odisha,"20.39487742428512, 85.82660023356782",20.39487742428512,85.82660023356782,OR,Head On Collision ,2,2,Two Wheeler,Two Wheeler,Nil
2890,2023-12-26,Tuesday,Haibatpur,Uttar Pradesh,"28.606952912777246, 77.42571121554528",28.606952912777246,77.42571121554528,NH,Hit From Back,1,14,Car,Bus,Ghaziabad
2891,2023-12-27,Wednesday,Guna  ,Madhya Pradesh,"24.625538118158303, 77.30528683329011",24.625538118158303,77.30528683329011,SH,Others,13,17,Bus,Truck,Nil
2892,2023-12-26,Tuesday,GandhiNagar Police Station,Madhya Pradesh,"22.751534888754843, 75.77348589956134",22.751534888754843,75.77348589956134,NH,Others,1,1,Two Wheeler,Car,Indore
2893,2023-12-27,Wednesday,Kalain,Assam,"24.9678475066396, 92.57274823712021",24.9678475066396,92.57274823712021,OR,Hit and Run,1,1,Pedestrian,Truck,Nil
2894,2023-12-27,Wednesday,Soharamau,Uttar Pradesh,"26.64193999000136, 80.76298891448043",26.64193999000136,80.76298891448043,OR,With Parked Vehicle,2,0,Two Wheeler,Truck,Nil
2895,2023-12-27,Wednesday,Morena,Madhya Pradesh,"26.490620091970335, 77.98564550111799",26.490620091970335,77.98564550111799,NH,Others,3,3,Two Wheeler,Two Wheeler,Nil
2896,2023-12-27,Wednesday,Marol,Maharashtra,"19.112878080392857, 72.88285472958465",19.112878080392857,72.88285472958465,OR,Head On Collision ,1,0,Two Wheeler,Bus,Mumbai
2897,2023-12-29,Friday,BC road,Karnataka,"12.878834046375115, 75.01895629509852",12.878834046375115,75.01895629509852,OR,Hit From Back,1,1,Two Wheeler,Truck,Nil
2898,2023-12-30,Saturday,Thirumayam,Tamil Nadu,"10.240699823836232, 78.75082889687518",10.240699823836232,78.75082889687518,SH,With Parked Vehicle,5,19,Car,Truck,Nil
